[08set.2026 23:14:40.310] [main/INFO] [cpw.mods.modlauncher.Launcher/MODLAUNCHER]: ModLauncher running: args [--launchTarget, forgeclientdev, --version, 21.1.235, --assetIndex, 17, --assetsDir, C:\\Users\\Vinicius\\.gradle\\caches\\neoformruntime\\assets, --gameDir, ., --fml.fmlVersion, 4.0.42, --fml.mcVersion, 1.21.1, --fml.neoForgeVersion, 21.1.235, --fml.neoFormVersion, 20240808.144430]
[08set.2026 23:14:40.313] [main/INFO] [cpw.mods.modlauncher.Launcher/MODLAUNCHER]: JVM identified as Oracle Corporation Java HotSpot(TM) 64-Bit Server VM 21.0.10+8-LTS-217
[08set.2026 23:14:40.315] [main/INFO] [cpw.mods.modlauncher.Launcher/MODLAUNCHER]: ModLauncher 11.0.5+main.901c6ea8 starting: java version 21.0.10 by Oracle Corporation; OS Windows 11 arch amd64 version 10.0
[08set.2026 23:14:40.342] [main/DEBUG] [cpw.mods.modlauncher.LaunchServiceHandler/MODLAUNCHER]: Found launch services [minecraft,forgeclient,forgedatauserdev,testharness,forgeserverdev,forgeserveruserdev,forgejunitdev,forgeclientdev,forgeclientuserdev,forgeserver,forgejunituserdev,forgedatadev]
[08set.2026 23:14:40.362] [main/DEBUG] [cpw.mods.modlauncher.LaunchPluginHandler/MODLAUNCHER]: Found launch plugins: [mixin,slf4jfixer,runtime_enum_extender,accesstransformer,runtimedistcleaner]
[08set.2026 23:14:40.372] [main/DEBUG] [cpw.mods.modlauncher.TransformationServicesHandler/MODLAUNCHER]: Discovering transformation services
[08set.2026 23:14:40.377] [main/DEBUG] [net.neoforged.fml.loading.FMLPaths/CORE]: Path GAMEDIR is C:\Users\Vinicius\Desktop\ObsidianWakeAddon\run
[08set.2026 23:14:40.377] [main/DEBUG] [net.neoforged.fml.loading.FMLPaths/CORE]: Path MODSDIR is C:\Users\Vinicius\Desktop\ObsidianWakeAddon\run\mods
[08set.2026 23:14:40.377] [main/DEBUG] [net.neoforged.fml.loading.FMLPaths/CORE]: Path CONFIGDIR is C:\Users\Vinicius\Desktop\ObsidianWakeAddon\run\config
[08set.2026 23:14:40.377] [main/DEBUG] [net.neoforged.fml.loading.FMLPaths/CORE]: Path FMLCONFIG is C:\Users\Vinicius\Desktop\ObsidianWakeAddon\run\config\fml.toml
[08set.2026 23:14:40.417] [main/DEBUG] [net.neoforged.fml.loading.targets.CommonLaunchHandler/CORE]: Got mod coordinates elementalsmorebendings%%C:\Users\Vinicius\Desktop\ObsidianWakeAddon\build\classes\java\main;elementalsmorebendings%%C:\Users\Vinicius\Desktop\ObsidianWakeAddon\build\resources\main from env
[08set.2026 23:14:40.420] [main/DEBUG] [net.neoforged.fml.loading.targets.CommonLaunchHandler/CORE]: Found supplied mod coordinates [{elementalsmorebendings=[C:\Users\Vinicius\Desktop\ObsidianWakeAddon\build\classes\java\main, C:\Users\Vinicius\Desktop\ObsidianWakeAddon\build\resources\main]}]
[08set.2026 23:14:40.424] [main/DEBUG] [cpw.mods.modlauncher.TransformationServicesHandler/MODLAUNCHER]: Found additional transformation services from discovery services: 
[08set.2026 23:14:40.437] [main/INFO] [net.neoforged.fml.loading.ImmediateWindowHandler/]: Loading ImmediateWindowProvider fmlearlywindow
[08set.2026 23:14:40.555] [main/INFO] [EARLYDISPLAY/]: Trying GL version 4.6
[08set.2026 23:14:40.629] [main/INFO] [EARLYDISPLAY/]: Requested GL version 4.6 got version 4.6
[08set.2026 23:14:40.692] [main/DEBUG] [cpw.mods.modlauncher.TransformationServicesHandler/MODLAUNCHER]: Found transformer services : [mixin,fml]
[08set.2026 23:14:40.692] [main/DEBUG] [cpw.mods.modlauncher.TransformationServicesHandler/MODLAUNCHER]: Transformation services loading
[08set.2026 23:14:40.693] [main/DEBUG] [cpw.mods.modlauncher.TransformationServiceDecorator/MODLAUNCHER]: Loading service mixin
[08set.2026 23:14:40.693] [main/DEBUG] [cpw.mods.modlauncher.TransformationServiceDecorator/MODLAUNCHER]: Loaded service mixin
[08set.2026 23:14:40.693] [main/DEBUG] [cpw.mods.modlauncher.TransformationServiceDecorator/MODLAUNCHER]: Loading service fml
[08set.2026 23:14:40.694] [main/DEBUG] [net.neoforged.fml.loading.FMLLoader/CORE]: FML 4.0.42 loading
[08set.2026 23:14:40.695] [main/DEBUG] [net.neoforged.fml.loading.FMLLoader/CORE]: FML found ModLauncher version : 11.0.5+main.901c6ea8
[08set.2026 23:14:40.696] [main/DEBUG] [net.neoforged.fml.loading.FMLLoader/CORE]: FML found AccessTransformer version : 10.0.1+139da711
[08set.2026 23:14:40.697] [main/DEBUG] [net.neoforged.fml.loading.FMLLoader/CORE]: FML found EventBus version : null
[08set.2026 23:14:40.697] [main/DEBUG] [net.neoforged.fml.loading.FMLLoader/CORE]: Found Runtime Dist Cleaner
[08set.2026 23:14:40.698] [main/DEBUG] [cpw.mods.modlauncher.TransformationServiceDecorator/MODLAUNCHER]: Loaded service fml
[08set.2026 23:14:40.699] [main/DEBUG] [cpw.mods.modlauncher.TransformationServicesHandler/MODLAUNCHER]: Configuring option handling for services
[08set.2026 23:14:40.724] [main/DEBUG] [net.neoforged.fml.loading.FMLServiceProvider/CORE]: Received command line version data  : VersionInfo[neoForgeVersion=21.1.235, fmlVersion=4.0.42, mcVersion=1.21.1, neoFormVersion=20240808.144430]
[08set.2026 23:14:40.725] [main/DEBUG] [cpw.mods.modlauncher.TransformationServicesHandler/MODLAUNCHER]: Transformation services initializing
[08set.2026 23:14:40.726] [main/DEBUG] [cpw.mods.modlauncher.TransformationServiceDecorator/MODLAUNCHER]: Initializing transformation service mixin
[08set.2026 23:14:40.743] [main/DEBUG] [mixin/]: MixinService [ModLauncher] was successfully booted in cpw.mods.cl.ModuleClassLoader@78ac1102
[08set.2026 23:14:40.762] [main/INFO] [mixin/]: SpongePowered MIXIN Subsystem Version=0.8.7 Source=union:/C:/Users/Vinicius/.gradle/caches/modules-2/files-2.1/net.fabricmc/sponge-mixin/0.15.2+mixin.0.8.7/2af2f021d8e02a0220dc27a7a72b4666d66d44ca/sponge-mixin-0.15.2+mixin.0.8.7.jar%23138!/ Service=ModLauncher Env=CLIENT
[08set.2026 23:14:40.769] [main/DEBUG] [mixin/]: Initialising Mixin Platform Manager
[08set.2026 23:14:40.769] [main/DEBUG] [mixin/]: Adding mixin platform agents for container ModLauncher Root Container(ModLauncher:4f56a0a2)
[08set.2026 23:14:40.771] [main/DEBUG] [mixin/]: Instancing new MixinPlatformAgentMinecraftForge for ModLauncher Root Container(ModLauncher:4f56a0a2)
[08set.2026 23:14:40.771] [main/DEBUG] [mixin/]: MixinPlatformAgentMinecraftForge rejected container ModLauncher Root Container(ModLauncher:4f56a0a2)
[08set.2026 23:14:40.772] [main/DEBUG] [mixin/]: Instancing new MixinPlatformAgentDefault for ModLauncher Root Container(ModLauncher:4f56a0a2)
[08set.2026 23:14:40.773] [main/DEBUG] [mixin/]: MixinPlatformAgentDefault accepted container ModLauncher Root Container(ModLauncher:4f56a0a2)
[08set.2026 23:14:40.776] [main/DEBUG] [cpw.mods.modlauncher.TransformationServiceDecorator/MODLAUNCHER]: Initialized transformation service mixin
[08set.2026 23:14:40.777] [main/DEBUG] [cpw.mods.modlauncher.TransformationServiceDecorator/MODLAUNCHER]: Initializing transformation service fml
[08set.2026 23:14:40.777] [main/DEBUG] [net.neoforged.fml.loading.FMLServiceProvider/CORE]: Setting up basic FML game directories
[08set.2026 23:14:40.778] [main/DEBUG] [net.neoforged.fml.loading.FMLPaths/CORE]: Path GAMEDIR is C:\Users\Vinicius\Desktop\ObsidianWakeAddon\run
[08set.2026 23:14:40.779] [main/DEBUG] [net.neoforged.fml.loading.FMLPaths/CORE]: Path MODSDIR is C:\Users\Vinicius\Desktop\ObsidianWakeAddon\run\mods
[08set.2026 23:14:40.779] [main/DEBUG] [net.neoforged.fml.loading.FMLPaths/CORE]: Path CONFIGDIR is C:\Users\Vinicius\Desktop\ObsidianWakeAddon\run\config
[08set.2026 23:14:40.779] [main/DEBUG] [net.neoforged.fml.loading.FMLPaths/CORE]: Path FMLCONFIG is C:\Users\Vinicius\Desktop\ObsidianWakeAddon\run\config\fml.toml
[08set.2026 23:14:40.779] [main/DEBUG] [net.neoforged.fml.loading.FMLServiceProvider/CORE]: Loading configuration
[08set.2026 23:14:40.786] [main/DEBUG] [net.neoforged.fml.loading.FMLServiceProvider/CORE]: Preparing launch handler
[08set.2026 23:14:40.787] [main/DEBUG] [net.neoforged.fml.loading.FMLLoader/CORE]: Using forgeclientdev as launch service
[08set.2026 23:14:40.790] [main/DEBUG] [cpw.mods.modlauncher.TransformationServiceDecorator/MODLAUNCHER]: Initialized transformation service fml
[08set.2026 23:14:40.790] [main/DEBUG] [cpw.mods.modlauncher.TransformationServicesHandler/MODLAUNCHER]: Transformation services begin scanning
[08set.2026 23:14:40.791] [main/DEBUG] [cpw.mods.modlauncher.TransformationServiceDecorator/MODLAUNCHER]: Beginning scan trigger - transformation service mixin
[08set.2026 23:14:40.791] [main/DEBUG] [cpw.mods.modlauncher.TransformationServiceDecorator/MODLAUNCHER]: End scan trigger - transformation service mixin
[08set.2026 23:14:40.792] [main/DEBUG] [cpw.mods.modlauncher.TransformationServiceDecorator/MODLAUNCHER]: Beginning scan trigger - transformation service fml
[08set.2026 23:14:40.792] [main/DEBUG] [net.neoforged.fml.loading.FMLServiceProvider/CORE]: Initiating mod scan
[08set.2026 23:14:40.792] [main/DEBUG] [net.neoforged.fml.loading.targets.CommonLaunchHandler/CORE]: Got mod coordinates elementalsmorebendings%%C:\Users\Vinicius\Desktop\ObsidianWakeAddon\build\classes\java\main;elementalsmorebendings%%C:\Users\Vinicius\Desktop\ObsidianWakeAddon\build\resources\main from env
[08set.2026 23:14:40.793] [main/DEBUG] [net.neoforged.fml.loading.targets.CommonLaunchHandler/CORE]: Found supplied mod coordinates [{elementalsmorebendings=[C:\Users\Vinicius\Desktop\ObsidianWakeAddon\build\classes\java\main, C:\Users\Vinicius\Desktop\ObsidianWakeAddon\build\resources\main]}]
[08set.2026 23:14:40.796] [main/DEBUG] [net.neoforged.fml.loading.targets.CommonDevLaunchHandler/]: Launching with NeoForge from C:\Users\Vinicius\Desktop\ObsidianWakeAddon\build\moddev\artifacts\neoforge-21.1.235.jar
[08set.2026 23:14:40.818] [main/DEBUG] [net.neoforged.fml.util.ServiceLoaderUtil/CORE]: Found 4 implementations of IModFileCandidateLocator:
[08set.2026 23:14:40.820] [main/DEBUG] [net.neoforged.fml.util.ServiceLoaderUtil/CORE]: 	       0 - [built-in] net.neoforged.fml.loading.moddiscovery.locators.NeoForgeDevProvider from loader-4.0.42.jar
[08set.2026 23:14:40.821] [main/DEBUG] [net.neoforged.fml.util.ServiceLoaderUtil/CORE]: 	       0 - net.neoforged.fml.loading.moddiscovery.locators.ModsFolderLocator from loader-4.0.42.jar
[08set.2026 23:14:40.822] [main/DEBUG] [net.neoforged.fml.util.ServiceLoaderUtil/CORE]: 	       0 - net.neoforged.fml.loading.moddiscovery.locators.MavenDirectoryLocator from loader-4.0.42.jar
[08set.2026 23:14:40.822] [main/DEBUG] [net.neoforged.fml.util.ServiceLoaderUtil/CORE]: 	   -1000 - [built-in] net.neoforged.fml.loading.moddiscovery.locators.UserdevLocator from loader-4.0.42.jar
[08set.2026 23:14:40.825] [main/DEBUG] [net.neoforged.fml.util.ServiceLoaderUtil/CORE]: Found 2 implementations of IModFileReader:
[08set.2026 23:14:40.825] [main/DEBUG] [net.neoforged.fml.util.ServiceLoaderUtil/CORE]: 	       0 - net.neoforged.fml.loading.moddiscovery.readers.JarModsDotTomlModFileReader from loader-4.0.42.jar
[08set.2026 23:14:40.826] [main/DEBUG] [net.neoforged.fml.util.ServiceLoaderUtil/CORE]: 	   -1000 - net.neoforged.fml.loading.moddiscovery.readers.NestedLibraryModReader from loader-4.0.42.jar
[08set.2026 23:14:40.831] [main/DEBUG] [net.neoforged.fml.util.ServiceLoaderUtil/CORE]: Found 1 implementations of IDependencyLocator:
[08set.2026 23:14:40.832] [main/DEBUG] [net.neoforged.fml.util.ServiceLoaderUtil/CORE]: 	       0 - net.neoforged.fml.loading.moddiscovery.locators.JarInJarDependencyLocator from loader-4.0.42.jar
[08set.2026 23:14:40.933] [main/DEBUG] [net.neoforged.fml.loading.moddiscovery.ModFileInfo/LOADING]: Found valid mod file neoforge-21.1.235.jar with {minecraft} mods - versions {1.21.1}
[08set.2026 23:14:40.943] [main/DEBUG] [net.neoforged.fml.loading.moddiscovery.ModFileParser/LOADING]: Considering mod file candidate C:\Users\Vinicius\Desktop\ObsidianWakeAddon\build\moddev\artifacts\neoforge-21.1.235.jar
[08set.2026 23:14:40.964] [main/DEBUG] [net.neoforged.fml.loading.moddiscovery.ModFileInfo/LOADING]: Found valid mod file neoforge-21.1.235.jar with {neoforge} mods - versions {21.1.235}
[08set.2026 23:14:40.972] [main/DEBUG] [net.neoforged.fml.loading.moddiscovery.ModListHandler/CORE]: Found mod coordinates from lists: []
[08set.2026 23:14:40.973] [pool-2-thread-1/INFO] [EARLYDISPLAY/]: GL info: AMD Radeon(TM) Graphics GL version 4.6.0 Core Profile Context 26.5.2.260413, ATI Technologies Inc.
[08set.2026 23:14:40.977] [main/DEBUG] [net.neoforged.fml.loading.moddiscovery.ModFileParser/LOADING]: Considering mod file candidate C:\Users\Vinicius\Desktop\ObsidianWakeAddon\build\classes\java\main
[08set.2026 23:14:40.988] [main/DEBUG] [net.neoforged.fml.loading.moddiscovery.ModFileInfo/LOADING]: Found valid mod file main with {elementalsmorebendings} mods - versions {1.0.0}
[08set.2026 23:14:40.997] [main/DEBUG] [net.neoforged.fml.loading.moddiscovery.ModFileParser/LOADING]: Considering mod file candidate C:\Users\Vinicius\Desktop\ObsidianWakeAddon\libs\common-networking-neoforge-1.0.21-1.21.1.jar
[08set.2026 23:14:41.011] [main/DEBUG] [net.neoforged.fml.loading.moddiscovery.ModFileInfo/LOADING]: Found valid mod file common-networking-neoforge-1.0.21-1.21.1.jar with {commonnetworking} mods - versions {1.0.21-1.21.1}
[08set.2026 23:14:41.016] [main/DEBUG] [net.neoforged.fml.loading.moddiscovery.ModFileParser/LOADING]: Considering mod file candidate C:\Users\Vinicius\Desktop\ObsidianWakeAddon\libs\elementals-neoforge-1.21.1-5.0.0.jar
[08set.2026 23:14:41.020] [main/DEBUG] [net.neoforged.fml.loading.moddiscovery.ModFileInfo/LOADING]: Found valid mod file elementals-neoforge-1.21.1-5.0.0.jar with {elementals} mods - versions {5.0.0}
[08set.2026 23:14:41.025] [main/DEBUG] [net.neoforged.fml.loading.moddiscovery.ModFileParser/LOADING]: Considering mod file candidate C:\Users\Vinicius\Desktop\ObsidianWakeAddon\libs\forgified-fabric-api-0.116.7+2.2.4+1.21.1.jar
[08set.2026 23:14:41.029] [main/DEBUG] [net.neoforged.fml.loading.moddiscovery.ModFileInfo/LOADING]: Found valid mod file forgified-fabric-api-0.116.7+2.2.4+1.21.1.jar with {fabric_api,forgified_fabric_api} mods - versions {0.116.7+2.2.4+1.21.1,0.116.7+2.2.4+1.21.1}
[08set.2026 23:14:41.034] [main/DEBUG] [net.neoforged.fml.loading.moddiscovery.ModFileParser/LOADING]: Considering mod file candidate C:\Users\Vinicius\Desktop\ObsidianWakeAddon\libs\geckolib-neoforge-1.21.1-4.8.4.jar
[08set.2026 23:14:41.038] [main/DEBUG] [net.neoforged.fml.loading.moddiscovery.ModFileInfo/LOADING]: Found valid mod file geckolib-neoforge-1.21.1-4.8.4.jar with {geckolib} mods - versions {4.8.4}
[08set.2026 23:14:41.042] [main/DEBUG] [net.neoforged.fml.loading.moddiscovery.ModFileParser/LOADING]: Considering mod file candidate C:\Users\Vinicius\Desktop\ObsidianWakeAddon\libs\lodestone-1.21.1-1.8.2.jar
[08set.2026 23:14:41.045] [main/DEBUG] [net.neoforged.fml.loading.moddiscovery.ModFileInfo/LOADING]: Found valid mod file lodestone-1.21.1-1.8.2.jar with {lodestone} mods - versions {1.8.2}
[08set.2026 23:14:41.058] [main/DEBUG] [net.neoforged.fml.loading.moddiscovery.ModFileParser/LOADING]: Considering mod file candidate C:\Users\Vinicius\Desktop\ObsidianWakeAddon\build\moddev\artifacts\neoforge-21.1.235.jar
[08set.2026 23:14:41.065] [main/DEBUG] [net.neoforged.fml.loading.moddiscovery.ModFileInfo/LOADING]: Found valid mod file neoforge-21.1.235.jar with {neoforge} mods - versions {21.1.235}
[08set.2026 23:14:41.105] [main/DEBUG] [net.neoforged.fml.loading.moddiscovery.ModDiscoverer/]: Skipping C:\Users\Vinicius\.gradle\caches\modules-2\files-2.1\net.neoforged.fancymodloader\earlydisplay\4.0.42\46555dbfff14e9e052f1f693aed14d542a74e111\earlydisplay-4.0.42.jar because it was already located earlier
[08set.2026 23:14:41.106] [main/DEBUG] [net.neoforged.fml.loading.moddiscovery.ModDiscoverer/]: Skipping C:\Users\Vinicius\.gradle\caches\modules-2\files-2.1\net.neoforged.fancymodloader\loader\4.0.42\76e15f98bf676fb44b36c5e776f52a55581ec43a\loader-4.0.42.jar because it was already located earlier
[08set.2026 23:14:41.107] [main/DEBUG] [net.neoforged.fml.loading.moddiscovery.ModDiscoverer/]: Skipping C:\Users\Vinicius\.gradle\caches\modules-2\files-2.1\net.neoforged.accesstransformers\at-modlauncher\10.0.1\5aba50202aceead086bc09fbc2751c9f05cb4890\at-modlauncher-10.0.1.jar because it was already located earlier
[08set.2026 23:14:41.107] [main/DEBUG] [net.neoforged.fml.loading.moddiscovery.ModDiscoverer/]: Skipping C:\Users\Vinicius\.gradle\caches\modules-2\files-2.1\net.neoforged\accesstransformers\10.0.1\fd83b5725f76eae9115e9355fa1c456a6a441400\accesstransformers-10.0.1.jar because it was already located earlier
[08set.2026 23:14:41.108] [main/DEBUG] [net.neoforged.fml.loading.moddiscovery.ModDiscoverer/]: Skipping C:\Users\Vinicius\.gradle\caches\modules-2\files-2.1\net.neoforged\bus\8.0.5\5b2d33285ab5d1554e9798ad98c40d6ea3868bd5\bus-8.0.5.jar because it was already located earlier
[08set.2026 23:14:41.108] [main/DEBUG] [net.neoforged.fml.loading.moddiscovery.ModDiscoverer/]: Skipping C:\Users\Vinicius\.gradle\caches\modules-2\files-2.1\net.neoforged\coremods\7.0.3\9147e6f638b4272b3bd5fc8f92ad37802512c6c\coremods-7.0.3.jar because it was already located earlier
[08set.2026 23:14:41.108] [main/DEBUG] [net.neoforged.fml.loading.moddiscovery.ModDiscoverer/]: Skipping C:\Users\Vinicius\.gradle\caches\modules-2\files-2.1\cpw.mods\modlauncher\11.0.5\b8f0d49294f733fdb6173931b263553e943dc950\modlauncher-11.0.5.jar because it was already located earlier
[08set.2026 23:14:41.109] [main/DEBUG] [net.neoforged.fml.loading.moddiscovery.ModDiscoverer/]: Skipping C:\Users\Vinicius\.gradle\caches\modules-2\files-2.1\net.neoforged\mergetool\2.0.0\52fe1949be64e3303aabaaa21e315f551db9c9f4\mergetool-2.0.0-api.jar because it was already located earlier
[08set.2026 23:14:41.109] [main/DEBUG] [net.neoforged.fml.loading.moddiscovery.ModDiscoverer/]: Skipping C:\Users\Vinicius\.gradle\caches\modules-2\files-2.1\com.electronwill.night-config\toml\3.8.3\90b2fd6efcb4a7d5b9810cf78f9d824994d717f2\toml-3.8.3.jar because it was already located earlier
[08set.2026 23:14:41.109] [main/DEBUG] [net.neoforged.fml.loading.moddiscovery.ModDiscoverer/]: Skipping C:\Users\Vinicius\.gradle\caches\modules-2\files-2.1\com.electronwill.night-config\core\3.8.3\b442a95f09e349927f5a945ecb594455870fcf4f\core-3.8.3.jar because it was already located earlier
[08set.2026 23:14:41.109] [main/DEBUG] [net.neoforged.fml.loading.moddiscovery.ModDiscoverer/]: Skipping C:\Users\Vinicius\.gradle\caches\modules-2\files-2.1\net.neoforged\JarJarSelector\0.4.1\fb3cc7a58af22ad2880adb98af6d518128c47dae\JarJarSelector-0.4.1.jar because it was already located earlier
[08set.2026 23:14:41.109] [main/DEBUG] [net.neoforged.fml.loading.moddiscovery.ModDiscoverer/]: Skipping C:\Users\Vinicius\.gradle\caches\modules-2\files-2.1\net.neoforged\JarJarMetadata\0.4.1\f8da03683dc81694556dc3e177c5e3bb77ae6fcb\JarJarMetadata-0.4.1.jar because it was already located earlier
[08set.2026 23:14:41.110] [main/DEBUG] [net.neoforged.fml.loading.moddiscovery.ModDiscoverer/]: Skipping C:\Users\Vinicius\.gradle\caches\modules-2\files-2.1\org.apache.maven\maven-artifact\3.8.5\4433f50c07debefaed0553bd0068f4f48d449313\maven-artifact-3.8.5.jar because it was already located earlier
[08set.2026 23:14:41.110] [main/DEBUG] [net.neoforged.fml.loading.moddiscovery.ModDiscoverer/]: Skipping C:\Users\Vinicius\.gradle\caches\modules-2\files-2.1\net.jodah\typetools\0.6.3\a01aaa6ddaea9ec07ec4f209487b7a46a526283a\typetools-0.6.3.jar because it was already located earlier
[08set.2026 23:14:41.110] [main/DEBUG] [net.neoforged.fml.loading.moddiscovery.ModDiscoverer/]: Skipping C:\Users\Vinicius\.gradle\caches\modules-2\files-2.1\net.minecrell\terminalconsoleappender\1.3.0\b562e9bb61235c9520e26282cdee71f8f802d1fc\terminalconsoleappender-1.3.0.jar because it was already located earlier
[08set.2026 23:14:41.110] [main/DEBUG] [net.neoforged.fml.loading.moddiscovery.ModDiscoverer/]: Skipping C:\Users\Vinicius\.gradle\caches\modules-2\files-2.1\net.fabricmc\sponge-mixin\0.15.2+mixin.0.8.7\2af2f021d8e02a0220dc27a7a72b4666d66d44ca\sponge-mixin-0.15.2+mixin.0.8.7.jar because it was already located earlier
[08set.2026 23:14:41.110] [main/DEBUG] [net.neoforged.fml.loading.moddiscovery.ModDiscoverer/]: Skipping C:\Users\Vinicius\.gradle\caches\modules-2\files-2.1\org.openjdk.nashorn\nashorn-core\15.4\f67f5ffaa5f5130cf6fb9b133da00c7df3b532a5\nashorn-core-15.4.jar because it was already located earlier
[08set.2026 23:14:41.110] [main/DEBUG] [net.neoforged.fml.loading.moddiscovery.ModDiscoverer/]: Skipping C:\Users\Vinicius\.gradle\caches\modules-2\files-2.1\org.apache.commons\commons-lang3\3.14.0\1ed471194b02f2c6cb734a0cd6f6f107c673afae\commons-lang3-3.14.0.jar because it was already located earlier
[08set.2026 23:14:41.111] [main/DEBUG] [net.neoforged.fml.loading.moddiscovery.ModDiscoverer/]: Skipping C:\Users\Vinicius\.gradle\caches\modules-2\files-2.1\net.sf.jopt-simple\jopt-simple\5.0.4\4fdac2fbe92dfad86aa6e9301736f6b4342a3f5c\jopt-simple-5.0.4.jar because it was already located earlier
[08set.2026 23:14:41.111] [main/DEBUG] [net.neoforged.fml.loading.moddiscovery.ModDiscoverer/]: Skipping C:\Users\Vinicius\.gradle\caches\modules-2\files-2.1\commons-io\commons-io\2.15.1\f11560da189ab563a5c8e351941415430e9304ea\commons-io-2.15.1.jar because it was already located earlier
[08set.2026 23:14:41.111] [main/DEBUG] [net.neoforged.fml.loading.moddiscovery.ModDiscoverer/]: Skipping C:\Users\Vinicius\.gradle\caches\modules-2\files-2.1\com.mojang\logging\1.2.7\24cb95ffb0e3433fd6e844c04e68009e504ca1c0\logging-1.2.7.jar because it was already located earlier
[08set.2026 23:14:41.112] [main/DEBUG] [net.neoforged.fml.loading.moddiscovery.ModDiscoverer/]: Skipping C:\Users\Vinicius\.gradle\caches\modules-2\files-2.1\org.apache.logging.log4j\log4j-slf4j2-impl\2.22.1\d7e6693c2606cb7e7335047d7bb96dec52db5665\log4j-slf4j2-impl-2.22.1.jar because it was already located earlier
[08set.2026 23:14:41.112] [main/DEBUG] [net.neoforged.fml.loading.moddiscovery.ModDiscoverer/]: Skipping C:\Users\Vinicius\.gradle\caches\modules-2\files-2.1\org.apache.logging.log4j\log4j-core\2.22.1\7183a25510a02ad00cc6a95d3b3d2a7d3c5a8dc4\log4j-core-2.22.1.jar because it was already located earlier
[08set.2026 23:14:41.113] [main/DEBUG] [net.neoforged.fml.loading.moddiscovery.ModDiscoverer/]: Skipping C:\Users\Vinicius\.gradle\caches\modules-2\files-2.1\org.apache.logging.log4j\log4j-api\2.22.1\bea6fede6328fabafd7e68363161a7ea6605abd1\log4j-api-2.22.1.jar because it was already located earlier
[08set.2026 23:14:41.113] [main/DEBUG] [net.neoforged.fml.loading.moddiscovery.ModDiscoverer/]: Skipping C:\Users\Vinicius\.gradle\caches\modules-2\files-2.1\com.google.guava\guava\32.1.2-jre\5e64ec7e056456bef3a4bc4c6fdaef71e8ab6318\guava-32.1.2-jre.jar because it was already located earlier
[08set.2026 23:14:41.114] [main/DEBUG] [net.neoforged.fml.loading.moddiscovery.ModDiscoverer/]: Skipping C:\Users\Vinicius\.gradle\caches\modules-2\files-2.1\com.google.code.gson\gson\2.10.1\b3add478d4382b78ea20b1671390a858002feb6c\gson-2.10.1.jar because it was already located earlier
[08set.2026 23:14:41.115] [main/DEBUG] [net.neoforged.fml.loading.moddiscovery.ModDiscoverer/]: Skipping C:\Users\Vinicius\.gradle\caches\modules-2\files-2.1\org.slf4j\slf4j-api\2.0.9\7cf2726fdcfbc8610f9a71fb3ed639871f315340\slf4j-api-2.0.9.jar because it was already located earlier
[08set.2026 23:14:41.116] [main/DEBUG] [net.neoforged.fml.loading.moddiscovery.ModDiscoverer/]: Skipping C:\Users\Vinicius\.gradle\caches\modules-2\files-2.1\org.antlr\antlr4-runtime\4.13.1\17125bae1d965624e265ef49552f6465a2bfa307\antlr4-runtime-4.13.1.jar because it was already located earlier
[08set.2026 23:14:41.117] [main/DEBUG] [net.neoforged.fml.loading.moddiscovery.ModDiscoverer/]: Skipping C:\Users\Vinicius\.gradle\caches\modules-2\files-2.1\net.minecraftforge\srgutils\0.4.15\ca408b131759478f164e010fae0d73997e125fb5\srgutils-0.4.15.jar because it was already located earlier
[08set.2026 23:14:41.118] [main/DEBUG] [net.neoforged.fml.loading.moddiscovery.ModDiscoverer/]: Skipping C:\Users\Vinicius\.gradle\caches\modules-2\files-2.1\org.codehaus.plexus\plexus-utils\3.3.0\cf43b5391de623b36fe066a21127baef82c64022\plexus-utils-3.3.0.jar because it was already located earlier
[08set.2026 23:14:41.118] [main/DEBUG] [net.neoforged.fml.loading.moddiscovery.ModDiscoverer/]: Skipping C:\Users\Vinicius\.gradle\caches\modules-2\files-2.1\org.jline\jline-reader\3.20.0\8f15415b022a25b473e8e16c28ae913186ffb9c4\jline-reader-3.20.0.jar because it was already located earlier
[08set.2026 23:14:41.118] [main/DEBUG] [net.neoforged.fml.loading.moddiscovery.ModDiscoverer/]: Skipping C:\Users\Vinicius\.gradle\caches\modules-2\files-2.1\com.machinezoo.noexception\noexception\1.7.1\b65330c98e38a1f915fa54a6e5eca496505e3f0a\noexception-1.7.1.jar because it was already located earlier
[08set.2026 23:14:41.118] [main/DEBUG] [net.neoforged.fml.loading.moddiscovery.ModDiscoverer/]: Skipping C:\Users\Vinicius\.gradle\caches\modules-2\files-2.1\com.github.oshi\oshi-core\6.4.10\b1d8ab82d11d92fd639b56d639f8f46f739dd5fa\oshi-core-6.4.10.jar because it was already located earlier
[08set.2026 23:14:41.119] [main/DEBUG] [net.neoforged.fml.loading.moddiscovery.ModDiscoverer/]: Skipping C:\Users\Vinicius\.gradle\caches\modules-2\files-2.1\com.google.guava\failureaccess\1.0.1\1dcf1de382a0bf95a3d8b0849546c88bac1292c9\failureaccess-1.0.1.jar because it was already located earlier
[08set.2026 23:14:41.119] [main/DEBUG] [net.neoforged.fml.loading.moddiscovery.ModDiscoverer/]: Skipping C:\Users\Vinicius\.gradle\caches\modules-2\files-2.1\com.ibm.icu\icu4j\73.2\61ad4ef7f9131fcf6d25c34b817f90d6da06c9e9\icu4j-73.2.jar because it was already located earlier
[08set.2026 23:14:41.119] [main/DEBUG] [net.neoforged.fml.loading.moddiscovery.ModDiscoverer/]: Skipping C:\Users\Vinicius\.gradle\caches\modules-2\files-2.1\com.mojang\authlib\6.0.54\de8bc95660e1b2fe8793fd427a7a10dcec5b3ea7\authlib-6.0.54.jar because it was already located earlier
[08set.2026 23:14:41.119] [main/DEBUG] [net.neoforged.fml.loading.moddiscovery.ModDiscoverer/]: Skipping C:\Users\Vinicius\.gradle\caches\modules-2\files-2.1\com.mojang\blocklist\1.0.10\5c685c5ffa94c4cd39496c7184c1d122e515ecef\blocklist-1.0.10.jar because it was already located earlier
[08set.2026 23:14:41.120] [main/DEBUG] [net.neoforged.fml.loading.moddiscovery.ModDiscoverer/]: Skipping C:\Users\Vinicius\.gradle\caches\modules-2\files-2.1\com.mojang\brigadier\1.3.10\d15b53a14cf20fdcaa98f731af5dda654452c010\brigadier-1.3.10.jar because it was already located earlier
[08set.2026 23:14:41.121] [main/DEBUG] [net.neoforged.fml.loading.moddiscovery.ModDiscoverer/]: Skipping C:\Users\Vinicius\.gradle\caches\modules-2\files-2.1\com.mojang\datafixerupper\8.0.16\67d4de6d7f95d89bcf5862995fb854ebaec02a34\datafixerupper-8.0.16.jar because it was already located earlier
[08set.2026 23:14:41.121] [main/DEBUG] [net.neoforged.fml.loading.moddiscovery.ModDiscoverer/]: Skipping C:\Users\Vinicius\.gradle\caches\modules-2\files-2.1\com.mojang\patchy\2.2.10\da05971b07cbb379d002cf7eaec6a2048211fefc\patchy-2.2.10.jar because it was already located earlier
[08set.2026 23:14:41.122] [main/DEBUG] [net.neoforged.fml.loading.moddiscovery.ModDiscoverer/]: Skipping C:\Users\Vinicius\.gradle\caches\modules-2\files-2.1\com.mojang\text2speech\1.17.9\3cad216e3a7f0c19b4b394388bc9ffc446f13b14\text2speech-1.17.9.jar because it was already located earlier
[08set.2026 23:14:41.122] [main/DEBUG] [net.neoforged.fml.loading.moddiscovery.ModDiscoverer/]: Skipping C:\Users\Vinicius\.gradle\caches\modules-2\files-2.1\commons-codec\commons-codec\1.16.0\4e3eb3d79888d76b54e28b350915b5dc3919c9de\commons-codec-1.16.0.jar because it was already located earlier
[08set.2026 23:14:41.122] [main/DEBUG] [net.neoforged.fml.loading.moddiscovery.ModDiscoverer/]: Skipping C:\Users\Vinicius\.gradle\caches\modules-2\files-2.1\commons-logging\commons-logging\1.2\4bfc12adfe4842bf07b657f0369c4cb522955686\commons-logging-1.2.jar because it was already located earlier
[08set.2026 23:14:41.123] [main/DEBUG] [net.neoforged.fml.loading.moddiscovery.ModDiscoverer/]: Skipping C:\Users\Vinicius\.gradle\caches\modules-2\files-2.1\io.netty\netty-buffer\4.1.97.Final\f8f3d8644afa5e6e1a40a3a6aeb9d9aa970ecb4f\netty-buffer-4.1.97.Final.jar because it was already located earlier
[08set.2026 23:14:41.123] [main/DEBUG] [net.neoforged.fml.loading.moddiscovery.ModDiscoverer/]: Skipping C:\Users\Vinicius\.gradle\caches\modules-2\files-2.1\io.netty\netty-codec\4.1.97.Final\384ba4d75670befbedb45c4d3b497a93639c206d\netty-codec-4.1.97.Final.jar because it was already located earlier
[08set.2026 23:14:41.123] [main/DEBUG] [net.neoforged.fml.loading.moddiscovery.ModDiscoverer/]: Skipping C:\Users\Vinicius\.gradle\caches\modules-2\files-2.1\io.netty\netty-common\4.1.97.Final\7cceacaf11df8dc63f23d0fb58e9d4640fc88404\netty-common-4.1.97.Final.jar because it was already located earlier
[08set.2026 23:14:41.123] [main/DEBUG] [net.neoforged.fml.loading.moddiscovery.ModDiscoverer/]: Skipping C:\Users\Vinicius\.gradle\caches\modules-2\files-2.1\io.netty\netty-handler\4.1.97.Final\abb86c6906bf512bf2b797a41cd7d2e8d3cd7c36\netty-handler-4.1.97.Final.jar because it was already located earlier
[08set.2026 23:14:41.123] [main/DEBUG] [net.neoforged.fml.loading.moddiscovery.ModDiscoverer/]: Skipping C:\Users\Vinicius\.gradle\caches\modules-2\files-2.1\io.netty\netty-resolver\4.1.97.Final\cec8348108dc76c47cf87c669d514be52c922144\netty-resolver-4.1.97.Final.jar because it was already located earlier
[08set.2026 23:14:41.123] [main/DEBUG] [net.neoforged.fml.loading.moddiscovery.ModDiscoverer/]: Skipping C:\Users\Vinicius\.gradle\caches\modules-2\files-2.1\io.netty\netty-transport-classes-epoll\4.1.97.Final\795da37ded759e862457a82d9d92c4d39ce8ecee\netty-transport-classes-epoll-4.1.97.Final.jar because it was already located earlier
[08set.2026 23:14:41.123] [main/DEBUG] [net.neoforged.fml.loading.moddiscovery.ModDiscoverer/]: Skipping C:\Users\Vinicius\.gradle\caches\modules-2\files-2.1\io.netty\netty-transport-native-unix-common\4.1.97.Final\d469d84265ab70095b01b40886cabdd433b6e664\netty-transport-native-unix-common-4.1.97.Final.jar because it was already located earlier
[08set.2026 23:14:41.123] [main/DEBUG] [net.neoforged.fml.loading.moddiscovery.ModDiscoverer/]: Skipping C:\Users\Vinicius\.gradle\caches\modules-2\files-2.1\io.netty\netty-transport\4.1.97.Final\f37380d23c9bb079bc702910833b2fd532c9abd0\netty-transport-4.1.97.Final.jar because it was already located earlier
[08set.2026 23:14:41.124] [main/DEBUG] [net.neoforged.fml.loading.moddiscovery.ModDiscoverer/]: Skipping C:\Users\Vinicius\.gradle\caches\modules-2\files-2.1\it.unimi.dsi\fastutil\8.5.12\c24946d46824bd528054bface3231d2ecb7e95e8\fastutil-8.5.12.jar because it was already located earlier
[08set.2026 23:14:41.124] [main/DEBUG] [net.neoforged.fml.loading.moddiscovery.ModDiscoverer/]: Skipping C:\Users\Vinicius\.gradle\caches\modules-2\files-2.1\net.java.dev.jna\jna-platform\5.14.0\28934d48aed814f11e4c584da55c49fa7032b31b\jna-platform-5.14.0.jar because it was already located earlier
[08set.2026 23:14:41.124] [main/DEBUG] [net.neoforged.fml.loading.moddiscovery.ModDiscoverer/]: Skipping C:\Users\Vinicius\.gradle\caches\modules-2\files-2.1\net.java.dev.jna\jna\5.14.0\67bf3eaea4f0718cb376a181a629e5f88fa1c9dd\jna-5.14.0.jar because it was already located earlier
[08set.2026 23:14:41.124] [main/DEBUG] [net.neoforged.fml.loading.moddiscovery.ModDiscoverer/]: Skipping C:\Users\Vinicius\.gradle\caches\modules-2\files-2.1\org.apache.commons\commons-compress\1.26.0\659feffdd12280201c8aacb8f7be94f9a883c824\commons-compress-1.26.0.jar because it was already located earlier
[08set.2026 23:14:41.124] [main/DEBUG] [net.neoforged.fml.loading.moddiscovery.ModDiscoverer/]: Skipping C:\Users\Vinicius\.gradle\caches\modules-2\files-2.1\org.apache.httpcomponents\httpclient\4.5.13\e5f6cae5ca7ecaac1ec2827a9e2d65ae2869cada\httpclient-4.5.13.jar because it was already located earlier
[08set.2026 23:14:41.125] [main/DEBUG] [net.neoforged.fml.loading.moddiscovery.ModDiscoverer/]: Skipping C:\Users\Vinicius\.gradle\caches\modules-2\files-2.1\org.apache.httpcomponents\httpcore\4.4.16\51cf043c87253c9f58b539c9f7e44c8894223850\httpcore-4.4.16.jar because it was already located earlier
[08set.2026 23:14:41.125] [main/DEBUG] [net.neoforged.fml.loading.moddiscovery.ModDiscoverer/]: Skipping C:\Users\Vinicius\.gradle\caches\modules-2\files-2.1\org.jcraft\jorbis\0.0.17\8872d22b293e8f5d7d56ff92be966e6dc28ebdc6\jorbis-0.0.17.jar because it was already located earlier
[08set.2026 23:14:41.125] [main/DEBUG] [net.neoforged.fml.loading.moddiscovery.ModDiscoverer/]: Skipping C:\Users\Vinicius\.gradle\caches\modules-2\files-2.1\org.joml\joml\1.10.5\22566d58af70ad3d72308bab63b8339906deb649\joml-1.10.5.jar because it was already located earlier
[08set.2026 23:14:41.125] [main/DEBUG] [net.neoforged.fml.loading.moddiscovery.ModDiscoverer/]: Skipping C:\Users\Vinicius\.gradle\caches\modules-2\files-2.1\org.lwjgl\lwjgl-freetype\3.3.3\a0db6c84a8becc8ca05f9dbfa985edc348a824c7\lwjgl-freetype-3.3.3.jar because it was already located earlier
[08set.2026 23:14:41.135] [main/DEBUG] [net.neoforged.fml.loading.moddiscovery.ModDiscoverer/]: Skipping C:\Users\Vinicius\.gradle\caches\modules-2\files-2.1\org.lwjgl\lwjgl-freetype\3.3.3\15a8c1de7f51d07a92eae7ce1222557073a0c0c3\lwjgl-freetype-3.3.3-natives-windows-x86.jar because it was already located earlier
[08set.2026 23:14:41.135] [main/DEBUG] [net.neoforged.fml.loading.moddiscovery.ModDiscoverer/]: Skipping C:\Users\Vinicius\.gradle\caches\modules-2\files-2.1\org.lwjgl\lwjgl-glfw\3.3.3\efa1eb78c5ccd840e9f329717109b5e892d72f8e\lwjgl-glfw-3.3.3.jar because it was already located earlier
[08set.2026 23:14:41.145] [main/DEBUG] [net.neoforged.fml.loading.moddiscovery.ModDiscoverer/]: Skipping C:\Users\Vinicius\.gradle\caches\modules-2\files-2.1\org.lwjgl\lwjgl-glfw\3.3.3\32334f3fd5270a59bad9939a93115acb6de36dcf\lwjgl-glfw-3.3.3-natives-windows-x86.jar because it was already located earlier
[08set.2026 23:14:41.146] [main/DEBUG] [net.neoforged.fml.loading.moddiscovery.ModDiscoverer/]: Skipping C:\Users\Vinicius\.gradle\caches\modules-2\files-2.1\org.lwjgl\lwjgl-jemalloc\3.3.3\b543467b7ff3c6920539a88ee602d34098628be5\lwjgl-jemalloc-3.3.3.jar because it was already located earlier
[08set.2026 23:14:41.146] [main/DEBUG] [net.neoforged.fml.loading.moddiscovery.ModDiscoverer/]: Skipping C:\Users\Vinicius\.gradle\caches\modules-2\files-2.1\org.lwjgl\lwjgl-jemalloc\3.3.3\426222fc027602a5f21b9c0fe79cde6a4c7a011f\lwjgl-jemalloc-3.3.3-natives-windows.jar because it was already located earlier
[08set.2026 23:14:41.156] [main/DEBUG] [net.neoforged.fml.loading.moddiscovery.ModDiscoverer/]: Skipping C:\Users\Vinicius\.gradle\caches\modules-2\files-2.1\org.lwjgl\lwjgl-openal\3.3.3\daada81ceb5fc0c291fbfdd4433cb8d9423577f2\lwjgl-openal-3.3.3.jar because it was already located earlier
[08set.2026 23:14:41.166] [main/DEBUG] [net.neoforged.fml.loading.moddiscovery.ModDiscoverer/]: Skipping C:\Users\Vinicius\.gradle\caches\modules-2\files-2.1\org.lwjgl\lwjgl-openal\3.3.3\87b8d5050e3adb46bb58fe1cb2669a4a48fce10d\lwjgl-openal-3.3.3-natives-windows-x86.jar because it was already located earlier
[08set.2026 23:14:41.167] [main/DEBUG] [net.neoforged.fml.loading.moddiscovery.ModDiscoverer/]: Skipping C:\Users\Vinicius\.gradle\caches\modules-2\files-2.1\org.lwjgl\lwjgl-opengl\3.3.3\2f6b0147078396a58979125a4c947664e98293a\lwjgl-opengl-3.3.3.jar because it was already located earlier
[08set.2026 23:14:41.172] [main/DEBUG] [net.neoforged.fml.loading.moddiscovery.ModDiscoverer/]: Skipping C:\Users\Vinicius\.gradle\caches\modules-2\files-2.1\org.lwjgl\lwjgl-opengl\3.3.3\65e956d3735a1abdc82eff4baec1b61174697d4b\lwjgl-opengl-3.3.3-natives-windows-arm64.jar because it was already located earlier
[08set.2026 23:14:41.177] [main/DEBUG] [net.neoforged.fml.loading.moddiscovery.ModDiscoverer/]: Skipping C:\Users\Vinicius\.gradle\caches\modules-2\files-2.1\org.lwjgl\lwjgl-stb\3.3.3\25dd6161988d7e65f71d5065c99902402ee32746\lwjgl-stb-3.3.3.jar because it was already located earlier
[08set.2026 23:14:41.177] [main/DEBUG] [net.neoforged.fml.loading.moddiscovery.ModDiscoverer/]: Skipping C:\Users\Vinicius\.gradle\caches\modules-2\files-2.1\org.lwjgl\lwjgl-stb\3.3.3\1d9facdf6541de114b0f963be33505b7679c78cb\lwjgl-stb-3.3.3-natives-windows.jar because it was already located earlier
[08set.2026 23:14:41.188] [main/DEBUG] [net.neoforged.fml.loading.moddiscovery.ModDiscoverer/]: Skipping C:\Users\Vinicius\.gradle\caches\modules-2\files-2.1\org.lwjgl\lwjgl-tinyfd\3.3.3\82d755ca94b102e9ca77283b9e2dc46d1b15fbe5\lwjgl-tinyfd-3.3.3.jar because it was already located earlier
[08set.2026 23:14:41.188] [main/DEBUG] [net.neoforged.fml.loading.moddiscovery.ModDiscoverer/]: Skipping C:\Users\Vinicius\.gradle\caches\modules-2\files-2.1\org.lwjgl\lwjgl-tinyfd\3.3.3\a6697981b0449a5087c1d546fc08b4f73e8f98c9\lwjgl-tinyfd-3.3.3-natives-windows.jar because it was already located earlier
[08set.2026 23:14:41.198] [main/DEBUG] [net.neoforged.fml.loading.moddiscovery.ModDiscoverer/]: Skipping C:\Users\Vinicius\.gradle\caches\modules-2\files-2.1\org.lwjgl\lwjgl\3.3.3\29589b5f87ed335a6c7e7ee6a5775f81f97ecb84\lwjgl-3.3.3.jar because it was already located earlier
[08set.2026 23:14:41.209] [main/DEBUG] [net.neoforged.fml.loading.moddiscovery.ModDiscoverer/]: Skipping C:\Users\Vinicius\.gradle\caches\modules-2\files-2.1\org.lwjgl\lwjgl\3.3.3\9e670718e050aeaeea0c2d5b907cffb142f2e58f\lwjgl-3.3.3-natives-windows-x86.jar because it was already located earlier
[08set.2026 23:14:41.209] [main/DEBUG] [net.neoforged.fml.loading.moddiscovery.ModDiscoverer/]: Skipping C:\Users\Vinicius\.gradle\caches\modules-2\files-2.1\org.lz4\lz4-java\1.8.0\4b986a99445e49ea5fbf5d149c4b63f6ed6c6780\lz4-java-1.8.0.jar because it was already located earlier
[08set.2026 23:14:41.209] [main/DEBUG] [net.neoforged.fml.loading.moddiscovery.ModDiscoverer/]: Skipping C:\Users\Vinicius\.gradle\caches\modules-2\files-2.1\org.jline\jline-terminal\3.20.0\d0ddcc708ddf527a3454c941b7b9225cc83a15ff\jline-terminal-3.20.0.jar because it was already located earlier
[08set.2026 23:14:41.210] [main/DEBUG] [net.neoforged.fml.loading.moddiscovery.ModDiscoverer/]: Skipping C:\Users\Vinicius\.gradle\caches\modules-2\files-2.1\com.google.guava\listenablefuture\9999.0-empty-to-avoid-conflict-with-guava\b421526c5f297295adef1c886e5246c39d4ac629\listenablefuture-9999.0-empty-to-avoid-conflict-with-guava.jar because it was already located earlier
[08set.2026 23:14:41.210] [main/DEBUG] [net.neoforged.fml.loading.moddiscovery.ModDiscoverer/]: Skipping C:\Users\Vinicius\.gradle\caches\modules-2\files-2.1\com.google.code.findbugs\jsr305\3.0.2\25ea2e8b0c338a877313bd4672d3fe056ea78f0d\jsr305-3.0.2.jar because it was already located earlier
[08set.2026 23:14:41.210] [main/DEBUG] [net.neoforged.fml.loading.moddiscovery.ModDiscoverer/]: Skipping C:\Users\Vinicius\.gradle\caches\modules-2\files-2.1\org.checkerframework\checker-qual\3.33.0\de2b60b62da487644fc11f734e73c8b0b431238f\checker-qual-3.33.0.jar because it was already located earlier
[08set.2026 23:14:41.210] [main/DEBUG] [net.neoforged.fml.loading.moddiscovery.ModDiscoverer/]: Skipping C:\Users\Vinicius\.gradle\caches\modules-2\files-2.1\com.google.errorprone\error_prone_annotations\2.18.0\89b684257096f548fa39a7df9fdaa409d4d4df91\error_prone_annotations-2.18.0.jar because it was already located earlier
[08set.2026 23:14:41.210] [main/DEBUG] [net.neoforged.fml.loading.moddiscovery.ModDiscoverer/]: Skipping C:\Users\Vinicius\.gradle\caches\modules-2\files-2.1\com.google.j2objc\j2objc-annotations\2.8\c85270e307e7b822f1086b93689124b89768e273\j2objc-annotations-2.8.jar because it was already located earlier
[08set.2026 23:14:41.213] [main/DEBUG] [net.neoforged.fml.loading.UniqueModListBuilder/]: Found 2 mods for first modid neoforge, selecting most recent based on version data
[08set.2026 23:14:41.214] [main/DEBUG] [net.neoforged.fml.loading.UniqueModListBuilder/]: Selected file neoforge-21.1.235.jar for modid neoforge with version 21.1.235
[08set.2026 23:14:41.367] [main/DEBUG] [net.neoforged.fml.loading.moddiscovery.ModFileParser/LOADING]: Considering mod file candidate 
[08set.2026 23:14:41.375] [main/DEBUG] [net.neoforged.fml.loading.moddiscovery.ModFileInfo/LOADING]: Found valid mod file fabric-resource-loader-v0-1.3.1+4ea8954419.jar with {fabric_resource_loader_v0} mods - versions {1.3.1+4ea8954419}
[08set.2026 23:14:41.378] [main/DEBUG] [net.neoforged.fml.loading.moddiscovery.ModFileParser/LOADING]: Considering mod file candidate 
[08set.2026 23:14:41.381] [main/DEBUG] [net.neoforged.fml.loading.moddiscovery.ModFileInfo/LOADING]: Found valid mod file fabric-rendering-data-attachment-v1-0.3.49+73761d2e19.jar with {fabric_rendering_data_attachment_v1} mods - versions {0.3.49+73761d2e19}
[08set.2026 23:14:41.385] [main/DEBUG] [net.neoforged.fml.loading.moddiscovery.ModFileParser/LOADING]: Considering mod file candidate 
[08set.2026 23:14:41.387] [main/DEBUG] [net.neoforged.fml.loading.moddiscovery.ModFileInfo/LOADING]: Found valid mod file fabric-object-builder-api-v1-15.2.1+cc242efd19.jar with {fabric_object_builder_api_v1} mods - versions {15.2.1+cc242efd19}
[08set.2026 23:14:41.391] [main/DEBUG] [net.neoforged.fml.loading.moddiscovery.ModFileParser/LOADING]: Considering mod file candidate 
[08set.2026 23:14:41.393] [main/DEBUG] [net.neoforged.fml.loading.moddiscovery.ModFileInfo/LOADING]: Found valid mod file fabric-lifecycle-events-v1-2.6.0+e40d8add19.jar with {fabric_lifecycle_events_v1} mods - versions {2.6.0+e40d8add19}
[08set.2026 23:14:41.396] [main/DEBUG] [net.neoforged.fml.loading.moddiscovery.ModFileParser/LOADING]: Considering mod file candidate 
[08set.2026 23:14:41.399] [main/DEBUG] [net.neoforged.fml.loading.moddiscovery.ModFileInfo/LOADING]: Found valid mod file fabric-rendering-fluids-v1-3.1.6+a51883b219.jar with {fabric_rendering_fluids_v1} mods - versions {3.1.6+a51883b219}
[08set.2026 23:14:41.402] [main/DEBUG] [net.neoforged.fml.loading.moddiscovery.ModFileParser/LOADING]: Considering mod file candidate 
[08set.2026 23:14:41.405] [main/DEBUG] [net.neoforged.fml.loading.moddiscovery.ModFileInfo/LOADING]: Found valid mod file fabric-screen-handler-api-v1-1.3.90+8dbc56dd19.jar with {fabric_screen_handler_api_v1} mods - versions {1.3.90+8dbc56dd19}
[08set.2026 23:14:41.408] [main/DEBUG] [net.neoforged.fml.loading.moddiscovery.ModFileParser/LOADING]: Considering mod file candidate 
[08set.2026 23:14:41.411] [main/DEBUG] [net.neoforged.fml.loading.moddiscovery.ModFileInfo/LOADING]: Found valid mod file fabric-gametest-api-v1-2.0.5+29f188ce19.jar with {fabric_gametest_api_v1} mods - versions {2.0.5+29f188ce19}
[08set.2026 23:14:41.415] [main/DEBUG] [net.neoforged.fml.loading.moddiscovery.ModFileParser/LOADING]: Considering mod file candidate 
[08set.2026 23:14:41.418] [main/DEBUG] [net.neoforged.fml.loading.moddiscovery.ModFileInfo/LOADING]: Found valid mod file fabric-particles-v1-4.0.2+824f924c19.jar with {fabric_particles_v1} mods - versions {4.0.2+824f924c19}
[08set.2026 23:14:41.421] [main/DEBUG] [net.neoforged.fml.loading.moddiscovery.ModFileParser/LOADING]: Considering mod file candidate 
[08set.2026 23:14:41.426] [main/DEBUG] [net.neoforged.fml.loading.moddiscovery.ModFileInfo/LOADING]: Found valid mod file fabric-loot-api-v2-3.0.15+a3ee712d19.jar with {fabric_loot_api_v2} mods - versions {3.0.15+a3ee712d19}
[08set.2026 23:14:41.430] [main/DEBUG] [net.neoforged.fml.loading.moddiscovery.ModFileParser/LOADING]: Considering mod file candidate 
[08set.2026 23:14:41.434] [main/DEBUG] [net.neoforged.fml.loading.moddiscovery.ModFileInfo/LOADING]: Found valid mod file fabric-client-tags-api-v1-1.1.15+e053909619.jar with {fabric_client_tags_api_v1} mods - versions {1.1.15+e053909619}
[08set.2026 23:14:41.437] [main/DEBUG] [net.neoforged.fml.loading.moddiscovery.ModFileParser/LOADING]: Considering mod file candidate 
[08set.2026 23:14:41.440] [main/DEBUG] [net.neoforged.fml.loading.moddiscovery.ModFileInfo/LOADING]: Found valid mod file fabric-model-loading-api-v1-2.1.0+6e8f52c719.jar with {fabric_model_loading_api_v1} mods - versions {2.1.0+6e8f52c719}
[08set.2026 23:14:41.443] [main/DEBUG] [net.neoforged.fml.loading.moddiscovery.ModFileParser/LOADING]: Considering mod file candidate 
[08set.2026 23:14:41.446] [main/DEBUG] [net.neoforged.fml.loading.moddiscovery.ModFileInfo/LOADING]: Found valid mod file fabric-api-lookup-api-v1-1.6.71+c290471319.jar with {fabric_api_lookup_api_v1} mods - versions {1.6.71+c290471319}
[08set.2026 23:14:41.449] [main/DEBUG] [net.neoforged.fml.loading.moddiscovery.ModFileParser/LOADING]: Considering mod file candidate 
[08set.2026 23:14:41.452] [main/DEBUG] [net.neoforged.fml.loading.moddiscovery.ModFileInfo/LOADING]: Found valid mod file fabric-game-rule-api-v1-1.0.53+36d727be19.jar with {fabric_game_rule_api_v1} mods - versions {1.0.53+36d727be19}
[08set.2026 23:14:41.455] [main/DEBUG] [net.neoforged.fml.loading.moddiscovery.ModFileParser/LOADING]: Considering mod file candidate 
[08set.2026 23:14:41.456] [main/DEBUG] [net.neoforged.fml.loading.moddiscovery.ModFileInfo/LOADING]: Found valid mod file fabric-message-api-v1-6.0.14+6a754fce19.jar with {fabric_message_api_v1} mods - versions {6.0.14+6a754fce19}
[08set.2026 23:14:41.458] [main/DEBUG] [net.neoforged.fml.loading.moddiscovery.ModFileParser/LOADING]: Considering mod file candidate 
[08set.2026 23:14:41.460] [main/DEBUG] [net.neoforged.fml.loading.moddiscovery.ModFileInfo/LOADING]: Found valid mod file fabric-block-view-api-v2-1.0.11+e9036fd419.jar with {fabric_block_view_api_v2} mods - versions {1.0.11+e9036fd419}
[08set.2026 23:14:41.464] [main/DEBUG] [net.neoforged.fml.loading.moddiscovery.ModFileParser/LOADING]: Considering mod file candidate 
[08set.2026 23:14:41.467] [main/DEBUG] [net.neoforged.fml.loading.moddiscovery.ModFileInfo/LOADING]: Found valid mod file fabric-rendering-v1-5.1.0+1a09bd5a19.jar with {fabric_rendering_v1} mods - versions {5.1.0+1a09bd5a19}
[08set.2026 23:14:41.469] [main/DEBUG] [net.neoforged.fml.loading.moddiscovery.ModFileParser/LOADING]: Considering mod file candidate 
[08set.2026 23:14:41.471] [main/DEBUG] [net.neoforged.fml.loading.moddiscovery.ModFileInfo/LOADING]: Found valid mod file fabric-blockrenderlayer-v1-1.1.52+c290471319.jar with {fabric_blockrenderlayer_v1} mods - versions {1.1.52+c290471319}
[08set.2026 23:14:41.476] [main/DEBUG] [net.neoforged.fml.loading.moddiscovery.ModFileParser/LOADING]: Considering mod file candidate 
[08set.2026 23:14:41.478] [main/DEBUG] [net.neoforged.fml.loading.moddiscovery.ModFileInfo/LOADING]: Found valid mod file fabric-networking-api-v1-4.3.0+30a980d919.jar with {fabric_networking_api_v1} mods - versions {4.3.0+30a980d919}
[08set.2026 23:14:41.484] [main/DEBUG] [net.neoforged.fml.loading.moddiscovery.ModFileParser/LOADING]: Considering mod file candidate 
[08set.2026 23:14:41.486] [main/DEBUG] [net.neoforged.fml.loading.moddiscovery.ModFileInfo/LOADING]: Found valid mod file fabric-convention-tags-v2-2.11.1+87e5848019.jar with {fabric_convention_tags_v2} mods - versions {2.11.1+87e5848019}
[08set.2026 23:14:41.489] [main/DEBUG] [net.neoforged.fml.loading.moddiscovery.ModFileParser/LOADING]: Considering mod file candidate 
[08set.2026 23:14:41.491] [main/DEBUG] [net.neoforged.fml.loading.moddiscovery.ModFileInfo/LOADING]: Found valid mod file fabric-registry-sync-v0-5.3.1+f9aace1619.jar with {fabric_registry_sync_v0} mods - versions {5.3.1+f9aace1619}
[08set.2026 23:14:41.494] [main/DEBUG] [net.neoforged.fml.loading.moddiscovery.ModFileParser/LOADING]: Considering mod file candidate 
[08set.2026 23:14:41.496] [main/DEBUG] [net.neoforged.fml.loading.moddiscovery.ModFileInfo/LOADING]: Found valid mod file fabric-entity-events-v1-1.8.0+5ede667619.jar with {fabric_entity_events_v1} mods - versions {1.8.0+5ede667619}
[08set.2026 23:14:41.500] [main/DEBUG] [net.neoforged.fml.loading.moddiscovery.ModFileParser/LOADING]: Considering mod file candidate 
[08set.2026 23:14:41.502] [main/DEBUG] [net.neoforged.fml.loading.moddiscovery.ModFileInfo/LOADING]: Found valid mod file fabric-data-generation-api-v1-20.2.34+a4c3605619.jar with {fabric_data_generation_api_v1} mods - versions {20.2.34+a4c3605619}
[08set.2026 23:14:41.551] [main/DEBUG] [net.neoforged.fml.loading.moddiscovery.ModFileParser/LOADING]: Considering mod file candidate 
[08set.2026 23:14:41.553] [main/DEBUG] [net.neoforged.fml.loading.moddiscovery.ModFileInfo/LOADING]: Found valid mod file fabric-sound-api-v1-1.0.23+10b84f8419.jar with {fabric_sound_api_v1} mods - versions {1.0.23+10b84f8419}
[08set.2026 23:14:41.555] [main/DEBUG] [net.neoforged.fml.loading.moddiscovery.ModFileParser/LOADING]: Considering mod file candidate 
[08set.2026 23:14:41.557] [main/DEBUG] [net.neoforged.fml.loading.moddiscovery.ModFileInfo/LOADING]: Found valid mod file fabric-command-api-v2-2.2.28+36d727be19.jar with {fabric_command_api_v2} mods - versions {2.2.28+36d727be19}
[08set.2026 23:14:41.559] [main/DEBUG] [net.neoforged.fml.loading.moddiscovery.ModFileParser/LOADING]: Considering mod file candidate 
[08set.2026 23:14:41.562] [main/DEBUG] [net.neoforged.fml.loading.moddiscovery.ModFileInfo/LOADING]: Found valid mod file fabric-content-registries-v0-8.0.19+5e0d320019.jar with {fabric_content_registries_v0} mods - versions {8.0.19+5e0d320019}
[08set.2026 23:14:41.565] [main/DEBUG] [net.neoforged.fml.loading.moddiscovery.ModFileParser/LOADING]: Considering mod file candidate 
[08set.2026 23:14:41.567] [main/DEBUG] [net.neoforged.fml.loading.moddiscovery.ModFileInfo/LOADING]: Found valid mod file fabric-screen-api-v1-2.0.25+0ae1214819.jar with {fabric_screen_api_v1} mods - versions {2.0.25+0ae1214819}
[08set.2026 23:14:41.570] [main/DEBUG] [net.neoforged.fml.loading.moddiscovery.ModFileParser/LOADING]: Considering mod file candidate 
[08set.2026 23:14:41.573] [main/DEBUG] [net.neoforged.fml.loading.moddiscovery.ModFileInfo/LOADING]: Found valid mod file fabric-key-binding-api-v1-1.0.47+62cc7ce119.jar with {fabric_key_binding_api_v1} mods - versions {1.0.47+62cc7ce119}
[08set.2026 23:14:41.576] [main/DEBUG] [net.neoforged.fml.loading.moddiscovery.ModFileParser/LOADING]: Considering mod file candidate 
[08set.2026 23:14:41.580] [main/DEBUG] [net.neoforged.fml.loading.moddiscovery.ModFileInfo/LOADING]: Found valid mod file fabric-renderer-api-v1-3.4.1+9125b6dc19.jar with {fabric_renderer_api_v1} mods - versions {3.4.1+9125b6dc19}
[08set.2026 23:14:41.585] [main/DEBUG] [net.neoforged.fml.loading.moddiscovery.ModFileParser/LOADING]: Considering mod file candidate 
[08set.2026 23:14:41.588] [main/DEBUG] [net.neoforged.fml.loading.moddiscovery.ModFileInfo/LOADING]: Found valid mod file fabric-transfer-api-v1-5.4.3+a25cb45619.jar with {fabric_transfer_api_v1} mods - versions {5.4.3+a25cb45619}
[08set.2026 23:14:41.592] [main/DEBUG] [net.neoforged.fml.loading.moddiscovery.ModFileParser/LOADING]: Considering mod file candidate 
[08set.2026 23:14:41.594] [main/DEBUG] [net.neoforged.fml.loading.moddiscovery.ModFileInfo/LOADING]: Found valid mod file fabric-resource-conditions-api-v1-4.3.0+5bdd099819.jar with {fabric_resource_conditions_api_v1} mods - versions {4.3.0+5bdd099819}
[08set.2026 23:14:41.597] [main/DEBUG] [net.neoforged.fml.loading.moddiscovery.ModFileParser/LOADING]: Considering mod file candidate 
[08set.2026 23:14:41.599] [main/DEBUG] [net.neoforged.fml.loading.moddiscovery.ModFileInfo/LOADING]: Found valid mod file fabric-data-attachment-api-v1-1.4.5+26d408aa19.jar with {fabric_data_attachment_api_v1} mods - versions {1.4.5+26d408aa19}
[08set.2026 23:14:41.603] [main/DEBUG] [net.neoforged.fml.loading.moddiscovery.ModFileParser/LOADING]: Considering mod file candidate 
[08set.2026 23:14:41.605] [main/DEBUG] [net.neoforged.fml.loading.moddiscovery.ModFileInfo/LOADING]: Found valid mod file fabric-loot-api-v3-1.0.3+333dfad919.jar with {fabric_loot_api_v3} mods - versions {1.0.3+333dfad919}
[08set.2026 23:14:41.609] [main/DEBUG] [net.neoforged.fml.loading.moddiscovery.ModFileParser/LOADING]: Considering mod file candidate 
[08set.2026 23:14:41.611] [main/DEBUG] [net.neoforged.fml.loading.moddiscovery.ModFileInfo/LOADING]: Found valid mod file fabric-events-interaction-v0-0.7.13+86e0887119.jar with {fabric_events_interaction_v0} mods - versions {0.7.13+86e0887119}
[08set.2026 23:14:41.614] [main/DEBUG] [net.neoforged.fml.loading.moddiscovery.ModFileParser/LOADING]: Considering mod file candidate 
[08set.2026 23:14:41.616] [main/DEBUG] [net.neoforged.fml.loading.moddiscovery.ModFileInfo/LOADING]: Found valid mod file fabric-item-group-api-v1-4.1.7+e324903319.jar with {fabric_item_group_api_v1} mods - versions {4.1.7+e324903319}
[08set.2026 23:14:41.618] [main/DEBUG] [net.neoforged.fml.loading.moddiscovery.ModFileParser/LOADING]: Considering mod file candidate 
[08set.2026 23:14:41.619] [main/DEBUG] [net.neoforged.fml.loading.moddiscovery.ModFileInfo/LOADING]: Found valid mod file fabric-convention-tags-v1-2.1.5+7f945d5b19.jar with {fabric_convention_tags_v1} mods - versions {2.1.5+7f945d5b19}
[08set.2026 23:14:41.622] [main/DEBUG] [net.neoforged.fml.loading.moddiscovery.ModFileParser/LOADING]: Considering mod file candidate 
[08set.2026 23:14:41.624] [main/DEBUG] [net.neoforged.fml.loading.moddiscovery.ModFileInfo/LOADING]: Found valid mod file fabric-biome-api-v1-13.0.31+1e62d33c19.jar with {fabric_biome_api_v1} mods - versions {13.0.31+1e62d33c19}
[08set.2026 23:14:41.626] [main/DEBUG] [net.neoforged.fml.loading.moddiscovery.ModFileParser/LOADING]: Considering mod file candidate 
[08set.2026 23:14:41.627] [main/DEBUG] [net.neoforged.fml.loading.moddiscovery.ModFileInfo/LOADING]: Found valid mod file fabric-api-base-0.4.42+d1308ded19.jar with {fabric_api_base} mods - versions {0.4.42+d1308ded19}
[08set.2026 23:14:41.629] [main/DEBUG] [net.neoforged.fml.loading.moddiscovery.ModFileParser/LOADING]: Considering mod file candidate 
[08set.2026 23:14:41.631] [main/DEBUG] [net.neoforged.fml.loading.moddiscovery.ModFileInfo/LOADING]: Found valid mod file fabric-recipe-api-v1-5.0.15+59440bcc19.jar with {fabric_recipe_api_v1} mods - versions {5.0.15+59440bcc19}
[08set.2026 23:14:41.633] [main/DEBUG] [net.neoforged.fml.loading.moddiscovery.ModFileParser/LOADING]: Considering mod file candidate 
[08set.2026 23:14:41.635] [main/DEBUG] [net.neoforged.fml.loading.moddiscovery.ModFileInfo/LOADING]: Found valid mod file fabric-renderer-indigo-1.7.1+9125b6dc19.jar with {fabric_renderer_indigo} mods - versions {1.7.1+9125b6dc19}
[08set.2026 23:14:41.636] [main/DEBUG] [net.neoforged.fml.loading.moddiscovery.ModFileParser/LOADING]: Considering mod file candidate 
[08set.2026 23:14:41.636] [main/DEBUG] [net.neoforged.fml.loading.moddiscovery.ModFileInfo/LOADING]: Found valid mod file fabric-transitive-access-wideners-v1-6.2.0+6c854b6f19.jar with {fabric_transitive_access_wideners_v1} mods - versions {6.2.0+6c854b6f19}
[08set.2026 23:14:41.638] [main/DEBUG] [net.neoforged.fml.loading.moddiscovery.ModFileParser/LOADING]: Considering mod file candidate 
[08set.2026 23:14:41.639] [main/DEBUG] [net.neoforged.fml.loading.moddiscovery.ModFileInfo/LOADING]: Found valid mod file fabric-item-api-v1-11.2.0+0c57911319.jar with {fabric_item_api_v1} mods - versions {11.2.0+0c57911319}
[08set.2026 23:14:41.640] [main/DEBUG] [net.neoforged.fml.loading.moddiscovery.ModFileParser/LOADING]: Considering mod file candidate 
[08set.2026 23:14:41.641] [main/DEBUG] [net.neoforged.fml.loading.moddiscovery.ModFileInfo/LOADING]: Found valid mod file fabric-block-api-v1-1.1.0+b0c22bb819.jar with {fabric_block_api_v1} mods - versions {1.1.0+b0c22bb819}
[08set.2026 23:14:41.693] [main/DEBUG] [net.neoforged.fml.loading.moddiscovery.ModFileParser/LOADING]: Considering mod file candidate 
[08set.2026 23:14:41.695] [main/DEBUG] [net.neoforged.fml.loading.moddiscovery.ModFileInfo/LOADING]: Found valid mod file fabric-object-builder-api-v1-15.2.1+cc242efd19.jar with {fabric_object_builder_api_v1} mods - versions {15.2.1+cc242efd19}
[08set.2026 23:14:41.698] [main/DEBUG] [net.neoforged.fml.loading.moddiscovery.ModFileParser/LOADING]: Considering mod file candidate 
[08set.2026 23:14:41.700] [main/DEBUG] [net.neoforged.fml.loading.moddiscovery.ModFileInfo/LOADING]: Found valid mod file fabric-rendering-data-attachment-v1-0.3.49+73761d2e19.jar with {fabric_rendering_data_attachment_v1} mods - versions {0.3.49+73761d2e19}
[08set.2026 23:14:41.726] [main/DEBUG] [net.neoforged.fml.loading.moddiscovery.ModFileParser/LOADING]: Considering mod file candidate 
[08set.2026 23:14:41.728] [main/DEBUG] [net.neoforged.fml.loading.moddiscovery.ModFileInfo/LOADING]: Found valid mod file fabric-command-api-v2-2.2.28+36d727be19.jar with {fabric_command_api_v2} mods - versions {2.2.28+36d727be19}
[08set.2026 23:14:41.730] [main/DEBUG] [net.neoforged.fml.loading.moddiscovery.ModFileParser/LOADING]: Considering mod file candidate 
[08set.2026 23:14:41.732] [main/DEBUG] [net.neoforged.fml.loading.moddiscovery.ModFileInfo/LOADING]: Found valid mod file fabric-gametest-api-v1-2.0.5+29f188ce19.jar with {fabric_gametest_api_v1} mods - versions {2.0.5+29f188ce19}
[08set.2026 23:14:41.735] [main/DEBUG] [net.neoforged.fml.loading.moddiscovery.ModFileParser/LOADING]: Considering mod file candidate 
[08set.2026 23:14:41.737] [main/DEBUG] [net.neoforged.fml.loading.moddiscovery.ModFileInfo/LOADING]: Found valid mod file fabric-renderer-api-v1-3.4.1+9125b6dc19.jar with {fabric_renderer_api_v1} mods - versions {3.4.1+9125b6dc19}
[08set.2026 23:14:41.739] [main/DEBUG] [net.neoforged.fml.loading.moddiscovery.ModFileParser/LOADING]: Considering mod file candidate 
[08set.2026 23:14:41.742] [main/DEBUG] [net.neoforged.fml.loading.moddiscovery.ModFileInfo/LOADING]: Found valid mod file fabric-loot-api-v2-3.0.15+a3ee712d19.jar with {fabric_loot_api_v2} mods - versions {3.0.15+a3ee712d19}
[08set.2026 23:14:41.744] [main/DEBUG] [net.neoforged.fml.loading.moddiscovery.ModFileParser/LOADING]: Considering mod file candidate 
[08set.2026 23:14:41.746] [main/DEBUG] [net.neoforged.fml.loading.moddiscovery.ModFileInfo/LOADING]: Found valid mod file fabric-block-api-v1-1.1.0+b0c22bb819.jar with {fabric_block_api_v1} mods - versions {1.1.0+b0c22bb819}
[08set.2026 23:14:41.748] [main/DEBUG] [net.neoforged.fml.loading.moddiscovery.ModFileParser/LOADING]: Considering mod file candidate 
[08set.2026 23:14:41.750] [main/DEBUG] [net.neoforged.fml.loading.moddiscovery.ModFileInfo/LOADING]: Found valid mod file fabric-api-lookup-api-v1-1.6.71+c290471319.jar with {fabric_api_lookup_api_v1} mods - versions {1.6.71+c290471319}
[08set.2026 23:14:41.753] [main/DEBUG] [net.neoforged.fml.loading.moddiscovery.ModFileParser/LOADING]: Considering mod file candidate 
[08set.2026 23:14:41.755] [main/DEBUG] [net.neoforged.fml.loading.moddiscovery.ModFileInfo/LOADING]: Found valid mod file fabric-data-generation-api-v1-20.2.34+a4c3605619.jar with {fabric_data_generation_api_v1} mods - versions {20.2.34+a4c3605619}
[08set.2026 23:14:41.756] [main/DEBUG] [net.neoforged.fml.loading.moddiscovery.ModFileParser/LOADING]: Considering mod file candidate 
[08set.2026 23:14:41.758] [main/DEBUG] [net.neoforged.fml.loading.moddiscovery.ModFileInfo/LOADING]: Found valid mod file fabric-rendering-fluids-v1-3.1.6+a51883b219.jar with {fabric_rendering_fluids_v1} mods - versions {3.1.6+a51883b219}
[08set.2026 23:14:41.768] [main/DEBUG] [net.neoforged.fml.loading.moddiscovery.ModFileParser/LOADING]: Considering mod file candidate 
[08set.2026 23:14:41.769] [main/DEBUG] [net.neoforged.fml.loading.moddiscovery.ModFileInfo/LOADING]: Found valid mod file fabric-api-base-0.4.42+d1308ded19.jar with {fabric_api_base} mods - versions {0.4.42+d1308ded19}
[08set.2026 23:14:41.771] [main/DEBUG] [net.neoforged.fml.loading.moddiscovery.ModFileParser/LOADING]: Considering mod file candidate 
[08set.2026 23:14:41.773] [main/DEBUG] [net.neoforged.fml.loading.moddiscovery.ModFileInfo/LOADING]: Found valid mod file fabric-client-tags-api-v1-1.1.15+e053909619.jar with {fabric_client_tags_api_v1} mods - versions {1.1.15+e053909619}
[08set.2026 23:14:41.775] [main/DEBUG] [net.neoforged.fml.loading.moddiscovery.ModFileParser/LOADING]: Considering mod file candidate 
[08set.2026 23:14:41.778] [main/DEBUG] [net.neoforged.fml.loading.moddiscovery.ModFileInfo/LOADING]: Found valid mod file fabric-model-loading-api-v1-2.1.0+6e8f52c719.jar with {fabric_model_loading_api_v1} mods - versions {2.1.0+6e8f52c719}
[08set.2026 23:14:41.780] [main/DEBUG] [net.neoforged.fml.loading.moddiscovery.ModFileParser/LOADING]: Considering mod file candidate 
[08set.2026 23:14:41.782] [main/DEBUG] [net.neoforged.fml.loading.moddiscovery.ModFileInfo/LOADING]: Found valid mod file fabric-message-api-v1-6.0.14+6a754fce19.jar with {fabric_message_api_v1} mods - versions {6.0.14+6a754fce19}
[08set.2026 23:14:41.784] [main/DEBUG] [net.neoforged.fml.loading.moddiscovery.ModFileParser/LOADING]: Considering mod file candidate 
[08set.2026 23:14:41.786] [main/DEBUG] [net.neoforged.fml.loading.moddiscovery.ModFileInfo/LOADING]: Found valid mod file fabric-item-api-v1-11.2.0+0c57911319.jar with {fabric_item_api_v1} mods - versions {11.2.0+0c57911319}
[08set.2026 23:14:41.788] [main/DEBUG] [net.neoforged.fml.loading.moddiscovery.ModFileParser/LOADING]: Considering mod file candidate 
[08set.2026 23:14:41.790] [main/DEBUG] [net.neoforged.fml.loading.moddiscovery.ModFileInfo/LOADING]: Found valid mod file fabric-key-binding-api-v1-1.0.47+62cc7ce119.jar with {fabric_key_binding_api_v1} mods - versions {1.0.47+62cc7ce119}
[08set.2026 23:14:41.793] [main/DEBUG] [net.neoforged.fml.loading.moddiscovery.ModFileParser/LOADING]: Considering mod file candidate 
[08set.2026 23:14:41.795] [main/DEBUG] [net.neoforged.fml.loading.moddiscovery.ModFileInfo/LOADING]: Found valid mod file fabric-content-registries-v0-8.0.19+5e0d320019.jar with {fabric_content_registries_v0} mods - versions {8.0.19+5e0d320019}
[08set.2026 23:14:41.798] [main/DEBUG] [net.neoforged.fml.loading.moddiscovery.ModFileParser/LOADING]: Considering mod file candidate 
[08set.2026 23:14:41.800] [main/DEBUG] [net.neoforged.fml.loading.moddiscovery.ModFileInfo/LOADING]: Found valid mod file fabric-lifecycle-events-v1-2.6.0+e40d8add19.jar with {fabric_lifecycle_events_v1} mods - versions {2.6.0+e40d8add19}
[08set.2026 23:14:41.802] [main/DEBUG] [net.neoforged.fml.loading.moddiscovery.ModFileParser/LOADING]: Considering mod file candidate 
[08set.2026 23:14:41.804] [main/DEBUG] [net.neoforged.fml.loading.moddiscovery.ModFileInfo/LOADING]: Found valid mod file fabric-biome-api-v1-13.0.31+1e62d33c19.jar with {fabric_biome_api_v1} mods - versions {13.0.31+1e62d33c19}
[08set.2026 23:14:41.805] [main/DEBUG] [net.neoforged.fml.loading.moddiscovery.ModFileParser/LOADING]: Considering mod file candidate 
[08set.2026 23:14:41.807] [main/DEBUG] [net.neoforged.fml.loading.moddiscovery.ModFileInfo/LOADING]: Found valid mod file fabric-convention-tags-v1-2.1.5+7f945d5b19.jar with {fabric_convention_tags_v1} mods - versions {2.1.5+7f945d5b19}
[08set.2026 23:14:41.809] [main/DEBUG] [net.neoforged.fml.loading.moddiscovery.ModFileParser/LOADING]: Considering mod file candidate 
[08set.2026 23:14:41.812] [main/DEBUG] [net.neoforged.fml.loading.moddiscovery.ModFileInfo/LOADING]: Found valid mod file fabric-entity-events-v1-1.8.0+5ede667619.jar with {fabric_entity_events_v1} mods - versions {1.8.0+5ede667619}
[08set.2026 23:14:41.813] [main/DEBUG] [net.neoforged.fml.loading.moddiscovery.ModFileParser/LOADING]: Considering mod file candidate 
[08set.2026 23:14:41.815] [main/DEBUG] [net.neoforged.fml.loading.moddiscovery.ModFileInfo/LOADING]: Found valid mod file fabric-transitive-access-wideners-v1-6.2.0+6c854b6f19.jar with {fabric_transitive_access_wideners_v1} mods - versions {6.2.0+6c854b6f19}
[08set.2026 23:14:41.817] [main/DEBUG] [net.neoforged.fml.loading.moddiscovery.ModFileParser/LOADING]: Considering mod file candidate 
[08set.2026 23:14:41.819] [main/DEBUG] [net.neoforged.fml.loading.moddiscovery.ModFileInfo/LOADING]: Found valid mod file fabric-screen-handler-api-v1-1.3.90+8dbc56dd19.jar with {fabric_screen_handler_api_v1} mods - versions {1.3.90+8dbc56dd19}
[08set.2026 23:14:41.821] [main/DEBUG] [net.neoforged.fml.loading.moddiscovery.ModFileParser/LOADING]: Considering mod file candidate 
[08set.2026 23:14:41.822] [main/DEBUG] [net.neoforged.fml.loading.moddiscovery.ModFileInfo/LOADING]: Found valid mod file fabric-screen-api-v1-2.0.25+0ae1214819.jar with {fabric_screen_api_v1} mods - versions {2.0.25+0ae1214819}
[08set.2026 23:14:41.824] [main/DEBUG] [net.neoforged.fml.loading.moddiscovery.ModFileParser/LOADING]: Considering mod file candidate 
[08set.2026 23:14:41.826] [main/DEBUG] [net.neoforged.fml.loading.moddiscovery.ModFileInfo/LOADING]: Found valid mod file fabric-data-attachment-api-v1-1.4.5+26d408aa19.jar with {fabric_data_attachment_api_v1} mods - versions {1.4.5+26d408aa19}
[08set.2026 23:14:41.828] [main/DEBUG] [net.neoforged.fml.loading.moddiscovery.ModFileParser/LOADING]: Considering mod file candidate 
[08set.2026 23:14:41.830] [main/DEBUG] [net.neoforged.fml.loading.moddiscovery.ModFileInfo/LOADING]: Found valid mod file fabric-particles-v1-4.0.2+824f924c19.jar with {fabric_particles_v1} mods - versions {4.0.2+824f924c19}
[08set.2026 23:14:41.832] [main/DEBUG] [net.neoforged.fml.loading.moddiscovery.ModFileParser/LOADING]: Considering mod file candidate 
[08set.2026 23:14:41.833] [main/DEBUG] [net.neoforged.fml.loading.moddiscovery.ModFileInfo/LOADING]: Found valid mod file fabric-game-rule-api-v1-1.0.53+36d727be19.jar with {fabric_game_rule_api_v1} mods - versions {1.0.53+36d727be19}
[08set.2026 23:14:41.835] [main/DEBUG] [net.neoforged.fml.loading.moddiscovery.ModFileParser/LOADING]: Considering mod file candidate 
[08set.2026 23:14:41.837] [main/DEBUG] [net.neoforged.fml.loading.moddiscovery.ModFileInfo/LOADING]: Found valid mod file fabric-registry-sync-v0-5.3.1+f9aace1619.jar with {fabric_registry_sync_v0} mods - versions {5.3.1+f9aace1619}
[08set.2026 23:14:41.840] [main/DEBUG] [net.neoforged.fml.loading.moddiscovery.ModFileParser/LOADING]: Considering mod file candidate 
[08set.2026 23:14:41.842] [main/DEBUG] [net.neoforged.fml.loading.moddiscovery.ModFileInfo/LOADING]: Found valid mod file fabric-convention-tags-v2-2.11.1+87e5848019.jar with {fabric_convention_tags_v2} mods - versions {2.11.1+87e5848019}
[08set.2026 23:14:41.845] [main/DEBUG] [net.neoforged.fml.loading.moddiscovery.ModFileParser/LOADING]: Considering mod file candidate 
[08set.2026 23:14:41.846] [main/DEBUG] [net.neoforged.fml.loading.moddiscovery.ModFileInfo/LOADING]: Found valid mod file fabric-rendering-v1-5.1.0+1a09bd5a19.jar with {fabric_rendering_v1} mods - versions {5.1.0+1a09bd5a19}
[08set.2026 23:14:41.849] [main/DEBUG] [net.neoforged.fml.loading.moddiscovery.ModFileParser/LOADING]: Considering mod file candidate 
[08set.2026 23:14:41.850] [main/DEBUG] [net.neoforged.fml.loading.moddiscovery.ModFileInfo/LOADING]: Found valid mod file fabric-recipe-api-v1-5.0.15+59440bcc19.jar with {fabric_recipe_api_v1} mods - versions {5.0.15+59440bcc19}
[08set.2026 23:14:41.852] [main/DEBUG] [net.neoforged.fml.loading.moddiscovery.ModFileParser/LOADING]: Considering mod file candidate 
[08set.2026 23:14:41.854] [main/DEBUG] [net.neoforged.fml.loading.moddiscovery.ModFileInfo/LOADING]: Found valid mod file fabric-block-view-api-v2-1.0.11+e9036fd419.jar with {fabric_block_view_api_v2} mods - versions {1.0.11+e9036fd419}
[08set.2026 23:14:41.856] [main/DEBUG] [net.neoforged.fml.loading.moddiscovery.ModFileParser/LOADING]: Considering mod file candidate 
[08set.2026 23:14:41.857] [main/DEBUG] [net.neoforged.fml.loading.moddiscovery.ModFileInfo/LOADING]: Found valid mod file fabric-sound-api-v1-1.0.23+10b84f8419.jar with {fabric_sound_api_v1} mods - versions {1.0.23+10b84f8419}
[08set.2026 23:14:41.859] [main/DEBUG] [net.neoforged.fml.loading.moddiscovery.ModFileParser/LOADING]: Considering mod file candidate 
[08set.2026 23:14:41.861] [main/DEBUG] [net.neoforged.fml.loading.moddiscovery.ModFileInfo/LOADING]: Found valid mod file fabric-loot-api-v3-1.0.3+333dfad919.jar with {fabric_loot_api_v3} mods - versions {1.0.3+333dfad919}
[08set.2026 23:14:41.863] [main/DEBUG] [net.neoforged.fml.loading.moddiscovery.ModFileParser/LOADING]: Considering mod file candidate 
[08set.2026 23:14:41.865] [main/DEBUG] [net.neoforged.fml.loading.moddiscovery.ModFileInfo/LOADING]: Found valid mod file fabric-blockrenderlayer-v1-1.1.52+c290471319.jar with {fabric_blockrenderlayer_v1} mods - versions {1.1.52+c290471319}
[08set.2026 23:14:41.868] [main/DEBUG] [net.neoforged.fml.loading.moddiscovery.ModFileParser/LOADING]: Considering mod file candidate 
[08set.2026 23:14:41.870] [main/DEBUG] [net.neoforged.fml.loading.moddiscovery.ModFileInfo/LOADING]: Found valid mod file fabric-transfer-api-v1-5.4.3+a25cb45619.jar with {fabric_transfer_api_v1} mods - versions {5.4.3+a25cb45619}
[08set.2026 23:14:41.872] [main/DEBUG] [net.neoforged.fml.loading.moddiscovery.ModFileParser/LOADING]: Considering mod file candidate 
[08set.2026 23:14:41.874] [main/DEBUG] [net.neoforged.fml.loading.moddiscovery.ModFileInfo/LOADING]: Found valid mod file fabric-renderer-indigo-1.7.1+9125b6dc19.jar with {fabric_renderer_indigo} mods - versions {1.7.1+9125b6dc19}
[08set.2026 23:14:41.876] [main/DEBUG] [net.neoforged.fml.loading.moddiscovery.ModFileParser/LOADING]: Considering mod file candidate 
[08set.2026 23:14:41.878] [main/DEBUG] [net.neoforged.fml.loading.moddiscovery.ModFileInfo/LOADING]: Found valid mod file fabric-resource-conditions-api-v1-4.3.0+5bdd099819.jar with {fabric_resource_conditions_api_v1} mods - versions {4.3.0+5bdd099819}
[08set.2026 23:14:41.882] [main/DEBUG] [net.neoforged.fml.loading.moddiscovery.ModFileParser/LOADING]: Considering mod file candidate 
[08set.2026 23:14:41.884] [main/DEBUG] [net.neoforged.fml.loading.moddiscovery.ModFileInfo/LOADING]: Found valid mod file fabric-networking-api-v1-4.3.0+30a980d919.jar with {fabric_networking_api_v1} mods - versions {4.3.0+30a980d919}
[08set.2026 23:14:41.887] [main/DEBUG] [net.neoforged.fml.loading.moddiscovery.ModFileParser/LOADING]: Considering mod file candidate 
[08set.2026 23:14:41.889] [main/DEBUG] [net.neoforged.fml.loading.moddiscovery.ModFileInfo/LOADING]: Found valid mod file fabric-resource-loader-v0-1.3.1+4ea8954419.jar with {fabric_resource_loader_v0} mods - versions {1.3.1+4ea8954419}
[08set.2026 23:14:41.891] [main/DEBUG] [net.neoforged.fml.loading.moddiscovery.ModFileParser/LOADING]: Considering mod file candidate 
[08set.2026 23:14:41.893] [main/DEBUG] [net.neoforged.fml.loading.moddiscovery.ModFileInfo/LOADING]: Found valid mod file fabric-item-group-api-v1-4.1.7+e324903319.jar with {fabric_item_group_api_v1} mods - versions {4.1.7+e324903319}
[08set.2026 23:14:41.895] [main/DEBUG] [net.neoforged.fml.loading.moddiscovery.ModFileParser/LOADING]: Considering mod file candidate 
[08set.2026 23:14:41.897] [main/DEBUG] [net.neoforged.fml.loading.moddiscovery.ModFileInfo/LOADING]: Found valid mod file fabric-events-interaction-v0-0.7.13+86e0887119.jar with {fabric_events_interaction_v0} mods - versions {0.7.13+86e0887119}
[08set.2026 23:14:41.901] [main/INFO] [net.neoforged.fml.loading.moddiscovery.locators.JarInJarDependencyLocator/]: Found 45 dependencies adding them to mods collection
[08set.2026 23:14:41.906] [main/INFO] [net.neoforged.fml.loading.moddiscovery.ModDiscoverer/]: 
     Mod List:
		Name Version (Mod Id)

		Common Networking 1.0.21-1.21.1 (commonnetworking)
		Elementals 5.0.0 (elementals)
		Elementals: More Bendings 1.0.0 (elementalsmorebendings)
		Forgified Fabric API 0.116.7+2.2.4+1.21.1 (fabric_api)
		Forgified Fabric API Base 0.4.42+d1308ded19 (fabric_api_base)
		Forgified Fabric API Lookup API (v1) 1.6.71+c290471319 (fabric_api_lookup_api_v1)
		Forgified Fabric Biome API (v1) 13.0.31+1e62d33c19 (fabric_biome_api_v1)
		Forgified Fabric Block API (v1) 1.1.0+b0c22bb819 (fabric_block_api_v1)
		Forgified Fabric BlockRenderLayer Registration (v1) 1.1.52+c290471319 (fabric_blockrenderlayer_v1)
		Forgified Fabric BlockView API (v2) 1.0.11+e9036fd419 (fabric_block_view_api_v2)
		Forgified Fabric Client Tags 1.1.15+e053909619 (fabric_client_tags_api_v1)
		Forgified Fabric Command API (v2) 2.2.28+36d727be19 (fabric_command_api_v2)
		Forgified Fabric Content Registries (v0) 8.0.19+5e0d320019 (fabric_content_registries_v0)
		Forgified Fabric Convention Tags 2.1.5+7f945d5b19 (fabric_convention_tags_v1)
		Forgified Fabric Convention Tags (v2) 2.11.1+87e5848019 (fabric_convention_tags_v2)
		Forgified Fabric Data Attachment API (v1) 1.4.5+26d408aa19 (fabric_data_attachment_api_v1)
		Forgified Fabric Data Generation API (v1) 20.2.34+a4c3605619 (fabric_data_generation_api_v1)
		Forgified Fabric Entity Events (v1) 1.8.0+5ede667619 (fabric_entity_events_v1)
		Forgified Fabric Events Interaction (v0) 0.7.13+86e0887119 (fabric_events_interaction_v0)
		Forgified Fabric Game Rule API (v1) 1.0.53+36d727be19 (fabric_game_rule_api_v1)
		Forgified Fabric Game Test API (v1) 2.0.5+29f188ce19 (fabric_gametest_api_v1)
		Forgified Fabric Item API (v1) 11.2.0+0c57911319 (fabric_item_api_v1)
		Forgified Fabric Item Group API (v1) 4.1.7+e324903319 (fabric_item_group_api_v1)
		Forgified Fabric Key Binding API (v1) 1.0.47+62cc7ce119 (fabric_key_binding_api_v1)
		Forgified Fabric Lifecycle Events (v1) 2.6.0+e40d8add19 (fabric_lifecycle_events_v1)
		Forgified Fabric Loot API (v2) 3.0.15+a3ee712d19 (fabric_loot_api_v2)
		Forgified Fabric Loot API (v3) 1.0.3+333dfad919 (fabric_loot_api_v3)
		Forgified Fabric Message API (v1) 6.0.14+6a754fce19 (fabric_message_api_v1)
		Forgified Fabric Model Loading API (v1) 2.1.0+6e8f52c719 (fabric_model_loading_api_v1)
		Forgified Fabric Networking API (v1) 4.3.0+30a980d919 (fabric_networking_api_v1)
		Forgified Fabric Object Builder API (v1) 15.2.1+cc242efd19 (fabric_object_builder_api_v1)
		Forgified Fabric Particles (v1) 4.0.2+824f924c19 (fabric_particles_v1)
		Forgified Fabric Recipe API (v1) 5.0.15+59440bcc19 (fabric_recipe_api_v1)
		Forgified Fabric Registry Sync (v0) 5.3.1+f9aace1619 (fabric_registry_sync_v0)
		Forgified Fabric Renderer - Indigo 1.7.1+9125b6dc19 (fabric_renderer_indigo)
		Forgified Fabric Renderer API (v1) 3.4.1+9125b6dc19 (fabric_renderer_api_v1)
		Forgified Fabric Rendering (v1) 5.1.0+1a09bd5a19 (fabric_rendering_v1)
		Forgified Fabric Rendering Data Attachment (v1) 0.3.49+73761d2e19 (fabric_rendering_data_attachment_v1)
		Forgified Fabric Rendering Fluids (v1) 3.1.6+a51883b219 (fabric_rendering_fluids_v1)
		Forgified Fabric Resource Conditions API (v1) 4.3.0+5bdd099819 (fabric_resource_conditions_api_v1)
		Forgified Fabric Resource Loader (v0) 1.3.1+4ea8954419 (fabric_resource_loader_v0)
		Forgified Fabric Screen API (v1) 2.0.25+0ae1214819 (fabric_screen_api_v1)
		Forgified Fabric Screen Handler API (v1) 1.3.90+8dbc56dd19 (fabric_screen_handler_api_v1)
		Forgified Fabric Sound API (v1) 1.0.23+10b84f8419 (fabric_sound_api_v1)
		Forgified Fabric Transfer API (v1) 5.4.3+a25cb45619 (fabric_transfer_api_v1)
		Forgified Fabric Transitive Access Wideners (v1) 6.2.0+6c854b6f19 (fabric_transitive_access_wideners_v1)
		GeckoLib 4 4.8.4 (geckolib)
		Lodestone 1.8.2 (lodestone)
		Minecraft 1.21.1 (minecraft)
		NeoForge 21.1.235 (neoforge)
[08set.2026 23:14:41.918] [main/DEBUG] [net.neoforged.fml.loading.moddiscovery.ModFileParser/LOADING]: Considering mod file candidate 
[08set.2026 23:14:41.920] [main/DEBUG] [net.neoforged.fml.loading.moddiscovery.ModFileInfo/LOADING]: Found valid mod file fabric-transfer-api-v1-5.4.3+a25cb45619.jar with {fabric_transfer_api_v1} mods - versions {5.4.3+a25cb45619}
[08set.2026 23:14:41.924] [main/DEBUG] [net.neoforged.fml.loading.moddiscovery.ModFile/LOADING]: Loading mod file  with languages [LanguageSpec[languageName=javafml, acceptedVersions=[1,)]]
[08set.2026 23:14:41.927] [main/DEBUG] [net.neoforged.fml.loading.moddiscovery.ModFile/LOADING]: Found mixin config MixinConfig[config=fabric-transfer-api-v1.mixins.json, requiredMods=[]]
[08set.2026 23:14:41.928] [main/DEBUG] [net.neoforged.fml.loading.moddiscovery.ModFileParser/LOADING]: Considering mod file candidate 
[08set.2026 23:14:41.930] [main/DEBUG] [net.neoforged.fml.loading.moddiscovery.ModFileInfo/LOADING]: Found valid mod file fabric-renderer-api-v1-3.4.1+9125b6dc19.jar with {fabric_renderer_api_v1} mods - versions {3.4.1+9125b6dc19}
[08set.2026 23:14:41.931] [main/DEBUG] [net.neoforged.fml.loading.moddiscovery.ModFile/LOADING]: Loading mod file  with languages [LanguageSpec[languageName=javafml, acceptedVersions=[1,)]]
[08set.2026 23:14:41.931] [main/DEBUG] [net.neoforged.fml.loading.moddiscovery.ModFile/LOADING]: Found mixin config MixinConfig[config=fabric-renderer-api-v1.mixins.json, requiredMods=[]]
[08set.2026 23:14:41.931] [main/DEBUG] [net.neoforged.fml.loading.moddiscovery.ModFile/LOADING]: Found mixin config MixinConfig[config=fabric-renderer-api-v1.debughud.mixins.json, requiredMods=[]]
[08set.2026 23:14:41.931] [main/DEBUG] [net.neoforged.fml.loading.moddiscovery.ModFileParser/LOADING]: Considering mod file candidate C:\Users\Vinicius\Desktop\ObsidianWakeAddon\libs\geckolib-neoforge-1.21.1-4.8.4.jar
[08set.2026 23:14:41.933] [main/DEBUG] [net.neoforged.fml.loading.moddiscovery.ModFileInfo/LOADING]: Found valid mod file geckolib-neoforge-1.21.1-4.8.4.jar with {geckolib} mods - versions {4.8.4}
[08set.2026 23:14:41.934] [main/DEBUG] [net.neoforged.fml.loading.moddiscovery.ModFile/LOADING]: Loading mod file C:\Users\Vinicius\Desktop\ObsidianWakeAddon\libs\geckolib-neoforge-1.21.1-4.8.4.jar with languages [LanguageSpec[languageName=javafml, acceptedVersions=[4,)]]
[08set.2026 23:14:41.934] [main/DEBUG] [net.neoforged.fml.loading.moddiscovery.ModFile/LOADING]: Found mixin config MixinConfig[config=geckolib.mixins.json, requiredMods=[]]
[08set.2026 23:14:41.936] [main/DEBUG] [net.neoforged.fml.loading.moddiscovery.ModFileParser/LOADING]: Considering mod file candidate 
[08set.2026 23:14:41.937] [main/DEBUG] [net.neoforged.fml.loading.moddiscovery.ModFileInfo/LOADING]: Found valid mod file fabric-model-loading-api-v1-2.1.0+6e8f52c719.jar with {fabric_model_loading_api_v1} mods - versions {2.1.0+6e8f52c719}
[08set.2026 23:14:41.938] [main/DEBUG] [net.neoforged.fml.loading.moddiscovery.ModFile/LOADING]: Loading mod file  with languages [LanguageSpec[languageName=javafml, acceptedVersions=[1,)]]
[08set.2026 23:14:41.938] [main/DEBUG] [net.neoforged.fml.loading.moddiscovery.ModFile/LOADING]: Found mixin config MixinConfig[config=fabric-model-loading-api-v1.mixins.json, requiredMods=[]]
[08set.2026 23:14:41.938] [main/DEBUG] [net.neoforged.fml.loading.moddiscovery.ModFileParser/LOADING]: Considering mod file candidate 
[08set.2026 23:14:41.940] [main/DEBUG] [net.neoforged.fml.loading.moddiscovery.ModFileInfo/LOADING]: Found valid mod file fabric-item-api-v1-11.2.0+0c57911319.jar with {fabric_item_api_v1} mods - versions {11.2.0+0c57911319}
[08set.2026 23:14:41.940] [main/DEBUG] [net.neoforged.fml.loading.moddiscovery.ModFile/LOADING]: Loading mod file  with languages [LanguageSpec[languageName=javafml, acceptedVersions=[1,)]]
[08set.2026 23:14:41.940] [main/DEBUG] [net.neoforged.fml.loading.moddiscovery.ModFile/LOADING]: Found mixin config MixinConfig[config=fabric-item-api-v1.mixins.json, requiredMods=[]]
[08set.2026 23:14:41.940] [main/DEBUG] [net.neoforged.fml.loading.moddiscovery.ModFile/LOADING]: Found mixin config MixinConfig[config=fabric-item-api-v1.client.mixins.json, requiredMods=[]]
[08set.2026 23:14:41.940] [main/DEBUG] [net.neoforged.fml.loading.moddiscovery.ModFileParser/LOADING]: Considering mod file candidate 
[08set.2026 23:14:41.942] [main/DEBUG] [net.neoforged.fml.loading.moddiscovery.ModFileInfo/LOADING]: Found valid mod file fabric-rendering-fluids-v1-3.1.6+a51883b219.jar with {fabric_rendering_fluids_v1} mods - versions {3.1.6+a51883b219}
[08set.2026 23:14:41.942] [main/DEBUG] [net.neoforged.fml.loading.moddiscovery.ModFile/LOADING]: Loading mod file  with languages [LanguageSpec[languageName=javafml, acceptedVersions=[1,)]]
[08set.2026 23:14:41.942] [main/DEBUG] [net.neoforged.fml.loading.moddiscovery.ModFile/LOADING]: Found mixin config MixinConfig[config=fabric-rendering-fluids-v1.mixins.json, requiredMods=[]]
[08set.2026 23:14:41.942] [main/DEBUG] [net.neoforged.fml.loading.moddiscovery.ModFileParser/LOADING]: Considering mod file candidate C:\Users\Vinicius\Desktop\ObsidianWakeAddon\libs\common-networking-neoforge-1.0.21-1.21.1.jar
[08set.2026 23:14:41.944] [main/DEBUG] [net.neoforged.fml.loading.moddiscovery.ModFileInfo/LOADING]: Found valid mod file common-networking-neoforge-1.0.21-1.21.1.jar with {commonnetworking} mods - versions {1.0.21-1.21.1}
[08set.2026 23:14:41.945] [main/DEBUG] [net.neoforged.fml.loading.moddiscovery.ModFile/LOADING]: Loading mod file C:\Users\Vinicius\Desktop\ObsidianWakeAddon\libs\common-networking-neoforge-1.0.21-1.21.1.jar with languages [LanguageSpec[languageName=javafml, acceptedVersions=[2,)]]
[08set.2026 23:14:41.945] [main/DEBUG] [net.neoforged.fml.loading.moddiscovery.ModFileParser/LOADING]: Considering mod file candidate 
[08set.2026 23:14:41.947] [main/DEBUG] [net.neoforged.fml.loading.moddiscovery.ModFileInfo/LOADING]: Found valid mod file fabric-screen-handler-api-v1-1.3.90+8dbc56dd19.jar with {fabric_screen_handler_api_v1} mods - versions {1.3.90+8dbc56dd19}
[08set.2026 23:14:41.948] [main/DEBUG] [net.neoforged.fml.loading.moddiscovery.ModFile/LOADING]: Loading mod file  with languages [LanguageSpec[languageName=javafml, acceptedVersions=[1,)]]
[08set.2026 23:14:41.948] [main/DEBUG] [net.neoforged.fml.loading.moddiscovery.ModFile/LOADING]: Found mixin config MixinConfig[config=fabric-screen-handler-api-v1.mixins.json, requiredMods=[]]
[08set.2026 23:14:41.948] [main/DEBUG] [net.neoforged.fml.loading.moddiscovery.ModFileParser/LOADING]: Considering mod file candidate 
[08set.2026 23:14:41.950] [main/DEBUG] [net.neoforged.fml.loading.moddiscovery.ModFileInfo/LOADING]: Found valid mod file fabric-resource-loader-v0-1.3.1+4ea8954419.jar with {fabric_resource_loader_v0} mods - versions {1.3.1+4ea8954419}
[08set.2026 23:14:41.951] [main/DEBUG] [net.neoforged.fml.loading.moddiscovery.ModFile/LOADING]: Loading mod file  with languages [LanguageSpec[languageName=javafml, acceptedVersions=[1,)]]
[08set.2026 23:14:41.951] [main/DEBUG] [net.neoforged.fml.loading.moddiscovery.ModFile/LOADING]: Found mixin config MixinConfig[config=fabric-resource-loader-v0.mixins.json, requiredMods=[]]
[08set.2026 23:14:41.952] [main/DEBUG] [net.neoforged.fml.loading.moddiscovery.ModFile/LOADING]: Found mixin config MixinConfig[config=fabric-resource-loader-v0.client.mixins.json, requiredMods=[]]
[08set.2026 23:14:41.952] [main/DEBUG] [net.neoforged.fml.loading.moddiscovery.ModFileParser/LOADING]: Considering mod file candidate 
[08set.2026 23:14:41.954] [main/DEBUG] [net.neoforged.fml.loading.moddiscovery.ModFileInfo/LOADING]: Found valid mod file fabric-rendering-v1-5.1.0+1a09bd5a19.jar with {fabric_rendering_v1} mods - versions {5.1.0+1a09bd5a19}
[08set.2026 23:14:41.955] [main/DEBUG] [net.neoforged.fml.loading.moddiscovery.ModFile/LOADING]: Loading mod file  with languages [LanguageSpec[languageName=javafml, acceptedVersions=[1,)]]
[08set.2026 23:14:41.955] [main/DEBUG] [net.neoforged.fml.loading.moddiscovery.ModFile/LOADING]: Found mixin config MixinConfig[config=fabric-rendering-v1.mixins.json, requiredMods=[]]
[08set.2026 23:14:41.955] [main/DEBUG] [net.neoforged.fml.loading.moddiscovery.ModFileParser/LOADING]: Considering mod file candidate 
[08set.2026 23:14:41.957] [main/DEBUG] [net.neoforged.fml.loading.moddiscovery.ModFileInfo/LOADING]: Found valid mod file fabric-renderer-indigo-1.7.1+9125b6dc19.jar with {fabric_renderer_indigo} mods - versions {1.7.1+9125b6dc19}
[08set.2026 23:14:41.957] [main/DEBUG] [net.neoforged.fml.loading.moddiscovery.ModFile/LOADING]: Loading mod file  with languages [LanguageSpec[languageName=javafml, acceptedVersions=[1,)]]
[08set.2026 23:14:41.958] [main/DEBUG] [net.neoforged.fml.loading.moddiscovery.ModFile/LOADING]: Found mixin config MixinConfig[config=fabric-renderer-indigo.mixins.json, requiredMods=[]]
[08set.2026 23:14:41.958] [main/DEBUG] [net.neoforged.fml.loading.moddiscovery.ModFileParser/LOADING]: Considering mod file candidate 
[08set.2026 23:14:41.959] [main/DEBUG] [net.neoforged.fml.loading.moddiscovery.ModFileInfo/LOADING]: Found valid mod file fabric-convention-tags-v1-2.1.5+7f945d5b19.jar with {fabric_convention_tags_v1} mods - versions {2.1.5+7f945d5b19}
[08set.2026 23:14:41.960] [main/DEBUG] [net.neoforged.fml.loading.moddiscovery.ModFile/LOADING]: Loading mod file  with languages [LanguageSpec[languageName=javafml, acceptedVersions=[1,)]]
[08set.2026 23:14:41.960] [main/DEBUG] [net.neoforged.fml.loading.moddiscovery.ModFileParser/LOADING]: Considering mod file candidate C:\Users\Vinicius\Desktop\ObsidianWakeAddon\build\moddev\artifacts\neoforge-21.1.235.jar
[08set.2026 23:14:41.962] [main/DEBUG] [net.neoforged.fml.loading.moddiscovery.ModFileInfo/LOADING]: Found valid mod file neoforge-21.1.235.jar with {neoforge} mods - versions {21.1.235}
[08set.2026 23:14:41.962] [main/DEBUG] [net.neoforged.fml.loading.moddiscovery.ModFile/LOADING]: Loading mod file C:\Users\Vinicius\Desktop\ObsidianWakeAddon\build\moddev\artifacts\neoforge-21.1.235.jar with languages [LanguageSpec[languageName=javafml, acceptedVersions=[3,]]]
[08set.2026 23:14:41.962] [main/DEBUG] [net.neoforged.fml.loading.moddiscovery.ModFile/LOADING]: Found mixin config MixinConfig[config=neoforge.mixins.json, requiredMods=[]]
[08set.2026 23:14:41.962] [main/DEBUG] [net.neoforged.fml.loading.moddiscovery.ModFileParser/LOADING]: Considering mod file candidate 
[08set.2026 23:14:41.964] [main/DEBUG] [net.neoforged.fml.loading.moddiscovery.ModFileInfo/LOADING]: Found valid mod file fabric-command-api-v2-2.2.28+36d727be19.jar with {fabric_command_api_v2} mods - versions {2.2.28+36d727be19}
[08set.2026 23:14:41.964] [main/DEBUG] [net.neoforged.fml.loading.moddiscovery.ModFile/LOADING]: Loading mod file  with languages [LanguageSpec[languageName=javafml, acceptedVersions=[1,)]]
[08set.2026 23:14:41.965] [main/DEBUG] [net.neoforged.fml.loading.moddiscovery.ModFile/LOADING]: Found mixin config MixinConfig[config=fabric-command-api-v2.mixins.json, requiredMods=[]]
[08set.2026 23:14:41.965] [main/DEBUG] [net.neoforged.fml.loading.moddiscovery.ModFile/LOADING]: Found mixin config MixinConfig[config=fabric-command-api-v2.client.mixins.json, requiredMods=[]]
[08set.2026 23:14:41.965] [main/DEBUG] [net.neoforged.fml.loading.moddiscovery.ModFileParser/LOADING]: Considering mod file candidate 
[08set.2026 23:14:41.967] [main/DEBUG] [net.neoforged.fml.loading.moddiscovery.ModFileInfo/LOADING]: Found valid mod file fabric-convention-tags-v2-2.11.1+87e5848019.jar with {fabric_convention_tags_v2} mods - versions {2.11.1+87e5848019}
[08set.2026 23:14:41.967] [main/DEBUG] [net.neoforged.fml.loading.moddiscovery.ModFile/LOADING]: Loading mod file  with languages [LanguageSpec[languageName=javafml, acceptedVersions=[1,)]]
[08set.2026 23:14:41.967] [main/DEBUG] [net.neoforged.fml.loading.moddiscovery.ModFile/LOADING]: Found mixin config MixinConfig[config=fabric-convention-tags-api-v2.mixins.json, requiredMods=[]]
[08set.2026 23:14:41.967] [main/DEBUG] [net.neoforged.fml.loading.moddiscovery.ModFileParser/LOADING]: Considering mod file candidate 
[08set.2026 23:14:41.969] [main/DEBUG] [net.neoforged.fml.loading.moddiscovery.ModFileInfo/LOADING]: Found valid mod file fabric-block-view-api-v2-1.0.11+e9036fd419.jar with {fabric_block_view_api_v2} mods - versions {1.0.11+e9036fd419}
[08set.2026 23:14:41.969] [main/DEBUG] [net.neoforged.fml.loading.moddiscovery.ModFile/LOADING]: Loading mod file  with languages [LanguageSpec[languageName=javafml, acceptedVersions=[1,)]]
[08set.2026 23:14:41.969] [main/DEBUG] [net.neoforged.fml.loading.moddiscovery.ModFile/LOADING]: Found mixin config MixinConfig[config=fabric-block-view-api-v2.mixins.json, requiredMods=[]]
[08set.2026 23:14:41.969] [main/DEBUG] [net.neoforged.fml.loading.moddiscovery.ModFile/LOADING]: Found mixin config MixinConfig[config=fabric-block-view-api-v2.client.mixins.json, requiredMods=[]]
[08set.2026 23:14:41.969] [main/DEBUG] [net.neoforged.fml.loading.moddiscovery.ModFileParser/LOADING]: Considering mod file candidate 
[08set.2026 23:14:41.971] [main/DEBUG] [net.neoforged.fml.loading.moddiscovery.ModFileInfo/LOADING]: Found valid mod file fabric-data-attachment-api-v1-1.4.5+26d408aa19.jar with {fabric_data_attachment_api_v1} mods - versions {1.4.5+26d408aa19}
[08set.2026 23:14:41.971] [main/DEBUG] [net.neoforged.fml.loading.moddiscovery.ModFile/LOADING]: Loading mod file  with languages [LanguageSpec[languageName=javafml, acceptedVersions=[1,)]]
[08set.2026 23:14:41.971] [main/DEBUG] [net.neoforged.fml.loading.moddiscovery.ModFile/LOADING]: Found mixin config MixinConfig[config=fabric-data-attachment-api-v1.mixins.json, requiredMods=[]]
[08set.2026 23:14:41.972] [main/DEBUG] [net.neoforged.fml.loading.moddiscovery.ModFileParser/LOADING]: Considering mod file candidate 
[08set.2026 23:14:41.973] [main/DEBUG] [net.neoforged.fml.loading.moddiscovery.ModFileInfo/LOADING]: Found valid mod file fabric-screen-api-v1-2.0.25+0ae1214819.jar with {fabric_screen_api_v1} mods - versions {2.0.25+0ae1214819}
[08set.2026 23:14:41.974] [main/DEBUG] [net.neoforged.fml.loading.moddiscovery.ModFile/LOADING]: Loading mod file  with languages [LanguageSpec[languageName=javafml, acceptedVersions=[1,)]]
[08set.2026 23:14:41.974] [main/DEBUG] [net.neoforged.fml.loading.moddiscovery.ModFile/LOADING]: Found mixin config MixinConfig[config=fabric-screen-api-v1.mixins.json, requiredMods=[]]
[08set.2026 23:14:41.975] [main/DEBUG] [net.neoforged.fml.loading.moddiscovery.ModFileParser/LOADING]: Considering mod file candidate 
[08set.2026 23:14:41.976] [main/DEBUG] [net.neoforged.fml.loading.moddiscovery.ModFileInfo/LOADING]: Found valid mod file fabric-particles-v1-4.0.2+824f924c19.jar with {fabric_particles_v1} mods - versions {4.0.2+824f924c19}
[08set.2026 23:14:41.977] [main/DEBUG] [net.neoforged.fml.loading.moddiscovery.ModFile/LOADING]: Loading mod file  with languages [LanguageSpec[languageName=javafml, acceptedVersions=[1,)]]
[08set.2026 23:14:41.977] [main/DEBUG] [net.neoforged.fml.loading.moddiscovery.ModFile/LOADING]: Found mixin config MixinConfig[config=fabric-particles-v1.client.mixins.json, requiredMods=[]]
[08set.2026 23:14:41.977] [main/DEBUG] [net.neoforged.fml.loading.moddiscovery.ModFileParser/LOADING]: Considering mod file candidate C:\Users\Vinicius\Desktop\ObsidianWakeAddon\libs\forgified-fabric-api-0.116.7+2.2.4+1.21.1.jar
[08set.2026 23:14:41.979] [main/DEBUG] [net.neoforged.fml.loading.moddiscovery.ModFileInfo/LOADING]: Found valid mod file forgified-fabric-api-0.116.7+2.2.4+1.21.1.jar with {fabric_api,forgified_fabric_api} mods - versions {0.116.7+2.2.4+1.21.1,0.116.7+2.2.4+1.21.1}
[08set.2026 23:14:41.979] [main/DEBUG] [net.neoforged.fml.loading.moddiscovery.ModFile/LOADING]: Loading mod file C:\Users\Vinicius\Desktop\ObsidianWakeAddon\libs\forgified-fabric-api-0.116.7+2.2.4+1.21.1.jar with languages [LanguageSpec[languageName=lowcodefml, acceptedVersions=[1,)]]
[08set.2026 23:14:41.979] [main/DEBUG] [net.neoforged.fml.loading.moddiscovery.ModFileParser/LOADING]: Considering mod file candidate 
[08set.2026 23:14:41.981] [main/DEBUG] [net.neoforged.fml.loading.moddiscovery.ModFileInfo/LOADING]: Found valid mod file fabric-content-registries-v0-8.0.19+5e0d320019.jar with {fabric_content_registries_v0} mods - versions {8.0.19+5e0d320019}
[08set.2026 23:14:41.981] [main/DEBUG] [net.neoforged.fml.loading.moddiscovery.ModFile/LOADING]: Loading mod file  with languages [LanguageSpec[languageName=javafml, acceptedVersions=[1,)]]
[08set.2026 23:14:41.982] [main/DEBUG] [net.neoforged.fml.loading.moddiscovery.ModFile/LOADING]: Found mixin config MixinConfig[config=fabric-content-registries-v0.mixins.json, requiredMods=[]]
[08set.2026 23:14:41.982] [main/DEBUG] [net.neoforged.fml.loading.moddiscovery.ModFileParser/LOADING]: Considering mod file candidate 
[08set.2026 23:14:41.983] [main/DEBUG] [net.neoforged.fml.loading.moddiscovery.ModFileInfo/LOADING]: Found valid mod file fabric-transitive-access-wideners-v1-6.2.0+6c854b6f19.jar with {fabric_transitive_access_wideners_v1} mods - versions {6.2.0+6c854b6f19}
[08set.2026 23:14:41.983] [main/DEBUG] [net.neoforged.fml.loading.moddiscovery.ModFile/LOADING]: Loading mod file  with languages [LanguageSpec[languageName=lowcodefml, acceptedVersions=[1,)]]
[08set.2026 23:14:41.984] [main/DEBUG] [net.neoforged.fml.loading.moddiscovery.ModFileInfo/LOADING]: Found valid mod file neoforge-21.1.235.jar with {minecraft} mods - versions {1.21.1}
[08set.2026 23:14:41.984] [main/DEBUG] [net.neoforged.fml.loading.moddiscovery.ModFile/LOADING]: Loading mod file C:\Users\Vinicius\Desktop\ObsidianWakeAddon\build\moddev\artifacts\neoforge-21.1.235.jar with languages [LanguageSpec[languageName=minecraft, acceptedVersions=1]]
[08set.2026 23:14:41.985] [main/DEBUG] [net.neoforged.fml.loading.moddiscovery.ModFileParser/LOADING]: Considering mod file candidate 
[08set.2026 23:14:41.986] [main/DEBUG] [net.neoforged.fml.loading.moddiscovery.ModFileInfo/LOADING]: Found valid mod file fabric-game-rule-api-v1-1.0.53+36d727be19.jar with {fabric_game_rule_api_v1} mods - versions {1.0.53+36d727be19}
[08set.2026 23:14:41.986] [main/DEBUG] [net.neoforged.fml.loading.moddiscovery.ModFile/LOADING]: Loading mod file  with languages [LanguageSpec[languageName=javafml, acceptedVersions=[1,)]]
[08set.2026 23:14:41.986] [main/DEBUG] [net.neoforged.fml.loading.moddiscovery.ModFile/LOADING]: Found mixin config MixinConfig[config=fabric-game-rule-api-v1.mixins.json, requiredMods=[]]
[08set.2026 23:14:41.986] [main/DEBUG] [net.neoforged.fml.loading.moddiscovery.ModFile/LOADING]: Found mixin config MixinConfig[config=fabric-game-rule-api-v1.client.mixins.json, requiredMods=[]]
[08set.2026 23:14:41.987] [main/DEBUG] [net.neoforged.fml.loading.moddiscovery.ModFileParser/LOADING]: Considering mod file candidate 
[08set.2026 23:14:41.988] [main/DEBUG] [net.neoforged.fml.loading.moddiscovery.ModFileInfo/LOADING]: Found valid mod file fabric-api-base-0.4.42+d1308ded19.jar with {fabric_api_base} mods - versions {0.4.42+d1308ded19}
[08set.2026 23:14:41.988] [main/DEBUG] [net.neoforged.fml.loading.moddiscovery.ModFile/LOADING]: Loading mod file  with languages [LanguageSpec[languageName=javafml, acceptedVersions=[1,)]]
[08set.2026 23:14:41.988] [main/DEBUG] [net.neoforged.fml.loading.moddiscovery.ModFileParser/LOADING]: Considering mod file candidate 
[08set.2026 23:14:41.990] [main/DEBUG] [net.neoforged.fml.loading.moddiscovery.ModFileInfo/LOADING]: Found valid mod file fabric-api-lookup-api-v1-1.6.71+c290471319.jar with {fabric_api_lookup_api_v1} mods - versions {1.6.71+c290471319}
[08set.2026 23:14:41.990] [main/DEBUG] [net.neoforged.fml.loading.moddiscovery.ModFile/LOADING]: Loading mod file  with languages [LanguageSpec[languageName=javafml, acceptedVersions=[1,)]]
[08set.2026 23:14:41.990] [main/DEBUG] [net.neoforged.fml.loading.moddiscovery.ModFile/LOADING]: Found mixin config MixinConfig[config=fabric-api-lookup-api-v1.mixins.json, requiredMods=[]]
[08set.2026 23:14:41.991] [main/DEBUG] [net.neoforged.fml.loading.moddiscovery.ModFileParser/LOADING]: Considering mod file candidate 
[08set.2026 23:14:41.992] [main/DEBUG] [net.neoforged.fml.loading.moddiscovery.ModFileInfo/LOADING]: Found valid mod file fabric-blockrenderlayer-v1-1.1.52+c290471319.jar with {fabric_blockrenderlayer_v1} mods - versions {1.1.52+c290471319}
[08set.2026 23:14:41.992] [main/DEBUG] [net.neoforged.fml.loading.moddiscovery.ModFile/LOADING]: Loading mod file  with languages [LanguageSpec[languageName=javafml, acceptedVersions=[1,)]]
[08set.2026 23:14:41.993] [main/DEBUG] [net.neoforged.fml.loading.moddiscovery.ModFile/LOADING]: Found mixin config MixinConfig[config=fabric-blockrenderlayer-v1.mixins.json, requiredMods=[]]
[08set.2026 23:14:41.993] [main/DEBUG] [net.neoforged.fml.loading.moddiscovery.ModFileParser/LOADING]: Considering mod file candidate 
[08set.2026 23:14:41.994] [main/DEBUG] [net.neoforged.fml.loading.moddiscovery.ModFileInfo/LOADING]: Found valid mod file fabric-block-api-v1-1.1.0+b0c22bb819.jar with {fabric_block_api_v1} mods - versions {1.1.0+b0c22bb819}
[08set.2026 23:14:41.995] [main/DEBUG] [net.neoforged.fml.loading.moddiscovery.ModFile/LOADING]: Loading mod file  with languages [LanguageSpec[languageName=javafml, acceptedVersions=[1,)]]
[08set.2026 23:14:41.995] [main/DEBUG] [net.neoforged.fml.loading.moddiscovery.ModFile/LOADING]: Found mixin config MixinConfig[config=fabric-block-api-v1.mixins.json, requiredMods=[]]
[08set.2026 23:14:41.995] [main/DEBUG] [net.neoforged.fml.loading.moddiscovery.ModFileParser/LOADING]: Considering mod file candidate 
[08set.2026 23:14:41.998] [main/DEBUG] [net.neoforged.fml.loading.moddiscovery.ModFileInfo/LOADING]: Found valid mod file fabric-resource-conditions-api-v1-4.3.0+5bdd099819.jar with {fabric_resource_conditions_api_v1} mods - versions {4.3.0+5bdd099819}
[08set.2026 23:14:41.998] [main/DEBUG] [net.neoforged.fml.loading.moddiscovery.ModFile/LOADING]: Loading mod file  with languages [LanguageSpec[languageName=javafml, acceptedVersions=[1,)]]
[08set.2026 23:14:41.998] [main/DEBUG] [net.neoforged.fml.loading.moddiscovery.ModFile/LOADING]: Found mixin config MixinConfig[config=fabric-resource-conditions-api-v1.mixins.json, requiredMods=[]]
[08set.2026 23:14:41.999] [main/DEBUG] [net.neoforged.fml.loading.moddiscovery.ModFileParser/LOADING]: Considering mod file candidate 
[08set.2026 23:14:42.001] [main/DEBUG] [net.neoforged.fml.loading.moddiscovery.ModFileInfo/LOADING]: Found valid mod file fabric-item-group-api-v1-4.1.7+e324903319.jar with {fabric_item_group_api_v1} mods - versions {4.1.7+e324903319}
[08set.2026 23:14:42.001] [main/DEBUG] [net.neoforged.fml.loading.moddiscovery.ModFile/LOADING]: Loading mod file  with languages [LanguageSpec[languageName=javafml, acceptedVersions=[1,)]]
[08set.2026 23:14:42.001] [main/DEBUG] [net.neoforged.fml.loading.moddiscovery.ModFile/LOADING]: Found mixin config MixinConfig[config=fabric-item-group-api-v1.mixins.json, requiredMods=[]]
[08set.2026 23:14:42.002] [main/DEBUG] [net.neoforged.fml.loading.moddiscovery.ModFile/LOADING]: Found mixin config MixinConfig[config=fabric-item-group-api-v1.client.mixins.json, requiredMods=[]]
[08set.2026 23:14:42.002] [main/DEBUG] [net.neoforged.fml.loading.moddiscovery.ModFileParser/LOADING]: Considering mod file candidate 
[08set.2026 23:14:42.003] [main/DEBUG] [net.neoforged.fml.loading.moddiscovery.ModFileInfo/LOADING]: Found valid mod file fabric-gametest-api-v1-2.0.5+29f188ce19.jar with {fabric_gametest_api_v1} mods - versions {2.0.5+29f188ce19}
[08set.2026 23:14:42.004] [main/DEBUG] [net.neoforged.fml.loading.moddiscovery.ModFile/LOADING]: Loading mod file  with languages [LanguageSpec[languageName=javafml, acceptedVersions=[1,)]]
[08set.2026 23:14:42.004] [main/DEBUG] [net.neoforged.fml.loading.moddiscovery.ModFile/LOADING]: Found mixin config MixinConfig[config=fabric-gametest-api-v1.mixins.json, requiredMods=[]]
[08set.2026 23:14:42.004] [main/DEBUG] [net.neoforged.fml.loading.moddiscovery.ModFileParser/LOADING]: Considering mod file candidate C:\Users\Vinicius\Desktop\ObsidianWakeAddon\build\classes\java\main
[08set.2026 23:14:42.006] [main/DEBUG] [net.neoforged.fml.loading.moddiscovery.ModFileInfo/LOADING]: Found valid mod file main with {elementalsmorebendings} mods - versions {1.0.0}
[08set.2026 23:14:42.007] [main/DEBUG] [net.neoforged.fml.loading.moddiscovery.ModFile/LOADING]: Loading mod file C:\Users\Vinicius\Desktop\ObsidianWakeAddon\build\classes\java\main with languages [LanguageSpec[languageName=javafml, acceptedVersions=[1,)]]
[08set.2026 23:14:42.007] [main/DEBUG] [net.neoforged.fml.loading.moddiscovery.ModFileParser/LOADING]: Considering mod file candidate 
[08set.2026 23:14:42.009] [main/DEBUG] [net.neoforged.fml.loading.moddiscovery.ModFileInfo/LOADING]: Found valid mod file fabric-biome-api-v1-13.0.31+1e62d33c19.jar with {fabric_biome_api_v1} mods - versions {13.0.31+1e62d33c19}
[08set.2026 23:14:42.009] [main/DEBUG] [net.neoforged.fml.loading.moddiscovery.ModFile/LOADING]: Loading mod file  with languages [LanguageSpec[languageName=javafml, acceptedVersions=[1,)]]
[08set.2026 23:14:42.009] [main/DEBUG] [net.neoforged.fml.loading.moddiscovery.ModFile/LOADING]: Found mixin config MixinConfig[config=fabric-biome-api-v1.mixins.json, requiredMods=[]]
[08set.2026 23:14:42.010] [main/DEBUG] [net.neoforged.fml.loading.moddiscovery.ModFileParser/LOADING]: Considering mod file candidate 
[08set.2026 23:14:42.011] [main/DEBUG] [net.neoforged.fml.loading.moddiscovery.ModFileInfo/LOADING]: Found valid mod file fabric-entity-events-v1-1.8.0+5ede667619.jar with {fabric_entity_events_v1} mods - versions {1.8.0+5ede667619}
[08set.2026 23:14:42.011] [main/DEBUG] [net.neoforged.fml.loading.moddiscovery.ModFile/LOADING]: Loading mod file  with languages [LanguageSpec[languageName=javafml, acceptedVersions=[1,)]]
[08set.2026 23:14:42.012] [main/DEBUG] [net.neoforged.fml.loading.moddiscovery.ModFile/LOADING]: Found mixin config MixinConfig[config=fabric-entity-events-v1.mixins.json, requiredMods=[]]
[08set.2026 23:14:42.012] [main/DEBUG] [net.neoforged.fml.loading.moddiscovery.ModFileParser/LOADING]: Considering mod file candidate 
[08set.2026 23:14:42.014] [main/DEBUG] [net.neoforged.fml.loading.moddiscovery.ModFileInfo/LOADING]: Found valid mod file fabric-registry-sync-v0-5.3.1+f9aace1619.jar with {fabric_registry_sync_v0} mods - versions {5.3.1+f9aace1619}
[08set.2026 23:14:42.015] [main/DEBUG] [net.neoforged.fml.loading.moddiscovery.ModFile/LOADING]: Loading mod file  with languages [LanguageSpec[languageName=javafml, acceptedVersions=[1,)]]
[08set.2026 23:14:42.015] [main/DEBUG] [net.neoforged.fml.loading.moddiscovery.ModFile/LOADING]: Found mixin config MixinConfig[config=fabric-registry-sync-v0.mixins.json, requiredMods=[]]
[08set.2026 23:14:42.015] [main/DEBUG] [net.neoforged.fml.loading.moddiscovery.ModFileParser/LOADING]: Considering mod file candidate 
[08set.2026 23:14:42.017] [main/DEBUG] [net.neoforged.fml.loading.moddiscovery.ModFileInfo/LOADING]: Found valid mod file fabric-recipe-api-v1-5.0.15+59440bcc19.jar with {fabric_recipe_api_v1} mods - versions {5.0.15+59440bcc19}
[08set.2026 23:14:42.017] [main/DEBUG] [net.neoforged.fml.loading.moddiscovery.ModFile/LOADING]: Loading mod file  with languages [LanguageSpec[languageName=javafml, acceptedVersions=[1,)]]
[08set.2026 23:14:42.018] [main/DEBUG] [net.neoforged.fml.loading.moddiscovery.ModFile/LOADING]: Found mixin config MixinConfig[config=fabric-recipe-api-v1.mixins.json, requiredMods=[]]
[08set.2026 23:14:42.018] [main/DEBUG] [net.neoforged.fml.loading.moddiscovery.ModFileParser/LOADING]: Considering mod file candidate 
[08set.2026 23:14:42.019] [main/DEBUG] [net.neoforged.fml.loading.moddiscovery.ModFileInfo/LOADING]: Found valid mod file fabric-object-builder-api-v1-15.2.1+cc242efd19.jar with {fabric_object_builder_api_v1} mods - versions {15.2.1+cc242efd19}
[08set.2026 23:14:42.020] [main/DEBUG] [net.neoforged.fml.loading.moddiscovery.ModFile/LOADING]: Loading mod file  with languages [LanguageSpec[languageName=javafml, acceptedVersions=[1,)]]
[08set.2026 23:14:42.020] [main/DEBUG] [net.neoforged.fml.loading.moddiscovery.ModFile/LOADING]: Found mixin config MixinConfig[config=fabric-object-builder-v1.mixins.json, requiredMods=[]]
[08set.2026 23:14:42.020] [main/DEBUG] [net.neoforged.fml.loading.moddiscovery.ModFileParser/LOADING]: Considering mod file candidate 
[08set.2026 23:14:42.022] [main/DEBUG] [net.neoforged.fml.loading.moddiscovery.ModFileInfo/LOADING]: Found valid mod file fabric-loot-api-v2-3.0.15+a3ee712d19.jar with {fabric_loot_api_v2} mods - versions {3.0.15+a3ee712d19}
[08set.2026 23:14:42.022] [main/DEBUG] [net.neoforged.fml.loading.moddiscovery.ModFile/LOADING]: Loading mod file  with languages [LanguageSpec[languageName=javafml, acceptedVersions=[1,)]]
[08set.2026 23:14:42.022] [main/DEBUG] [net.neoforged.fml.loading.moddiscovery.ModFile/LOADING]: Found mixin config MixinConfig[config=fabric-loot-api-v2.mixins.json, requiredMods=[]]
[08set.2026 23:14:42.022] [main/DEBUG] [net.neoforged.fml.loading.moddiscovery.ModFileParser/LOADING]: Considering mod file candidate 
[08set.2026 23:14:42.024] [main/DEBUG] [net.neoforged.fml.loading.moddiscovery.ModFileInfo/LOADING]: Found valid mod file fabric-loot-api-v3-1.0.3+333dfad919.jar with {fabric_loot_api_v3} mods - versions {1.0.3+333dfad919}
[08set.2026 23:14:42.024] [main/DEBUG] [net.neoforged.fml.loading.moddiscovery.ModFile/LOADING]: Loading mod file  with languages [LanguageSpec[languageName=javafml, acceptedVersions=[1,)]]
[08set.2026 23:14:42.025] [main/DEBUG] [net.neoforged.fml.loading.moddiscovery.ModFile/LOADING]: Found mixin config MixinConfig[config=fabric-loot-api-v3.mixins.json, requiredMods=[]]
[08set.2026 23:14:42.025] [main/DEBUG] [net.neoforged.fml.loading.moddiscovery.ModFileParser/LOADING]: Considering mod file candidate 
[08set.2026 23:14:42.026] [main/DEBUG] [net.neoforged.fml.loading.moddiscovery.ModFileInfo/LOADING]: Found valid mod file fabric-rendering-data-attachment-v1-0.3.49+73761d2e19.jar with {fabric_rendering_data_attachment_v1} mods - versions {0.3.49+73761d2e19}
[08set.2026 23:14:42.027] [main/DEBUG] [net.neoforged.fml.loading.moddiscovery.ModFile/LOADING]: Loading mod file  with languages [LanguageSpec[languageName=javafml, acceptedVersions=[1,)]]
[08set.2026 23:14:42.027] [main/DEBUG] [net.neoforged.fml.loading.moddiscovery.ModFile/LOADING]: Found mixin config MixinConfig[config=fabric-rendering-data-attachment-v1.mixins.json, requiredMods=[]]
[08set.2026 23:14:42.027] [main/DEBUG] [net.neoforged.fml.loading.moddiscovery.ModFile/LOADING]: Found mixin config MixinConfig[config=fabric-rendering-data-attachment-v1.client.mixins.json, requiredMods=[]]
[08set.2026 23:14:42.027] [main/DEBUG] [net.neoforged.fml.loading.moddiscovery.ModFileParser/LOADING]: Considering mod file candidate 
[08set.2026 23:14:42.029] [main/DEBUG] [net.neoforged.fml.loading.moddiscovery.ModFileInfo/LOADING]: Found valid mod file fabric-networking-api-v1-4.3.0+30a980d919.jar with {fabric_networking_api_v1} mods - versions {4.3.0+30a980d919}
[08set.2026 23:14:42.029] [main/DEBUG] [net.neoforged.fml.loading.moddiscovery.ModFile/LOADING]: Loading mod file  with languages [LanguageSpec[languageName=javafml, acceptedVersions=[1,)]]
[08set.2026 23:14:42.029] [main/DEBUG] [net.neoforged.fml.loading.moddiscovery.ModFile/LOADING]: Found mixin config MixinConfig[config=fabric-networking-api-v1.mixins.json, requiredMods=[]]
[08set.2026 23:14:42.029] [main/DEBUG] [net.neoforged.fml.loading.moddiscovery.ModFile/LOADING]: Found mixin config MixinConfig[config=fabric-networking-api-v1.client.mixins.json, requiredMods=[]]
[08set.2026 23:14:42.030] [main/DEBUG] [net.neoforged.fml.loading.moddiscovery.ModFileParser/LOADING]: Considering mod file candidate 
[08set.2026 23:14:42.031] [main/DEBUG] [net.neoforged.fml.loading.moddiscovery.ModFileInfo/LOADING]: Found valid mod file fabric-sound-api-v1-1.0.23+10b84f8419.jar with {fabric_sound_api_v1} mods - versions {1.0.23+10b84f8419}
[08set.2026 23:14:42.031] [main/DEBUG] [net.neoforged.fml.loading.moddiscovery.ModFile/LOADING]: Loading mod file  with languages [LanguageSpec[languageName=javafml, acceptedVersions=[1,)]]
[08set.2026 23:14:42.032] [main/DEBUG] [net.neoforged.fml.loading.moddiscovery.ModFile/LOADING]: Found mixin config MixinConfig[config=fabric-sound-api-v1.mixins.json, requiredMods=[]]
[08set.2026 23:14:42.032] [main/DEBUG] [net.neoforged.fml.loading.moddiscovery.ModFileParser/LOADING]: Considering mod file candidate C:\Users\Vinicius\Desktop\ObsidianWakeAddon\libs\lodestone-1.21.1-1.8.2.jar
[08set.2026 23:14:42.034] [main/DEBUG] [net.neoforged.fml.loading.moddiscovery.ModFileInfo/LOADING]: Found valid mod file lodestone-1.21.1-1.8.2.jar with {lodestone} mods - versions {1.8.2}
[08set.2026 23:14:42.034] [main/DEBUG] [net.neoforged.fml.loading.moddiscovery.ModFile/LOADING]: Loading mod file C:\Users\Vinicius\Desktop\ObsidianWakeAddon\libs\lodestone-1.21.1-1.8.2.jar with languages [LanguageSpec[languageName=javafml, acceptedVersions=[4,)]]
[08set.2026 23:14:42.034] [main/DEBUG] [net.neoforged.fml.loading.moddiscovery.ModFile/LOADING]: Found mixin config MixinConfig[config=lodestone.mixins.json, requiredMods=[]]
[08set.2026 23:14:42.034] [main/DEBUG] [net.neoforged.fml.loading.moddiscovery.ModFileParser/LOADING]: Considering mod file candidate 
[08set.2026 23:14:42.035] [main/DEBUG] [net.neoforged.fml.loading.moddiscovery.ModFileInfo/LOADING]: Found valid mod file fabric-message-api-v1-6.0.14+6a754fce19.jar with {fabric_message_api_v1} mods - versions {6.0.14+6a754fce19}
[08set.2026 23:14:42.036] [main/DEBUG] [net.neoforged.fml.loading.moddiscovery.ModFile/LOADING]: Loading mod file  with languages [LanguageSpec[languageName=javafml, acceptedVersions=[1,)]]
[08set.2026 23:14:42.036] [main/DEBUG] [net.neoforged.fml.loading.moddiscovery.ModFile/LOADING]: Found mixin config MixinConfig[config=fabric-message-api-v1.mixins.json, requiredMods=[]]
[08set.2026 23:14:42.036] [main/DEBUG] [net.neoforged.fml.loading.moddiscovery.ModFile/LOADING]: Found mixin config MixinConfig[config=fabric-message-api-v1.client.mixins.json, requiredMods=[]]
[08set.2026 23:14:42.036] [main/DEBUG] [net.neoforged.fml.loading.moddiscovery.ModFileParser/LOADING]: Considering mod file candidate C:\Users\Vinicius\Desktop\ObsidianWakeAddon\libs\elementals-neoforge-1.21.1-5.0.0.jar
[08set.2026 23:14:42.037] [main/DEBUG] [net.neoforged.fml.loading.moddiscovery.ModFileInfo/LOADING]: Found valid mod file elementals-neoforge-1.21.1-5.0.0.jar with {elementals} mods - versions {5.0.0}
[08set.2026 23:14:42.038] [main/DEBUG] [net.neoforged.fml.loading.moddiscovery.ModFile/LOADING]: Loading mod file C:\Users\Vinicius\Desktop\ObsidianWakeAddon\libs\elementals-neoforge-1.21.1-5.0.0.jar with languages [LanguageSpec[languageName=javafml, acceptedVersions=[4,)]]
[08set.2026 23:14:42.038] [main/DEBUG] [net.neoforged.fml.loading.moddiscovery.ModFile/LOADING]: Found mixin config MixinConfig[config=elementals.mixins.json, requiredMods=[]]
[08set.2026 23:14:42.038] [main/DEBUG] [net.neoforged.fml.loading.moddiscovery.ModFile/LOADING]: Found mixin config MixinConfig[config=elementals.neoforge.mixins.json, requiredMods=[]]
[08set.2026 23:14:42.038] [main/DEBUG] [net.neoforged.fml.loading.moddiscovery.ModFileParser/LOADING]: Considering mod file candidate 
[08set.2026 23:14:42.039] [main/DEBUG] [net.neoforged.fml.loading.moddiscovery.ModFileInfo/LOADING]: Found valid mod file fabric-lifecycle-events-v1-2.6.0+e40d8add19.jar with {fabric_lifecycle_events_v1} mods - versions {2.6.0+e40d8add19}
[08set.2026 23:14:42.039] [main/DEBUG] [net.neoforged.fml.loading.moddiscovery.ModFile/LOADING]: Loading mod file  with languages [LanguageSpec[languageName=javafml, acceptedVersions=[1,)]]
[08set.2026 23:14:42.040] [main/DEBUG] [net.neoforged.fml.loading.moddiscovery.ModFile/LOADING]: Found mixin config MixinConfig[config=fabric-lifecycle-events-v1.mixins.json, requiredMods=[]]
[08set.2026 23:14:42.040] [main/DEBUG] [net.neoforged.fml.loading.moddiscovery.ModFile/LOADING]: Found mixin config MixinConfig[config=fabric-lifecycle-events-v1.client.mixins.json, requiredMods=[]]
[08set.2026 23:14:42.040] [main/DEBUG] [net.neoforged.fml.loading.moddiscovery.ModFileParser/LOADING]: Considering mod file candidate 
[08set.2026 23:14:42.041] [main/DEBUG] [net.neoforged.fml.loading.moddiscovery.ModFileInfo/LOADING]: Found valid mod file fabric-data-generation-api-v1-20.2.34+a4c3605619.jar with {fabric_data_generation_api_v1} mods - versions {20.2.34+a4c3605619}
[08set.2026 23:14:42.041] [main/DEBUG] [net.neoforged.fml.loading.moddiscovery.ModFile/LOADING]: Loading mod file  with languages [LanguageSpec[languageName=javafml, acceptedVersions=[1,)]]
[08set.2026 23:14:42.041] [main/DEBUG] [net.neoforged.fml.loading.moddiscovery.ModFile/LOADING]: Found mixin config MixinConfig[config=fabric-data-generation-api-v1.mixins.json, requiredMods=[]]
[08set.2026 23:14:42.041] [main/DEBUG] [net.neoforged.fml.loading.moddiscovery.ModFileParser/LOADING]: Considering mod file candidate 
[08set.2026 23:14:42.043] [main/DEBUG] [net.neoforged.fml.loading.moddiscovery.ModFileInfo/LOADING]: Found valid mod file fabric-events-interaction-v0-0.7.13+86e0887119.jar with {fabric_events_interaction_v0} mods - versions {0.7.13+86e0887119}
[08set.2026 23:14:42.043] [main/DEBUG] [net.neoforged.fml.loading.moddiscovery.ModFile/LOADING]: Loading mod file  with languages [LanguageSpec[languageName=javafml, acceptedVersions=[1,)]]
[08set.2026 23:14:42.043] [main/DEBUG] [net.neoforged.fml.loading.moddiscovery.ModFile/LOADING]: Found mixin config MixinConfig[config=fabric-events-interaction-v0.mixins.json, requiredMods=[]]
[08set.2026 23:14:42.043] [main/DEBUG] [net.neoforged.fml.loading.moddiscovery.ModFile/LOADING]: Found mixin config MixinConfig[config=fabric-events-interaction-v0.client.mixins.json, requiredMods=[]]
[08set.2026 23:14:42.043] [main/DEBUG] [net.neoforged.fml.loading.moddiscovery.ModFileParser/LOADING]: Considering mod file candidate 
[08set.2026 23:14:42.045] [main/DEBUG] [net.neoforged.fml.loading.moddiscovery.ModFileInfo/LOADING]: Found valid mod file fabric-key-binding-api-v1-1.0.47+62cc7ce119.jar with {fabric_key_binding_api_v1} mods - versions {1.0.47+62cc7ce119}
[08set.2026 23:14:42.045] [main/DEBUG] [net.neoforged.fml.loading.moddiscovery.ModFile/LOADING]: Loading mod file  with languages [LanguageSpec[languageName=javafml, acceptedVersions=[1,)]]
[08set.2026 23:14:42.045] [main/DEBUG] [net.neoforged.fml.loading.moddiscovery.ModFile/LOADING]: Found mixin config MixinConfig[config=fabric-key-binding-api-v1.mixins.json, requiredMods=[]]
[08set.2026 23:14:42.045] [main/DEBUG] [net.neoforged.fml.loading.moddiscovery.ModFileParser/LOADING]: Considering mod file candidate 
[08set.2026 23:14:42.046] [main/DEBUG] [net.neoforged.fml.loading.moddiscovery.ModFileInfo/LOADING]: Found valid mod file fabric-client-tags-api-v1-1.1.15+e053909619.jar with {fabric_client_tags_api_v1} mods - versions {1.1.15+e053909619}
[08set.2026 23:14:42.047] [main/DEBUG] [net.neoforged.fml.loading.moddiscovery.ModFile/LOADING]: Loading mod file  with languages [LanguageSpec[languageName=javafml, acceptedVersions=[1,)]]
[08set.2026 23:14:42.047] [main/DEBUG] [net.neoforged.fml.loading.moddiscovery.ModFile/LOADING]: Loading mod file  with languages []
[08set.2026 23:14:42.049] [main/DEBUG] [cpw.mods.modlauncher.TransformationServiceDecorator/MODLAUNCHER]: End scan trigger - transformation service fml
[08set.2026 23:14:42.089] [main/DEBUG] [net.neoforged.fml.util.ServiceLoaderUtil/CORE]: Found 4 implementations of IModLanguageLoader:
[08set.2026 23:14:42.090] [main/DEBUG] [net.neoforged.fml.util.ServiceLoaderUtil/CORE]: 	net.fabricmc.loader.impl.bootstrap.FabricLoaderHackyInjector from forgified-fabric-api-0.116.7+2.2.4+1.21.1.jar > forgified-fabric-loader-2.5.68+0.18.4+1.21.1-full.jar
[08set.2026 23:14:42.090] [main/DEBUG] [net.neoforged.fml.util.ServiceLoaderUtil/CORE]: 	net.neoforged.fml.javafmlmod.FMLJavaModLanguageProvider from loader-4.0.42.jar
[08set.2026 23:14:42.090] [main/DEBUG] [net.neoforged.fml.util.ServiceLoaderUtil/CORE]: 	net.neoforged.fml.lowcodemod.LowCodeModLanguageProvider from loader-4.0.42.jar
[08set.2026 23:14:42.091] [main/DEBUG] [net.neoforged.fml.util.ServiceLoaderUtil/CORE]: 	net.neoforged.fml.mclanguageprovider.MinecraftModLanguageProvider from loader-4.0.42.jar
[08set.2026 23:14:42.091] [main/DEBUG] [net.neoforged.fml.loading.LanguageProviderLoader/CORE]: Found language provider __fabric_loader_bootstrap, version 2.5.68+0.18.4+1.21.1-full
[08set.2026 23:14:42.093] [main/DEBUG] [net.neoforged.fml.loading.LanguageProviderLoader/CORE]: Found language provider javafml, version 4.0.42
[08set.2026 23:14:42.093] [main/DEBUG] [net.neoforged.fml.loading.LanguageProviderLoader/CORE]: Found language provider lowcodefml, version 4.0.42
[08set.2026 23:14:42.093] [main/DEBUG] [net.neoforged.fml.loading.LanguageProviderLoader/CORE]: Found language provider minecraft, version 4.0.42
[08set.2026 23:14:42.107] [main/DEBUG] [net.neoforged.fml.loading.ModSorter/]: Configured system mods: [minecraft, neoforge]
[08set.2026 23:14:42.108] [main/DEBUG] [net.neoforged.fml.loading.ModSorter/]: Found system mod: minecraft
[08set.2026 23:14:42.108] [main/DEBUG] [net.neoforged.fml.loading.ModSorter/]: Found system mod: neoforge
[08set.2026 23:14:42.114] [main/DEBUG] [net.neoforged.fml.loading.ModSorter/LOADING]: Found 136 mod requirements (135 mandatory, 1 optional)
[08set.2026 23:14:42.116] [main/DEBUG] [net.neoforged.fml.loading.ModSorter/LOADING]: Found 0 mod requirements missing (0 mandatory, 0 optional)
[08set.2026 23:14:42.463] [main/DEBUG] [mixin/]: Adding mixin platform agents for container net.neoforged.fml.loading.mixin.FMLMixinContainerHandle@ac20bb4
[08set.2026 23:14:42.463] [main/DEBUG] [mixin/]: Instancing new MixinPlatformAgentMinecraftForge for net.neoforged.fml.loading.mixin.FMLMixinContainerHandle@ac20bb4
[08set.2026 23:14:42.464] [main/DEBUG] [mixin/]: MixinPlatformAgentMinecraftForge rejected container net.neoforged.fml.loading.mixin.FMLMixinContainerHandle@ac20bb4
[08set.2026 23:14:42.464] [main/DEBUG] [mixin/]: Instancing new MixinPlatformAgentDefault for net.neoforged.fml.loading.mixin.FMLMixinContainerHandle@ac20bb4
[08set.2026 23:14:42.464] [main/DEBUG] [mixin/]: MixinPlatformAgentDefault accepted container net.neoforged.fml.loading.mixin.FMLMixinContainerHandle@ac20bb4
[08set.2026 23:14:42.464] [main/DEBUG] [mixin/]: Instancing new FMLMixinPlatformAgent for net.neoforged.fml.loading.mixin.FMLMixinContainerHandle@ac20bb4
[08set.2026 23:14:42.464] [main/DEBUG] [mixin/]: FMLMixinPlatformAgent accepted container net.neoforged.fml.loading.mixin.FMLMixinContainerHandle@ac20bb4
[08set.2026 23:14:42.498] [main/DEBUG] [cpw.mods.modlauncher.TransformationServicesHandler/MODLAUNCHER]: Transformation services loading transformers
[08set.2026 23:14:42.501] [main/DEBUG] [cpw.mods.modlauncher.TransformationServiceDecorator/MODLAUNCHER]: Initializing transformers for transformation service mixin
[08set.2026 23:14:42.504] [main/DEBUG] [cpw.mods.modlauncher.TransformationServiceDecorator/MODLAUNCHER]: Initialized transformers for transformation service mixin
[08set.2026 23:14:42.504] [main/DEBUG] [cpw.mods.modlauncher.TransformationServiceDecorator/MODLAUNCHER]: Initializing transformers for transformation service fml
[08set.2026 23:14:42.504] [main/DEBUG] [net.neoforged.fml.loading.FMLServiceProvider/LOADING]: Loading coremod transformers
[08set.2026 23:14:42.506] [main/DEBUG] [net.neoforged.fml.loading.FMLServiceProvider/CORE]: Not loading coremod script-engine since no mod requested it
[08set.2026 23:14:42.508] [main/DEBUG] [net.neoforged.fml.util.ServiceLoaderUtil/CORE]: Found 1 implementations of ICoreMod:
[08set.2026 23:14:42.511] [main/DEBUG] [net.neoforged.fml.util.ServiceLoaderUtil/CORE]: 	net.neoforged.neoforge.coremods.NeoForgeCoreMod from neoforge-21.1.235.jar > net.neoforged.neoforge-coremods-21.1.235.jar
[08set.2026 23:14:42.586] [main/DEBUG] [net.neoforged.fml.loading.FMLServiceProvider/CORE]: Adding [Target[className=net.minecraft.world.level.biome.Biome, elementName=, elementDescriptor=, targetType=cpw.mods.modlauncher.api.TargetType@18bc345]] transformer from core-mod net.neoforged.neoforge.coremods.NeoForgeCoreMod@1640190a in neoforge-21.1.235.jar > net.neoforged.neoforge-coremods-21.1.235.jar
[08set.2026 23:14:42.587] [main/DEBUG] [net.neoforged.fml.loading.FMLServiceProvider/CORE]: Adding [Target[className=net.minecraft.world.level.levelgen.structure.Structure, elementName=, elementDescriptor=, targetType=cpw.mods.modlauncher.api.TargetType@18bc345]] transformer from core-mod net.neoforged.neoforge.coremods.NeoForgeCoreMod@1640190a in neoforge-21.1.235.jar > net.neoforged.neoforge-coremods-21.1.235.jar
[08set.2026 23:14:42.587] [main/DEBUG] [net.neoforged.fml.loading.FMLServiceProvider/CORE]: Adding [Target[className=net.minecraft.world.level.block.FlowerPotBlock, elementName=, elementDescriptor=, targetType=cpw.mods.modlauncher.api.TargetType@18bc345]] transformer from core-mod net.neoforged.neoforge.coremods.NeoForgeCoreMod@1640190a in neoforge-21.1.235.jar > net.neoforged.neoforge-coremods-21.1.235.jar
[08set.2026 23:14:42.587] [main/DEBUG] [net.neoforged.fml.loading.FMLServiceProvider/CORE]: Adding [Target[className=net/minecraft/server/commands/SummonCommand, elementName=, elementDescriptor=, targetType=cpw.mods.modlauncher.api.TargetType@18bc345], Target[className=net/minecraft/world/level/levelgen/PhantomSpawner, elementName=, elementDescriptor=, targetType=cpw.mods.modlauncher.api.TargetType@18bc345], Target[className=net/minecraft/world/level/levelgen/structure/structures/WoodlandMansionPieces$WoodlandMansionPiece, elementName=, elementDescriptor=, targetType=cpw.mods.modlauncher.api.TargetType@18bc345], Target[className=net/minecraft/world/level/NaturalSpawner, elementName=, elementDescriptor=, targetType=cpw.mods.modlauncher.api.TargetType@18bc345], Target[className=net/minecraft/world/entity/monster/Zombie, elementName=, elementDescriptor=, targetType=cpw.mods.modlauncher.api.TargetType@18bc345], Target[className=net/minecraft/world/level/levelgen/structure/structures/OceanRuinPieces$OceanRuinPiece, elementName=, elementDescriptor=, targetType=cpw.mods.modlauncher.api.TargetType@18bc345], Target[className=net/minecraft/world/level/levelgen/PatrolSpawner, elementName=, elementDescriptor=, targetType=cpw.mods.modlauncher.api.TargetType@18bc345], Target[className=net/minecraft/world/level/levelgen/structure/templatesystem/StructureTemplate, elementName=, elementDescriptor=, targetType=cpw.mods.modlauncher.api.TargetType@18bc345], Target[className=net/minecraft/world/entity/ai/village/VillageSiege, elementName=, elementDescriptor=, targetType=cpw.mods.modlauncher.api.TargetType@18bc345], Target[className=net/minecraft/server/commands/RaidCommand, elementName=, elementDescriptor=, targetType=cpw.mods.modlauncher.api.TargetType@18bc345], Target[className=net/minecraft/world/entity/animal/horse/SkeletonTrapGoal, elementName=, elementDescriptor=, targetType=cpw.mods.modlauncher.api.TargetType@18bc345], Target[className=net/minecraft/world/entity/npc/CatSpawner, elementName=, elementDescriptor=, targetType=cpw.mods.modlauncher.api.TargetType@18bc345], Target[className=net/minecraft/world/entity/EntityType, elementName=, elementDescriptor=, targetType=cpw.mods.modlauncher.api.TargetType@18bc345], Target[className=net/minecraft/world/entity/monster/Strider, elementName=, elementDescriptor=, targetType=cpw.mods.modlauncher.api.TargetType@18bc345], Target[className=net/minecraft/world/entity/monster/Evoker$EvokerSummonSpellGoal, elementName=, elementDescriptor=, targetType=cpw.mods.modlauncher.api.TargetType@18bc345], Target[className=net/minecraft/world/level/levelgen/structure/structures/OceanMonumentPieces$OceanMonumentPiece, elementName=, elementDescriptor=, targetType=cpw.mods.modlauncher.api.TargetType@18bc345], Target[className=net/minecraft/world/entity/animal/frog/Tadpole, elementName=, elementDescriptor=, targetType=cpw.mods.modlauncher.api.TargetType@18bc345], Target[className=net/minecraft/world/entity/raid/Raid, elementName=, elementDescriptor=, targetType=cpw.mods.modlauncher.api.TargetType@18bc345], Target[className=net/minecraft/world/level/levelgen/structure/structures/SwampHutPiece, elementName=, elementDescriptor=, targetType=cpw.mods.modlauncher.api.TargetType@18bc345], Target[className=net/minecraft/world/entity/npc/Villager, elementName=, elementDescriptor=, targetType=cpw.mods.modlauncher.api.TargetType@18bc345], Target[className=net/minecraft/world/entity/monster/Spider, elementName=, elementDescriptor=, targetType=cpw.mods.modlauncher.api.TargetType@18bc345], Target[className=net/minecraft/world/entity/monster/ZombieVillager, elementName=, elementDescriptor=, targetType=cpw.mods.modlauncher.api.TargetType@18bc345]] transformer from core-mod net.neoforged.neoforge.coremods.NeoForgeCoreMod@1640190a in neoforge-21.1.235.jar > net.neoforged.neoforge-coremods-21.1.235.jar
[08set.2026 23:14:42.602] [main/DEBUG] [cpw.mods.modlauncher.TransformStore/MODLAUNCHER]: Adding transformer net.neoforged.neoforge.coremods.ReplaceFieldWithGetterAccess@987455b to Target : cpw.mods.modlauncher.api.TargetType@18bc345 {Lnet/minecraft/world/level/biome/Biome;} {} {V}
[08set.2026 23:14:42.605] [main/DEBUG] [cpw.mods.modlauncher.TransformStore/MODLAUNCHER]: Adding transformer net.neoforged.neoforge.coremods.ReplaceFieldWithGetterAccess@15b82644 to Target : cpw.mods.modlauncher.api.TargetType@18bc345 {Lnet/minecraft/world/level/levelgen/structure/Structure;} {} {V}
[08set.2026 23:14:42.606] [main/DEBUG] [cpw.mods.modlauncher.TransformStore/MODLAUNCHER]: Adding transformer net.neoforged.neoforge.coremods.ReplaceFieldWithGetterAccess@20576557 to Target : cpw.mods.modlauncher.api.TargetType@18bc345 {Lnet/minecraft/world/level/block/FlowerPotBlock;} {} {V}
[08set.2026 23:14:42.606] [main/DEBUG] [cpw.mods.modlauncher.TransformStore/MODLAUNCHER]: Adding transformer net.neoforged.neoforge.coremods.MethodRedirector@574cd322 to Target : cpw.mods.modlauncher.api.TargetType@18bc345 {Lnet/minecraft/server/commands/SummonCommand;} {} {V}
[08set.2026 23:14:42.606] [main/DEBUG] [cpw.mods.modlauncher.TransformStore/MODLAUNCHER]: Adding transformer net.neoforged.neoforge.coremods.MethodRedirector@574cd322 to Target : cpw.mods.modlauncher.api.TargetType@18bc345 {Lnet/minecraft/world/level/levelgen/PhantomSpawner;} {} {V}
[08set.2026 23:14:42.606] [main/DEBUG] [cpw.mods.modlauncher.TransformStore/MODLAUNCHER]: Adding transformer net.neoforged.neoforge.coremods.MethodRedirector@574cd322 to Target : cpw.mods.modlauncher.api.TargetType@18bc345 {Lnet/minecraft/world/level/levelgen/structure/structures/WoodlandMansionPieces$WoodlandMansionPiece;} {} {V}
[08set.2026 23:14:42.607] [main/DEBUG] [cpw.mods.modlauncher.TransformStore/MODLAUNCHER]: Adding transformer net.neoforged.neoforge.coremods.MethodRedirector@574cd322 to Target : cpw.mods.modlauncher.api.TargetType@18bc345 {Lnet/minecraft/world/level/NaturalSpawner;} {} {V}
[08set.2026 23:14:42.607] [main/DEBUG] [cpw.mods.modlauncher.TransformStore/MODLAUNCHER]: Adding transformer net.neoforged.neoforge.coremods.MethodRedirector@574cd322 to Target : cpw.mods.modlauncher.api.TargetType@18bc345 {Lnet/minecraft/world/entity/monster/Zombie;} {} {V}
[08set.2026 23:14:42.607] [main/DEBUG] [cpw.mods.modlauncher.TransformStore/MODLAUNCHER]: Adding transformer net.neoforged.neoforge.coremods.MethodRedirector@574cd322 to Target : cpw.mods.modlauncher.api.TargetType@18bc345 {Lnet/minecraft/world/level/levelgen/structure/structures/OceanRuinPieces$OceanRuinPiece;} {} {V}
[08set.2026 23:14:42.607] [main/DEBUG] [cpw.mods.modlauncher.TransformStore/MODLAUNCHER]: Adding transformer net.neoforged.neoforge.coremods.MethodRedirector@574cd322 to Target : cpw.mods.modlauncher.api.TargetType@18bc345 {Lnet/minecraft/world/level/levelgen/PatrolSpawner;} {} {V}
[08set.2026 23:14:42.607] [main/DEBUG] [cpw.mods.modlauncher.TransformStore/MODLAUNCHER]: Adding transformer net.neoforged.neoforge.coremods.MethodRedirector@574cd322 to Target : cpw.mods.modlauncher.api.TargetType@18bc345 {Lnet/minecraft/world/level/levelgen/structure/templatesystem/StructureTemplate;} {} {V}
[08set.2026 23:14:42.607] [main/DEBUG] [cpw.mods.modlauncher.TransformStore/MODLAUNCHER]: Adding transformer net.neoforged.neoforge.coremods.MethodRedirector@574cd322 to Target : cpw.mods.modlauncher.api.TargetType@18bc345 {Lnet/minecraft/world/entity/ai/village/VillageSiege;} {} {V}
[08set.2026 23:14:42.607] [main/DEBUG] [cpw.mods.modlauncher.TransformStore/MODLAUNCHER]: Adding transformer net.neoforged.neoforge.coremods.MethodRedirector@574cd322 to Target : cpw.mods.modlauncher.api.TargetType@18bc345 {Lnet/minecraft/server/commands/RaidCommand;} {} {V}
[08set.2026 23:14:42.607] [main/DEBUG] [cpw.mods.modlauncher.TransformStore/MODLAUNCHER]: Adding transformer net.neoforged.neoforge.coremods.MethodRedirector@574cd322 to Target : cpw.mods.modlauncher.api.TargetType@18bc345 {Lnet/minecraft/world/entity/animal/horse/SkeletonTrapGoal;} {} {V}
[08set.2026 23:14:42.607] [main/DEBUG] [cpw.mods.modlauncher.TransformStore/MODLAUNCHER]: Adding transformer net.neoforged.neoforge.coremods.MethodRedirector@574cd322 to Target : cpw.mods.modlauncher.api.TargetType@18bc345 {Lnet/minecraft/world/entity/npc/CatSpawner;} {} {V}
[08set.2026 23:14:42.607] [main/DEBUG] [cpw.mods.modlauncher.TransformStore/MODLAUNCHER]: Adding transformer net.neoforged.neoforge.coremods.MethodRedirector@574cd322 to Target : cpw.mods.modlauncher.api.TargetType@18bc345 {Lnet/minecraft/world/entity/EntityType;} {} {V}
[08set.2026 23:14:42.607] [main/DEBUG] [cpw.mods.modlauncher.TransformStore/MODLAUNCHER]: Adding transformer net.neoforged.neoforge.coremods.MethodRedirector@574cd322 to Target : cpw.mods.modlauncher.api.TargetType@18bc345 {Lnet/minecraft/world/entity/monster/Strider;} {} {V}
[08set.2026 23:14:42.607] [main/DEBUG] [cpw.mods.modlauncher.TransformStore/MODLAUNCHER]: Adding transformer net.neoforged.neoforge.coremods.MethodRedirector@574cd322 to Target : cpw.mods.modlauncher.api.TargetType@18bc345 {Lnet/minecraft/world/entity/monster/Evoker$EvokerSummonSpellGoal;} {} {V}
[08set.2026 23:14:42.607] [main/DEBUG] [cpw.mods.modlauncher.TransformStore/MODLAUNCHER]: Adding transformer net.neoforged.neoforge.coremods.MethodRedirector@574cd322 to Target : cpw.mods.modlauncher.api.TargetType@18bc345 {Lnet/minecraft/world/level/levelgen/structure/structures/OceanMonumentPieces$OceanMonumentPiece;} {} {V}
[08set.2026 23:14:42.607] [main/DEBUG] [cpw.mods.modlauncher.TransformStore/MODLAUNCHER]: Adding transformer net.neoforged.neoforge.coremods.MethodRedirector@574cd322 to Target : cpw.mods.modlauncher.api.TargetType@18bc345 {Lnet/minecraft/world/entity/animal/frog/Tadpole;} {} {V}
[08set.2026 23:14:42.607] [main/DEBUG] [cpw.mods.modlauncher.TransformStore/MODLAUNCHER]: Adding transformer net.neoforged.neoforge.coremods.MethodRedirector@574cd322 to Target : cpw.mods.modlauncher.api.TargetType@18bc345 {Lnet/minecraft/world/entity/raid/Raid;} {} {V}
[08set.2026 23:14:42.608] [main/DEBUG] [cpw.mods.modlauncher.TransformStore/MODLAUNCHER]: Adding transformer net.neoforged.neoforge.coremods.MethodRedirector@574cd322 to Target : cpw.mods.modlauncher.api.TargetType@18bc345 {Lnet/minecraft/world/level/levelgen/structure/structures/SwampHutPiece;} {} {V}
[08set.2026 23:14:42.608] [main/DEBUG] [cpw.mods.modlauncher.TransformStore/MODLAUNCHER]: Adding transformer net.neoforged.neoforge.coremods.MethodRedirector@574cd322 to Target : cpw.mods.modlauncher.api.TargetType@18bc345 {Lnet/minecraft/world/entity/npc/Villager;} {} {V}
[08set.2026 23:14:42.608] [main/DEBUG] [cpw.mods.modlauncher.TransformStore/MODLAUNCHER]: Adding transformer net.neoforged.neoforge.coremods.MethodRedirector@574cd322 to Target : cpw.mods.modlauncher.api.TargetType@18bc345 {Lnet/minecraft/world/entity/monster/Spider;} {} {V}
[08set.2026 23:14:42.608] [main/DEBUG] [cpw.mods.modlauncher.TransformStore/MODLAUNCHER]: Adding transformer net.neoforged.neoforge.coremods.MethodRedirector@574cd322 to Target : cpw.mods.modlauncher.api.TargetType@18bc345 {Lnet/minecraft/world/entity/monster/ZombieVillager;} {} {V}
[08set.2026 23:14:42.608] [main/DEBUG] [cpw.mods.modlauncher.TransformationServiceDecorator/MODLAUNCHER]: Initialized transformers for transformation service fml
[08set.2026 23:14:43.297] [main/DEBUG] [mixin/]: Processing prepare() for PlatformAgent[MixinPlatformAgentDefault:ModLauncher Root Container(ModLauncher:4f56a0a2)]
[08set.2026 23:14:43.298] [main/DEBUG] [mixin/]: Processing prepare() for PlatformAgent[MixinPlatformAgentDefault:net.neoforged.fml.loading.mixin.FMLMixinContainerHandle@ac20bb4]
[08set.2026 23:14:43.298] [main/DEBUG] [mixin/]: Processing prepare() for PlatformAgent[FMLMixinPlatformAgent:null]
[08set.2026 23:14:43.368] [main/DEBUG] [mixin/]: Compatibility level JAVA_17 specified by fabric-transfer-api-v1.mixins.json is higher than the maximum level supported by this version of mixin (JAVA_13).
[08set.2026 23:14:43.377] [main/INFO] [mixin/]: Compatibility level set to JAVA_17
[08set.2026 23:14:43.377] [main/DEBUG] [mixin/]: Mixin config fabric-transfer-api-v1.mixins.json does not specify "minVersion" or "requiredFeatures" property
[08set.2026 23:14:43.379] [main/DEBUG] [mixin/]: Compatibility level JAVA_21 specified by fabric-renderer-api-v1.mixins.json is higher than the maximum level supported by this version of mixin (JAVA_13).
[08set.2026 23:14:43.379] [main/INFO] [mixin/]: Compatibility level set to JAVA_21
[08set.2026 23:14:43.380] [main/DEBUG] [mixin/]: Mixin config fabric-renderer-api-v1.mixins.json does not specify "minVersion" or "requiredFeatures" property
[08set.2026 23:14:43.381] [main/DEBUG] [mixin/]: Compatibility level JAVA_17 specified by fabric-renderer-api-v1.debughud.mixins.json is higher than the maximum level supported by this version of mixin (JAVA_13).
[08set.2026 23:14:43.381] [main/DEBUG] [mixin/]: Mixin config fabric-renderer-api-v1.debughud.mixins.json does not specify "minVersion" or "requiredFeatures" property
[08set.2026 23:14:43.383] [main/DEBUG] [mixin/]: Compatibility level JAVA_17 specified by geckolib.mixins.json is higher than the maximum level supported by this version of mixin (JAVA_13).
[08set.2026 23:14:43.385] [main/DEBUG] [mixin/]: Compatibility level JAVA_17 specified by fabric-item-api-v1.mixins.json is higher than the maximum level supported by this version of mixin (JAVA_13).
[08set.2026 23:14:43.386] [main/DEBUG] [mixin/]: Mixin config fabric-item-api-v1.mixins.json does not specify "minVersion" or "requiredFeatures" property
[08set.2026 23:14:43.387] [main/DEBUG] [mixin/]: Compatibility level JAVA_17 specified by fabric-item-api-v1.client.mixins.json is higher than the maximum level supported by this version of mixin (JAVA_13).
[08set.2026 23:14:43.387] [main/DEBUG] [mixin/]: Mixin config fabric-item-api-v1.client.mixins.json does not specify "minVersion" or "requiredFeatures" property
[08set.2026 23:14:43.388] [main/DEBUG] [mixin/]: Compatibility level JAVA_17 specified by fabric-model-loading-api-v1.mixins.json is higher than the maximum level supported by this version of mixin (JAVA_13).
[08set.2026 23:14:43.389] [main/DEBUG] [mixin/]: Mixin config fabric-model-loading-api-v1.mixins.json does not specify "minVersion" or "requiredFeatures" property
[08set.2026 23:14:43.390] [main/DEBUG] [mixin/]: Compatibility level JAVA_17 specified by fabric-rendering-fluids-v1.mixins.json is higher than the maximum level supported by this version of mixin (JAVA_13).
[08set.2026 23:14:43.391] [main/DEBUG] [mixin/]: Mixin config fabric-rendering-fluids-v1.mixins.json does not specify "minVersion" or "requiredFeatures" property
[08set.2026 23:14:43.392] [main/DEBUG] [mixin/]: Compatibility level JAVA_17 specified by fabric-screen-handler-api-v1.mixins.json is higher than the maximum level supported by this version of mixin (JAVA_13).
[08set.2026 23:14:43.393] [main/DEBUG] [mixin/]: Mixin config fabric-screen-handler-api-v1.mixins.json does not specify "minVersion" or "requiredFeatures" property
[08set.2026 23:14:43.394] [main/DEBUG] [mixin/]: Compatibility level JAVA_17 specified by fabric-resource-loader-v0.mixins.json is higher than the maximum level supported by this version of mixin (JAVA_13).
[08set.2026 23:14:43.395] [main/DEBUG] [mixin/]: Mixin config fabric-resource-loader-v0.mixins.json does not specify "minVersion" or "requiredFeatures" property
[08set.2026 23:14:43.396] [main/DEBUG] [mixin/]: Compatibility level JAVA_17 specified by fabric-resource-loader-v0.client.mixins.json is higher than the maximum level supported by this version of mixin (JAVA_13).
[08set.2026 23:14:43.397] [main/DEBUG] [mixin/]: Mixin config fabric-resource-loader-v0.client.mixins.json does not specify "minVersion" or "requiredFeatures" property
[08set.2026 23:14:43.398] [main/DEBUG] [mixin/]: Compatibility level JAVA_17 specified by fabric-rendering-v1.mixins.json is higher than the maximum level supported by this version of mixin (JAVA_13).
[08set.2026 23:14:43.399] [main/DEBUG] [mixin/]: Mixin config fabric-rendering-v1.mixins.json does not specify "minVersion" or "requiredFeatures" property
[08set.2026 23:14:43.400] [main/DEBUG] [mixin/]: Mixin config fabric-renderer-indigo.mixins.json does not specify "minVersion" or "requiredFeatures" property
[08set.2026 23:14:43.401] [main/DEBUG] [mixin/]: Compatibility level JAVA_17 specified by fabric-block-view-api-v2.mixins.json is higher than the maximum level supported by this version of mixin (JAVA_13).
[08set.2026 23:14:43.402] [main/DEBUG] [mixin/]: Mixin config fabric-block-view-api-v2.mixins.json does not specify "minVersion" or "requiredFeatures" property
[08set.2026 23:14:43.403] [main/DEBUG] [mixin/]: Compatibility level JAVA_17 specified by fabric-block-view-api-v2.client.mixins.json is higher than the maximum level supported by this version of mixin (JAVA_13).
[08set.2026 23:14:43.403] [main/DEBUG] [mixin/]: Mixin config fabric-block-view-api-v2.client.mixins.json does not specify "minVersion" or "requiredFeatures" property
[08set.2026 23:14:43.404] [main/DEBUG] [mixin/]: Compatibility level JAVA_17 specified by fabric-convention-tags-api-v2.mixins.json is higher than the maximum level supported by this version of mixin (JAVA_13).
[08set.2026 23:14:43.404] [main/DEBUG] [mixin/]: Mixin config fabric-convention-tags-api-v2.mixins.json does not specify "minVersion" or "requiredFeatures" property
[08set.2026 23:14:43.405] [main/DEBUG] [mixin/]: Compatibility level JAVA_17 specified by fabric-command-api-v2.mixins.json is higher than the maximum level supported by this version of mixin (JAVA_13).
[08set.2026 23:14:43.406] [main/DEBUG] [mixin/]: Mixin config fabric-command-api-v2.mixins.json does not specify "minVersion" or "requiredFeatures" property
[08set.2026 23:14:43.407] [main/DEBUG] [mixin/]: Compatibility level JAVA_17 specified by fabric-command-api-v2.client.mixins.json is higher than the maximum level supported by this version of mixin (JAVA_13).
[08set.2026 23:14:43.407] [main/DEBUG] [mixin/]: Mixin config fabric-command-api-v2.client.mixins.json does not specify "minVersion" or "requiredFeatures" property
[08set.2026 23:14:43.408] [main/DEBUG] [mixin/]: Compatibility level JAVA_17 specified by fabric-data-attachment-api-v1.mixins.json is higher than the maximum level supported by this version of mixin (JAVA_13).
[08set.2026 23:14:43.408] [main/DEBUG] [mixin/]: Mixin config fabric-data-attachment-api-v1.mixins.json does not specify "minVersion" or "requiredFeatures" property
[08set.2026 23:14:43.409] [main/DEBUG] [mixin/]: Compatibility level JAVA_17 specified by fabric-screen-api-v1.mixins.json is higher than the maximum level supported by this version of mixin (JAVA_13).
[08set.2026 23:14:43.410] [main/DEBUG] [mixin/]: Mixin config fabric-screen-api-v1.mixins.json does not specify "minVersion" or "requiredFeatures" property
[08set.2026 23:14:43.410] [main/DEBUG] [mixin/]: Compatibility level JAVA_17 specified by fabric-particles-v1.client.mixins.json is higher than the maximum level supported by this version of mixin (JAVA_13).
[08set.2026 23:14:43.411] [main/DEBUG] [mixin/]: Mixin config fabric-particles-v1.client.mixins.json does not specify "minVersion" or "requiredFeatures" property
[08set.2026 23:14:43.412] [main/DEBUG] [mixin/]: Compatibility level JAVA_17 specified by fabric-content-registries-v0.mixins.json is higher than the maximum level supported by this version of mixin (JAVA_13).
[08set.2026 23:14:43.413] [main/DEBUG] [mixin/]: Mixin config fabric-content-registries-v0.mixins.json does not specify "minVersion" or "requiredFeatures" property
[08set.2026 23:14:43.413] [main/DEBUG] [mixin/]: Compatibility level JAVA_17 specified by fabric-game-rule-api-v1.mixins.json is higher than the maximum level supported by this version of mixin (JAVA_13).
[08set.2026 23:14:43.414] [main/DEBUG] [mixin/]: Mixin config fabric-game-rule-api-v1.mixins.json does not specify "minVersion" or "requiredFeatures" property
[08set.2026 23:14:43.415] [main/DEBUG] [mixin/]: Compatibility level JAVA_17 specified by fabric-game-rule-api-v1.client.mixins.json is higher than the maximum level supported by this version of mixin (JAVA_13).
[08set.2026 23:14:43.415] [main/DEBUG] [mixin/]: Mixin config fabric-game-rule-api-v1.client.mixins.json does not specify "minVersion" or "requiredFeatures" property
[08set.2026 23:14:43.416] [main/DEBUG] [mixin/]: Compatibility level JAVA_17 specified by fabric-api-lookup-api-v1.mixins.json is higher than the maximum level supported by this version of mixin (JAVA_13).
[08set.2026 23:14:43.416] [main/DEBUG] [mixin/]: Mixin config fabric-api-lookup-api-v1.mixins.json does not specify "minVersion" or "requiredFeatures" property
[08set.2026 23:14:43.417] [main/DEBUG] [mixin/]: Compatibility level JAVA_17 specified by fabric-blockrenderlayer-v1.mixins.json is higher than the maximum level supported by this version of mixin (JAVA_13).
[08set.2026 23:14:43.418] [main/DEBUG] [mixin/]: Mixin config fabric-blockrenderlayer-v1.mixins.json does not specify "minVersion" or "requiredFeatures" property
[08set.2026 23:14:43.418] [main/DEBUG] [mixin/]: Compatibility level JAVA_17 specified by fabric-block-api-v1.mixins.json is higher than the maximum level supported by this version of mixin (JAVA_13).
[08set.2026 23:14:43.418] [main/DEBUG] [mixin/]: Mixin config fabric-block-api-v1.mixins.json does not specify "minVersion" or "requiredFeatures" property
[08set.2026 23:14:43.419] [main/DEBUG] [mixin/]: Compatibility level JAVA_17 specified by fabric-resource-conditions-api-v1.mixins.json is higher than the maximum level supported by this version of mixin (JAVA_13).
[08set.2026 23:14:43.420] [main/DEBUG] [mixin/]: Mixin config fabric-resource-conditions-api-v1.mixins.json does not specify "minVersion" or "requiredFeatures" property
[08set.2026 23:14:43.421] [main/DEBUG] [mixin/]: Compatibility level JAVA_17 specified by fabric-item-group-api-v1.mixins.json is higher than the maximum level supported by this version of mixin (JAVA_13).
[08set.2026 23:14:43.421] [main/DEBUG] [mixin/]: Mixin config fabric-item-group-api-v1.mixins.json does not specify "minVersion" or "requiredFeatures" property
[08set.2026 23:14:43.422] [main/DEBUG] [mixin/]: Compatibility level JAVA_17 specified by fabric-item-group-api-v1.client.mixins.json is higher than the maximum level supported by this version of mixin (JAVA_13).
[08set.2026 23:14:43.422] [main/DEBUG] [mixin/]: Mixin config fabric-item-group-api-v1.client.mixins.json does not specify "minVersion" or "requiredFeatures" property
[08set.2026 23:14:43.423] [main/DEBUG] [mixin/]: Compatibility level JAVA_17 specified by fabric-gametest-api-v1.mixins.json is higher than the maximum level supported by this version of mixin (JAVA_13).
[08set.2026 23:14:43.423] [main/DEBUG] [mixin/]: Mixin config fabric-gametest-api-v1.mixins.json does not specify "minVersion" or "requiredFeatures" property
[08set.2026 23:14:43.424] [main/DEBUG] [mixin/]: Compatibility level JAVA_17 specified by fabric-biome-api-v1.mixins.json is higher than the maximum level supported by this version of mixin (JAVA_13).
[08set.2026 23:14:43.425] [main/DEBUG] [mixin/]: Mixin config fabric-biome-api-v1.mixins.json does not specify "minVersion" or "requiredFeatures" property
[08set.2026 23:14:43.426] [main/DEBUG] [mixin/]: Compatibility level JAVA_17 specified by fabric-entity-events-v1.mixins.json is higher than the maximum level supported by this version of mixin (JAVA_13).
[08set.2026 23:14:43.426] [main/DEBUG] [mixin/]: Mixin config fabric-entity-events-v1.mixins.json does not specify "minVersion" or "requiredFeatures" property
[08set.2026 23:14:43.427] [main/DEBUG] [mixin/]: Compatibility level JAVA_17 specified by fabric-registry-sync-v0.mixins.json is higher than the maximum level supported by this version of mixin (JAVA_13).
[08set.2026 23:14:43.428] [main/DEBUG] [mixin/]: Mixin config fabric-registry-sync-v0.mixins.json does not specify "minVersion" or "requiredFeatures" property
[08set.2026 23:14:43.429] [main/DEBUG] [mixin/]: Compatibility level JAVA_17 specified by fabric-recipe-api-v1.mixins.json is higher than the maximum level supported by this version of mixin (JAVA_13).
[08set.2026 23:14:43.430] [main/DEBUG] [mixin/]: Mixin config fabric-recipe-api-v1.mixins.json does not specify "minVersion" or "requiredFeatures" property
[08set.2026 23:14:43.431] [main/DEBUG] [mixin/]: Compatibility level JAVA_17 specified by fabric-loot-api-v2.mixins.json is higher than the maximum level supported by this version of mixin (JAVA_13).
[08set.2026 23:14:43.431] [main/DEBUG] [mixin/]: Mixin config fabric-loot-api-v2.mixins.json does not specify "minVersion" or "requiredFeatures" property
[08set.2026 23:14:43.432] [main/DEBUG] [mixin/]: Compatibility level JAVA_17 specified by fabric-object-builder-v1.mixins.json is higher than the maximum level supported by this version of mixin (JAVA_13).
[08set.2026 23:14:43.433] [main/DEBUG] [mixin/]: Mixin config fabric-object-builder-v1.mixins.json does not specify "minVersion" or "requiredFeatures" property
[08set.2026 23:14:43.433] [main/DEBUG] [mixin/]: Compatibility level JAVA_17 specified by fabric-loot-api-v3.mixins.json is higher than the maximum level supported by this version of mixin (JAVA_13).
[08set.2026 23:14:43.434] [main/DEBUG] [mixin/]: Mixin config fabric-loot-api-v3.mixins.json does not specify "minVersion" or "requiredFeatures" property
[08set.2026 23:14:43.435] [main/DEBUG] [mixin/]: Compatibility level JAVA_17 specified by fabric-rendering-data-attachment-v1.mixins.json is higher than the maximum level supported by this version of mixin (JAVA_13).
[08set.2026 23:14:43.435] [main/DEBUG] [mixin/]: Mixin config fabric-rendering-data-attachment-v1.mixins.json does not specify "minVersion" or "requiredFeatures" property
[08set.2026 23:14:43.436] [main/DEBUG] [mixin/]: Compatibility level JAVA_17 specified by fabric-rendering-data-attachment-v1.client.mixins.json is higher than the maximum level supported by this version of mixin (JAVA_13).
[08set.2026 23:14:43.437] [main/DEBUG] [mixin/]: Mixin config fabric-rendering-data-attachment-v1.client.mixins.json does not specify "minVersion" or "requiredFeatures" property
[08set.2026 23:14:43.437] [main/DEBUG] [mixin/]: Compatibility level JAVA_17 specified by fabric-networking-api-v1.mixins.json is higher than the maximum level supported by this version of mixin (JAVA_13).
[08set.2026 23:14:43.438] [main/DEBUG] [mixin/]: Mixin config fabric-networking-api-v1.mixins.json does not specify "minVersion" or "requiredFeatures" property
[08set.2026 23:14:43.438] [main/DEBUG] [mixin/]: Compatibility level JAVA_17 specified by fabric-networking-api-v1.client.mixins.json is higher than the maximum level supported by this version of mixin (JAVA_13).
[08set.2026 23:14:43.439] [main/DEBUG] [mixin/]: Mixin config fabric-networking-api-v1.client.mixins.json does not specify "minVersion" or "requiredFeatures" property
[08set.2026 23:14:43.440] [main/DEBUG] [mixin/]: Compatibility level JAVA_17 specified by fabric-sound-api-v1.mixins.json is higher than the maximum level supported by this version of mixin (JAVA_13).
[08set.2026 23:14:43.440] [main/DEBUG] [mixin/]: Mixin config fabric-sound-api-v1.mixins.json does not specify "minVersion" or "requiredFeatures" property
[08set.2026 23:14:43.441] [main/DEBUG] [mixin/]: Compatibility level JAVA_17 specified by lodestone.mixins.json is higher than the maximum level supported by this version of mixin (JAVA_13).
[08set.2026 23:14:43.442] [main/DEBUG] [mixin/]: Compatibility level JAVA_17 specified by fabric-message-api-v1.mixins.json is higher than the maximum level supported by this version of mixin (JAVA_13).
[08set.2026 23:14:43.443] [main/DEBUG] [mixin/]: Mixin config fabric-message-api-v1.mixins.json does not specify "minVersion" or "requiredFeatures" property
[08set.2026 23:14:43.443] [main/DEBUG] [mixin/]: Compatibility level JAVA_17 specified by fabric-message-api-v1.client.mixins.json is higher than the maximum level supported by this version of mixin (JAVA_13).
[08set.2026 23:14:43.444] [main/DEBUG] [mixin/]: Mixin config fabric-message-api-v1.client.mixins.json does not specify "minVersion" or "requiredFeatures" property
[08set.2026 23:14:43.445] [main/DEBUG] [mixin/]: Compatibility level JAVA_18 specified by elementals.mixins.json is higher than the maximum level supported by this version of mixin (JAVA_13).
[08set.2026 23:14:43.446] [main/DEBUG] [mixin/]: Compatibility level JAVA_17 specified by fabric-lifecycle-events-v1.mixins.json is higher than the maximum level supported by this version of mixin (JAVA_13).
[08set.2026 23:14:43.446] [main/DEBUG] [mixin/]: Mixin config fabric-lifecycle-events-v1.mixins.json does not specify "minVersion" or "requiredFeatures" property
[08set.2026 23:14:43.447] [main/DEBUG] [mixin/]: Compatibility level JAVA_17 specified by fabric-lifecycle-events-v1.client.mixins.json is higher than the maximum level supported by this version of mixin (JAVA_13).
[08set.2026 23:14:43.447] [main/DEBUG] [mixin/]: Mixin config fabric-lifecycle-events-v1.client.mixins.json does not specify "minVersion" or "requiredFeatures" property
[08set.2026 23:14:43.448] [main/DEBUG] [mixin/]: Compatibility level JAVA_17 specified by fabric-data-generation-api-v1.mixins.json is higher than the maximum level supported by this version of mixin (JAVA_13).
[08set.2026 23:14:43.449] [main/DEBUG] [mixin/]: Mixin config fabric-data-generation-api-v1.mixins.json does not specify "minVersion" or "requiredFeatures" property
[08set.2026 23:14:43.449] [main/DEBUG] [mixin/]: Compatibility level JAVA_17 specified by fabric-events-interaction-v0.mixins.json is higher than the maximum level supported by this version of mixin (JAVA_13).
[08set.2026 23:14:43.450] [main/DEBUG] [mixin/]: Mixin config fabric-events-interaction-v0.mixins.json does not specify "minVersion" or "requiredFeatures" property
[08set.2026 23:14:43.451] [main/DEBUG] [mixin/]: Compatibility level JAVA_17 specified by fabric-events-interaction-v0.client.mixins.json is higher than the maximum level supported by this version of mixin (JAVA_13).
[08set.2026 23:14:43.451] [main/DEBUG] [mixin/]: Mixin config fabric-events-interaction-v0.client.mixins.json does not specify "minVersion" or "requiredFeatures" property
[08set.2026 23:14:43.452] [main/DEBUG] [mixin/]: Compatibility level JAVA_17 specified by fabric-key-binding-api-v1.mixins.json is higher than the maximum level supported by this version of mixin (JAVA_13).
[08set.2026 23:14:43.452] [main/DEBUG] [mixin/]: Mixin config fabric-key-binding-api-v1.mixins.json does not specify "minVersion" or "requiredFeatures" property
[08set.2026 23:14:43.454] [main/DEBUG] [mixin/]: Processing launch tasks for PlatformAgent[MixinPlatformAgentDefault:ModLauncher Root Container(ModLauncher:4f56a0a2)]
[08set.2026 23:14:43.454] [main/DEBUG] [mixin/]: Adding mixin platform agents for container SecureJarResource(mixin_synthetic)
[08set.2026 23:14:43.454] [main/DEBUG] [mixin/]: Instancing new MixinPlatformAgentMinecraftForge for SecureJarResource(mixin_synthetic)
[08set.2026 23:14:43.454] [main/DEBUG] [mixin/]: MixinPlatformAgentMinecraftForge rejected container SecureJarResource(mixin_synthetic)
[08set.2026 23:14:43.454] [main/DEBUG] [mixin/]: Instancing new MixinPlatformAgentDefault for SecureJarResource(mixin_synthetic)
[08set.2026 23:14:43.454] [main/DEBUG] [mixin/]: MixinPlatformAgentDefault accepted container SecureJarResource(mixin_synthetic)
[08set.2026 23:14:43.454] [main/DEBUG] [mixin/]: Instancing new FMLMixinPlatformAgent for SecureJarResource(mixin_synthetic)
[08set.2026 23:14:43.454] [main/DEBUG] [mixin/]: FMLMixinPlatformAgent rejected container SecureJarResource(mixin_synthetic)
[08set.2026 23:14:43.454] [main/DEBUG] [mixin/]: Processing prepare() for PlatformAgent[MixinPlatformAgentDefault:SecureJarResource(mixin_synthetic)]
[08set.2026 23:14:43.455] [main/DEBUG] [mixin/]: Adding mixin platform agents for container SecureJarResource(fabric_transfer_api_v1)
[08set.2026 23:14:43.455] [main/DEBUG] [mixin/]: Instancing new MixinPlatformAgentMinecraftForge for SecureJarResource(fabric_transfer_api_v1)
[08set.2026 23:14:43.455] [main/DEBUG] [mixin/]: MixinPlatformAgentMinecraftForge rejected container SecureJarResource(fabric_transfer_api_v1)
[08set.2026 23:14:43.455] [main/DEBUG] [mixin/]: Instancing new MixinPlatformAgentDefault for SecureJarResource(fabric_transfer_api_v1)
[08set.2026 23:14:43.455] [main/DEBUG] [mixin/]: MixinPlatformAgentDefault accepted container SecureJarResource(fabric_transfer_api_v1)
[08set.2026 23:14:43.455] [main/DEBUG] [mixin/]: Instancing new FMLMixinPlatformAgent for SecureJarResource(fabric_transfer_api_v1)
[08set.2026 23:14:43.455] [main/DEBUG] [mixin/]: FMLMixinPlatformAgent rejected container SecureJarResource(fabric_transfer_api_v1)
[08set.2026 23:14:43.455] [main/DEBUG] [mixin/]: Processing prepare() for PlatformAgent[MixinPlatformAgentDefault:SecureJarResource(fabric_transfer_api_v1)]
[08set.2026 23:14:43.455] [main/DEBUG] [mixin/]: Adding mixin platform agents for container SecureJarResource(fabric_renderer_api_v1)
[08set.2026 23:14:43.455] [main/DEBUG] [mixin/]: Instancing new MixinPlatformAgentMinecraftForge for SecureJarResource(fabric_renderer_api_v1)
[08set.2026 23:14:43.455] [main/DEBUG] [mixin/]: MixinPlatformAgentMinecraftForge rejected container SecureJarResource(fabric_renderer_api_v1)
[08set.2026 23:14:43.455] [main/DEBUG] [mixin/]: Instancing new MixinPlatformAgentDefault for SecureJarResource(fabric_renderer_api_v1)
[08set.2026 23:14:43.455] [main/DEBUG] [mixin/]: MixinPlatformAgentDefault accepted container SecureJarResource(fabric_renderer_api_v1)
[08set.2026 23:14:43.455] [main/DEBUG] [mixin/]: Instancing new FMLMixinPlatformAgent for SecureJarResource(fabric_renderer_api_v1)
[08set.2026 23:14:43.455] [main/DEBUG] [mixin/]: FMLMixinPlatformAgent rejected container SecureJarResource(fabric_renderer_api_v1)
[08set.2026 23:14:43.455] [main/DEBUG] [mixin/]: Processing prepare() for PlatformAgent[MixinPlatformAgentDefault:SecureJarResource(fabric_renderer_api_v1)]
[08set.2026 23:14:43.455] [main/DEBUG] [mixin/]: Adding mixin platform agents for container SecureJarResource(geckolib)
[08set.2026 23:14:43.455] [main/DEBUG] [mixin/]: Instancing new MixinPlatformAgentMinecraftForge for SecureJarResource(geckolib)
[08set.2026 23:14:43.455] [main/DEBUG] [mixin/]: MixinPlatformAgentMinecraftForge rejected container SecureJarResource(geckolib)
[08set.2026 23:14:43.455] [main/DEBUG] [mixin/]: Instancing new MixinPlatformAgentDefault for SecureJarResource(geckolib)
[08set.2026 23:14:43.455] [main/DEBUG] [mixin/]: MixinPlatformAgentDefault accepted container SecureJarResource(geckolib)
[08set.2026 23:14:43.455] [main/DEBUG] [mixin/]: Instancing new FMLMixinPlatformAgent for SecureJarResource(geckolib)
[08set.2026 23:14:43.455] [main/DEBUG] [mixin/]: FMLMixinPlatformAgent rejected container SecureJarResource(geckolib)
[08set.2026 23:14:43.455] [main/DEBUG] [mixin/]: Processing prepare() for PlatformAgent[MixinPlatformAgentDefault:SecureJarResource(geckolib)]
[08set.2026 23:14:43.455] [main/DEBUG] [mixin/]: Registering mixin config: geckolib.mixins.json source=SecureJarResource(geckolib)
[08set.2026 23:14:43.455] [main/DEBUG] [mixin/]: Adding mixin platform agents for container SecureJarResource(fabric_item_api_v1)
[08set.2026 23:14:43.455] [main/DEBUG] [mixin/]: Instancing new MixinPlatformAgentMinecraftForge for SecureJarResource(fabric_item_api_v1)
[08set.2026 23:14:43.455] [main/DEBUG] [mixin/]: MixinPlatformAgentMinecraftForge rejected container SecureJarResource(fabric_item_api_v1)
[08set.2026 23:14:43.455] [main/DEBUG] [mixin/]: Instancing new MixinPlatformAgentDefault for SecureJarResource(fabric_item_api_v1)
[08set.2026 23:14:43.455] [main/DEBUG] [mixin/]: MixinPlatformAgentDefault accepted container SecureJarResource(fabric_item_api_v1)
[08set.2026 23:14:43.455] [main/DEBUG] [mixin/]: Instancing new FMLMixinPlatformAgent for SecureJarResource(fabric_item_api_v1)
[08set.2026 23:14:43.455] [main/DEBUG] [mixin/]: FMLMixinPlatformAgent rejected container SecureJarResource(fabric_item_api_v1)
[08set.2026 23:14:43.455] [main/DEBUG] [mixin/]: Processing prepare() for PlatformAgent[MixinPlatformAgentDefault:SecureJarResource(fabric_item_api_v1)]
[08set.2026 23:14:43.455] [main/DEBUG] [mixin/]: Adding mixin platform agents for container SecureJarResource(fabric_model_loading_api_v1)
[08set.2026 23:14:43.455] [main/DEBUG] [mixin/]: Instancing new MixinPlatformAgentMinecraftForge for SecureJarResource(fabric_model_loading_api_v1)
[08set.2026 23:14:43.456] [main/DEBUG] [mixin/]: MixinPlatformAgentMinecraftForge rejected container SecureJarResource(fabric_model_loading_api_v1)
[08set.2026 23:14:43.456] [main/DEBUG] [mixin/]: Instancing new MixinPlatformAgentDefault for SecureJarResource(fabric_model_loading_api_v1)
[08set.2026 23:14:43.456] [main/DEBUG] [mixin/]: MixinPlatformAgentDefault accepted container SecureJarResource(fabric_model_loading_api_v1)
[08set.2026 23:14:43.456] [main/DEBUG] [mixin/]: Instancing new FMLMixinPlatformAgent for SecureJarResource(fabric_model_loading_api_v1)
[08set.2026 23:14:43.456] [main/DEBUG] [mixin/]: FMLMixinPlatformAgent rejected container SecureJarResource(fabric_model_loading_api_v1)
[08set.2026 23:14:43.456] [main/DEBUG] [mixin/]: Processing prepare() for PlatformAgent[MixinPlatformAgentDefault:SecureJarResource(fabric_model_loading_api_v1)]
[08set.2026 23:14:43.456] [main/DEBUG] [mixin/]: Adding mixin platform agents for container SecureJarResource(fabric_rendering_fluids_v1)
[08set.2026 23:14:43.456] [main/DEBUG] [mixin/]: Instancing new MixinPlatformAgentMinecraftForge for SecureJarResource(fabric_rendering_fluids_v1)
[08set.2026 23:14:43.456] [main/DEBUG] [mixin/]: MixinPlatformAgentMinecraftForge rejected container SecureJarResource(fabric_rendering_fluids_v1)
[08set.2026 23:14:43.456] [main/DEBUG] [mixin/]: Instancing new MixinPlatformAgentDefault for SecureJarResource(fabric_rendering_fluids_v1)
[08set.2026 23:14:43.456] [main/DEBUG] [mixin/]: MixinPlatformAgentDefault accepted container SecureJarResource(fabric_rendering_fluids_v1)
[08set.2026 23:14:43.456] [main/DEBUG] [mixin/]: Instancing new FMLMixinPlatformAgent for SecureJarResource(fabric_rendering_fluids_v1)
[08set.2026 23:14:43.456] [main/DEBUG] [mixin/]: FMLMixinPlatformAgent rejected container SecureJarResource(fabric_rendering_fluids_v1)
[08set.2026 23:14:43.456] [main/DEBUG] [mixin/]: Processing prepare() for PlatformAgent[MixinPlatformAgentDefault:SecureJarResource(fabric_rendering_fluids_v1)]
[08set.2026 23:14:43.456] [main/DEBUG] [mixin/]: Adding mixin platform agents for container SecureJarResource(commonnetworking)
[08set.2026 23:14:43.456] [main/DEBUG] [mixin/]: Instancing new MixinPlatformAgentMinecraftForge for SecureJarResource(commonnetworking)
[08set.2026 23:14:43.456] [main/DEBUG] [mixin/]: MixinPlatformAgentMinecraftForge rejected container SecureJarResource(commonnetworking)
[08set.2026 23:14:43.456] [main/DEBUG] [mixin/]: Instancing new MixinPlatformAgentDefault for SecureJarResource(commonnetworking)
[08set.2026 23:14:43.456] [main/DEBUG] [mixin/]: MixinPlatformAgentDefault accepted container SecureJarResource(commonnetworking)
[08set.2026 23:14:43.456] [main/DEBUG] [mixin/]: Instancing new FMLMixinPlatformAgent for SecureJarResource(commonnetworking)
[08set.2026 23:14:43.456] [main/DEBUG] [mixin/]: FMLMixinPlatformAgent rejected container SecureJarResource(commonnetworking)
[08set.2026 23:14:43.456] [main/DEBUG] [mixin/]: Processing prepare() for PlatformAgent[MixinPlatformAgentDefault:SecureJarResource(commonnetworking)]
[08set.2026 23:14:43.456] [main/DEBUG] [mixin/]: Adding mixin platform agents for container SecureJarResource(fabric_screen_handler_api_v1)
[08set.2026 23:14:43.456] [main/DEBUG] [mixin/]: Instancing new MixinPlatformAgentMinecraftForge for SecureJarResource(fabric_screen_handler_api_v1)
[08set.2026 23:14:43.456] [main/DEBUG] [mixin/]: MixinPlatformAgentMinecraftForge rejected container SecureJarResource(fabric_screen_handler_api_v1)
[08set.2026 23:14:43.456] [main/DEBUG] [mixin/]: Instancing new MixinPlatformAgentDefault for SecureJarResource(fabric_screen_handler_api_v1)
[08set.2026 23:14:43.456] [main/DEBUG] [mixin/]: MixinPlatformAgentDefault accepted container SecureJarResource(fabric_screen_handler_api_v1)
[08set.2026 23:14:43.456] [main/DEBUG] [mixin/]: Instancing new FMLMixinPlatformAgent for SecureJarResource(fabric_screen_handler_api_v1)
[08set.2026 23:14:43.456] [main/DEBUG] [mixin/]: FMLMixinPlatformAgent rejected container SecureJarResource(fabric_screen_handler_api_v1)
[08set.2026 23:14:43.456] [main/DEBUG] [mixin/]: Processing prepare() for PlatformAgent[MixinPlatformAgentDefault:SecureJarResource(fabric_screen_handler_api_v1)]
[08set.2026 23:14:43.456] [main/DEBUG] [mixin/]: Adding mixin platform agents for container SecureJarResource(fabric_resource_loader_v0)
[08set.2026 23:14:43.456] [main/DEBUG] [mixin/]: Instancing new MixinPlatformAgentMinecraftForge for SecureJarResource(fabric_resource_loader_v0)
[08set.2026 23:14:43.456] [main/DEBUG] [mixin/]: MixinPlatformAgentMinecraftForge rejected container SecureJarResource(fabric_resource_loader_v0)
[08set.2026 23:14:43.456] [main/DEBUG] [mixin/]: Instancing new MixinPlatformAgentDefault for SecureJarResource(fabric_resource_loader_v0)
[08set.2026 23:14:43.456] [main/DEBUG] [mixin/]: MixinPlatformAgentDefault accepted container SecureJarResource(fabric_resource_loader_v0)
[08set.2026 23:14:43.456] [main/DEBUG] [mixin/]: Instancing new FMLMixinPlatformAgent for SecureJarResource(fabric_resource_loader_v0)
[08set.2026 23:14:43.456] [main/DEBUG] [mixin/]: FMLMixinPlatformAgent rejected container SecureJarResource(fabric_resource_loader_v0)
[08set.2026 23:14:43.457] [main/DEBUG] [mixin/]: Processing prepare() for PlatformAgent[MixinPlatformAgentDefault:SecureJarResource(fabric_resource_loader_v0)]
[08set.2026 23:14:43.457] [main/DEBUG] [mixin/]: Adding mixin platform agents for container SecureJarResource(fabric_rendering_v1)
[08set.2026 23:14:43.457] [main/DEBUG] [mixin/]: Instancing new MixinPlatformAgentMinecraftForge for SecureJarResource(fabric_rendering_v1)
[08set.2026 23:14:43.457] [main/DEBUG] [mixin/]: MixinPlatformAgentMinecraftForge rejected container SecureJarResource(fabric_rendering_v1)
[08set.2026 23:14:43.457] [main/DEBUG] [mixin/]: Instancing new MixinPlatformAgentDefault for SecureJarResource(fabric_rendering_v1)
[08set.2026 23:14:43.457] [main/DEBUG] [mixin/]: MixinPlatformAgentDefault accepted container SecureJarResource(fabric_rendering_v1)
[08set.2026 23:14:43.457] [main/DEBUG] [mixin/]: Instancing new FMLMixinPlatformAgent for SecureJarResource(fabric_rendering_v1)
[08set.2026 23:14:43.457] [main/DEBUG] [mixin/]: FMLMixinPlatformAgent rejected container SecureJarResource(fabric_rendering_v1)
[08set.2026 23:14:43.457] [main/DEBUG] [mixin/]: Processing prepare() for PlatformAgent[MixinPlatformAgentDefault:SecureJarResource(fabric_rendering_v1)]
[08set.2026 23:14:43.457] [main/DEBUG] [mixin/]: Adding mixin platform agents for container SecureJarResource(fabric_renderer_indigo)
[08set.2026 23:14:43.457] [main/DEBUG] [mixin/]: Instancing new MixinPlatformAgentMinecraftForge for SecureJarResource(fabric_renderer_indigo)
[08set.2026 23:14:43.457] [main/DEBUG] [mixin/]: MixinPlatformAgentMinecraftForge rejected container SecureJarResource(fabric_renderer_indigo)
[08set.2026 23:14:43.457] [main/DEBUG] [mixin/]: Instancing new MixinPlatformAgentDefault for SecureJarResource(fabric_renderer_indigo)
[08set.2026 23:14:43.457] [main/DEBUG] [mixin/]: MixinPlatformAgentDefault accepted container SecureJarResource(fabric_renderer_indigo)
[08set.2026 23:14:43.457] [main/DEBUG] [mixin/]: Instancing new FMLMixinPlatformAgent for SecureJarResource(fabric_renderer_indigo)
[08set.2026 23:14:43.457] [main/DEBUG] [mixin/]: FMLMixinPlatformAgent rejected container SecureJarResource(fabric_renderer_indigo)
[08set.2026 23:14:43.457] [main/DEBUG] [mixin/]: Processing prepare() for PlatformAgent[MixinPlatformAgentDefault:SecureJarResource(fabric_renderer_indigo)]
[08set.2026 23:14:43.457] [main/DEBUG] [mixin/]: Adding mixin platform agents for container SecureJarResource(fabric_convention_tags_v1)
[08set.2026 23:14:43.457] [main/DEBUG] [mixin/]: Instancing new MixinPlatformAgentMinecraftForge for SecureJarResource(fabric_convention_tags_v1)
[08set.2026 23:14:43.457] [main/DEBUG] [mixin/]: MixinPlatformAgentMinecraftForge rejected container SecureJarResource(fabric_convention_tags_v1)
[08set.2026 23:14:43.457] [main/DEBUG] [mixin/]: Instancing new MixinPlatformAgentDefault for SecureJarResource(fabric_convention_tags_v1)
[08set.2026 23:14:43.457] [main/DEBUG] [mixin/]: MixinPlatformAgentDefault accepted container SecureJarResource(fabric_convention_tags_v1)
[08set.2026 23:14:43.457] [main/DEBUG] [mixin/]: Instancing new FMLMixinPlatformAgent for SecureJarResource(fabric_convention_tags_v1)
[08set.2026 23:14:43.457] [main/DEBUG] [mixin/]: FMLMixinPlatformAgent rejected container SecureJarResource(fabric_convention_tags_v1)
[08set.2026 23:14:43.457] [main/DEBUG] [mixin/]: Processing prepare() for PlatformAgent[MixinPlatformAgentDefault:SecureJarResource(fabric_convention_tags_v1)]
[08set.2026 23:14:43.457] [main/DEBUG] [mixin/]: Adding mixin platform agents for container SecureJarResource(neoforge)
[08set.2026 23:14:43.457] [main/DEBUG] [mixin/]: Instancing new MixinPlatformAgentMinecraftForge for SecureJarResource(neoforge)
[08set.2026 23:14:43.457] [main/DEBUG] [mixin/]: MixinPlatformAgentMinecraftForge rejected container SecureJarResource(neoforge)
[08set.2026 23:14:43.457] [main/DEBUG] [mixin/]: Instancing new MixinPlatformAgentDefault for SecureJarResource(neoforge)
[08set.2026 23:14:43.457] [main/DEBUG] [mixin/]: MixinPlatformAgentDefault accepted container SecureJarResource(neoforge)
[08set.2026 23:14:43.457] [main/DEBUG] [mixin/]: Instancing new FMLMixinPlatformAgent for SecureJarResource(neoforge)
[08set.2026 23:14:43.457] [main/DEBUG] [mixin/]: FMLMixinPlatformAgent rejected container SecureJarResource(neoforge)
[08set.2026 23:14:43.457] [main/DEBUG] [mixin/]: Processing prepare() for PlatformAgent[MixinPlatformAgentDefault:SecureJarResource(neoforge)]
[08set.2026 23:14:43.458] [main/DEBUG] [mixin/]: Adding mixin platform agents for container SecureJarResource(fabric_block_view_api_v2)
[08set.2026 23:14:43.458] [main/DEBUG] [mixin/]: Instancing new MixinPlatformAgentMinecraftForge for SecureJarResource(fabric_block_view_api_v2)
[08set.2026 23:14:43.458] [main/DEBUG] [mixin/]: MixinPlatformAgentMinecraftForge rejected container SecureJarResource(fabric_block_view_api_v2)
[08set.2026 23:14:43.458] [main/DEBUG] [mixin/]: Instancing new MixinPlatformAgentDefault for SecureJarResource(fabric_block_view_api_v2)
[08set.2026 23:14:43.458] [main/DEBUG] [mixin/]: MixinPlatformAgentDefault accepted container SecureJarResource(fabric_block_view_api_v2)
[08set.2026 23:14:43.458] [main/DEBUG] [mixin/]: Instancing new FMLMixinPlatformAgent for SecureJarResource(fabric_block_view_api_v2)
[08set.2026 23:14:43.458] [main/DEBUG] [mixin/]: FMLMixinPlatformAgent rejected container SecureJarResource(fabric_block_view_api_v2)
[08set.2026 23:14:43.458] [main/DEBUG] [mixin/]: Processing prepare() for PlatformAgent[MixinPlatformAgentDefault:SecureJarResource(fabric_block_view_api_v2)]
[08set.2026 23:14:43.458] [main/DEBUG] [mixin/]: Adding mixin platform agents for container SecureJarResource(fabric_convention_tags_v2)
[08set.2026 23:14:43.458] [main/DEBUG] [mixin/]: Instancing new MixinPlatformAgentMinecraftForge for SecureJarResource(fabric_convention_tags_v2)
[08set.2026 23:14:43.458] [main/DEBUG] [mixin/]: MixinPlatformAgentMinecraftForge rejected container SecureJarResource(fabric_convention_tags_v2)
[08set.2026 23:14:43.458] [main/DEBUG] [mixin/]: Instancing new MixinPlatformAgentDefault for SecureJarResource(fabric_convention_tags_v2)
[08set.2026 23:14:43.458] [main/DEBUG] [mixin/]: MixinPlatformAgentDefault accepted container SecureJarResource(fabric_convention_tags_v2)
[08set.2026 23:14:43.458] [main/DEBUG] [mixin/]: Instancing new FMLMixinPlatformAgent for SecureJarResource(fabric_convention_tags_v2)
[08set.2026 23:14:43.458] [main/DEBUG] [mixin/]: FMLMixinPlatformAgent rejected container SecureJarResource(fabric_convention_tags_v2)
[08set.2026 23:14:43.458] [main/DEBUG] [mixin/]: Processing prepare() for PlatformAgent[MixinPlatformAgentDefault:SecureJarResource(fabric_convention_tags_v2)]
[08set.2026 23:14:43.458] [main/DEBUG] [mixin/]: Adding mixin platform agents for container SecureJarResource(fabric_command_api_v2)
[08set.2026 23:14:43.458] [main/DEBUG] [mixin/]: Instancing new MixinPlatformAgentMinecraftForge for SecureJarResource(fabric_command_api_v2)
[08set.2026 23:14:43.458] [main/DEBUG] [mixin/]: MixinPlatformAgentMinecraftForge rejected container SecureJarResource(fabric_command_api_v2)
[08set.2026 23:14:43.458] [main/DEBUG] [mixin/]: Instancing new MixinPlatformAgentDefault for SecureJarResource(fabric_command_api_v2)
[08set.2026 23:14:43.458] [main/DEBUG] [mixin/]: MixinPlatformAgentDefault accepted container SecureJarResource(fabric_command_api_v2)
[08set.2026 23:14:43.458] [main/DEBUG] [mixin/]: Instancing new FMLMixinPlatformAgent for SecureJarResource(fabric_command_api_v2)
[08set.2026 23:14:43.458] [main/DEBUG] [mixin/]: FMLMixinPlatformAgent rejected container SecureJarResource(fabric_command_api_v2)
[08set.2026 23:14:43.458] [main/DEBUG] [mixin/]: Processing prepare() for PlatformAgent[MixinPlatformAgentDefault:SecureJarResource(fabric_command_api_v2)]
[08set.2026 23:14:43.458] [main/DEBUG] [mixin/]: Adding mixin platform agents for container SecureJarResource(fabric_data_attachment_api_v1)
[08set.2026 23:14:43.458] [main/DEBUG] [mixin/]: Instancing new MixinPlatformAgentMinecraftForge for SecureJarResource(fabric_data_attachment_api_v1)
[08set.2026 23:14:43.458] [main/DEBUG] [mixin/]: MixinPlatformAgentMinecraftForge rejected container SecureJarResource(fabric_data_attachment_api_v1)
[08set.2026 23:14:43.458] [main/DEBUG] [mixin/]: Instancing new MixinPlatformAgentDefault for SecureJarResource(fabric_data_attachment_api_v1)
[08set.2026 23:14:43.458] [main/DEBUG] [mixin/]: MixinPlatformAgentDefault accepted container SecureJarResource(fabric_data_attachment_api_v1)
[08set.2026 23:14:43.458] [main/DEBUG] [mixin/]: Instancing new FMLMixinPlatformAgent for SecureJarResource(fabric_data_attachment_api_v1)
[08set.2026 23:14:43.458] [main/DEBUG] [mixin/]: FMLMixinPlatformAgent rejected container SecureJarResource(fabric_data_attachment_api_v1)
[08set.2026 23:14:43.458] [main/DEBUG] [mixin/]: Processing prepare() for PlatformAgent[MixinPlatformAgentDefault:SecureJarResource(fabric_data_attachment_api_v1)]
[08set.2026 23:14:43.459] [main/DEBUG] [mixin/]: Adding mixin platform agents for container SecureJarResource(fabric_screen_api_v1)
[08set.2026 23:14:43.459] [main/DEBUG] [mixin/]: Instancing new MixinPlatformAgentMinecraftForge for SecureJarResource(fabric_screen_api_v1)
[08set.2026 23:14:43.459] [main/DEBUG] [mixin/]: MixinPlatformAgentMinecraftForge rejected container SecureJarResource(fabric_screen_api_v1)
[08set.2026 23:14:43.459] [main/DEBUG] [mixin/]: Instancing new MixinPlatformAgentDefault for SecureJarResource(fabric_screen_api_v1)
[08set.2026 23:14:43.459] [main/DEBUG] [mixin/]: MixinPlatformAgentDefault accepted container SecureJarResource(fabric_screen_api_v1)
[08set.2026 23:14:43.459] [main/DEBUG] [mixin/]: Instancing new FMLMixinPlatformAgent for SecureJarResource(fabric_screen_api_v1)
[08set.2026 23:14:43.459] [main/DEBUG] [mixin/]: FMLMixinPlatformAgent rejected container SecureJarResource(fabric_screen_api_v1)
[08set.2026 23:14:43.459] [main/DEBUG] [mixin/]: Processing prepare() for PlatformAgent[MixinPlatformAgentDefault:SecureJarResource(fabric_screen_api_v1)]
[08set.2026 23:14:43.459] [main/DEBUG] [mixin/]: Adding mixin platform agents for container SecureJarResource(fabric_particles_v1)
[08set.2026 23:14:43.459] [main/DEBUG] [mixin/]: Instancing new MixinPlatformAgentMinecraftForge for SecureJarResource(fabric_particles_v1)
[08set.2026 23:14:43.459] [main/DEBUG] [mixin/]: MixinPlatformAgentMinecraftForge rejected container SecureJarResource(fabric_particles_v1)
[08set.2026 23:14:43.459] [main/DEBUG] [mixin/]: Instancing new MixinPlatformAgentDefault for SecureJarResource(fabric_particles_v1)
[08set.2026 23:14:43.459] [main/DEBUG] [mixin/]: MixinPlatformAgentDefault accepted container SecureJarResource(fabric_particles_v1)
[08set.2026 23:14:43.459] [main/DEBUG] [mixin/]: Instancing new FMLMixinPlatformAgent for SecureJarResource(fabric_particles_v1)
[08set.2026 23:14:43.459] [main/DEBUG] [mixin/]: FMLMixinPlatformAgent rejected container SecureJarResource(fabric_particles_v1)
[08set.2026 23:14:43.459] [main/DEBUG] [mixin/]: Processing prepare() for PlatformAgent[MixinPlatformAgentDefault:SecureJarResource(fabric_particles_v1)]
[08set.2026 23:14:43.459] [main/DEBUG] [mixin/]: Adding mixin platform agents for container SecureJarResource(fabric_api)
[08set.2026 23:14:43.459] [main/DEBUG] [mixin/]: Instancing new MixinPlatformAgentMinecraftForge for SecureJarResource(fabric_api)
[08set.2026 23:14:43.459] [main/DEBUG] [mixin/]: MixinPlatformAgentMinecraftForge rejected container SecureJarResource(fabric_api)
[08set.2026 23:14:43.459] [main/DEBUG] [mixin/]: Instancing new MixinPlatformAgentDefault for SecureJarResource(fabric_api)
[08set.2026 23:14:43.459] [main/DEBUG] [mixin/]: MixinPlatformAgentDefault accepted container SecureJarResource(fabric_api)
[08set.2026 23:14:43.459] [main/DEBUG] [mixin/]: Instancing new FMLMixinPlatformAgent for SecureJarResource(fabric_api)
[08set.2026 23:14:43.459] [main/DEBUG] [mixin/]: FMLMixinPlatformAgent rejected container SecureJarResource(fabric_api)
[08set.2026 23:14:43.459] [main/DEBUG] [mixin/]: Processing prepare() for PlatformAgent[MixinPlatformAgentDefault:SecureJarResource(fabric_api)]
[08set.2026 23:14:43.459] [main/DEBUG] [mixin/]: Adding mixin platform agents for container SecureJarResource(fabric_content_registries_v0)
[08set.2026 23:14:43.459] [main/DEBUG] [mixin/]: Instancing new MixinPlatformAgentMinecraftForge for SecureJarResource(fabric_content_registries_v0)
[08set.2026 23:14:43.459] [main/DEBUG] [mixin/]: MixinPlatformAgentMinecraftForge rejected container SecureJarResource(fabric_content_registries_v0)
[08set.2026 23:14:43.459] [main/DEBUG] [mixin/]: Instancing new MixinPlatformAgentDefault for SecureJarResource(fabric_content_registries_v0)
[08set.2026 23:14:43.459] [main/DEBUG] [mixin/]: MixinPlatformAgentDefault accepted container SecureJarResource(fabric_content_registries_v0)
[08set.2026 23:14:43.459] [main/DEBUG] [mixin/]: Instancing new FMLMixinPlatformAgent for SecureJarResource(fabric_content_registries_v0)
[08set.2026 23:14:43.459] [main/DEBUG] [mixin/]: FMLMixinPlatformAgent rejected container SecureJarResource(fabric_content_registries_v0)
[08set.2026 23:14:43.459] [main/DEBUG] [mixin/]: Processing prepare() for PlatformAgent[MixinPlatformAgentDefault:SecureJarResource(fabric_content_registries_v0)]
[08set.2026 23:14:43.459] [main/DEBUG] [mixin/]: Adding mixin platform agents for container SecureJarResource(fabric_transitive_access_wideners_v1)
[08set.2026 23:14:43.459] [main/DEBUG] [mixin/]: Instancing new MixinPlatformAgentMinecraftForge for SecureJarResource(fabric_transitive_access_wideners_v1)
[08set.2026 23:14:43.459] [main/DEBUG] [mixin/]: MixinPlatformAgentMinecraftForge rejected container SecureJarResource(fabric_transitive_access_wideners_v1)
[08set.2026 23:14:43.459] [main/DEBUG] [mixin/]: Instancing new MixinPlatformAgentDefault for SecureJarResource(fabric_transitive_access_wideners_v1)
[08set.2026 23:14:43.459] [main/DEBUG] [mixin/]: MixinPlatformAgentDefault accepted container SecureJarResource(fabric_transitive_access_wideners_v1)
[08set.2026 23:14:43.460] [main/DEBUG] [mixin/]: Instancing new FMLMixinPlatformAgent for SecureJarResource(fabric_transitive_access_wideners_v1)
[08set.2026 23:14:43.460] [main/DEBUG] [mixin/]: FMLMixinPlatformAgent rejected container SecureJarResource(fabric_transitive_access_wideners_v1)
[08set.2026 23:14:43.460] [main/DEBUG] [mixin/]: Processing prepare() for PlatformAgent[MixinPlatformAgentDefault:SecureJarResource(fabric_transitive_access_wideners_v1)]
[08set.2026 23:14:43.460] [main/DEBUG] [mixin/]: Adding mixin platform agents for container SecureJarResource(fabric_game_rule_api_v1)
[08set.2026 23:14:43.460] [main/DEBUG] [mixin/]: Instancing new MixinPlatformAgentMinecraftForge for SecureJarResource(fabric_game_rule_api_v1)
[08set.2026 23:14:43.460] [main/DEBUG] [mixin/]: MixinPlatformAgentMinecraftForge rejected container SecureJarResource(fabric_game_rule_api_v1)
[08set.2026 23:14:43.460] [main/DEBUG] [mixin/]: Instancing new MixinPlatformAgentDefault for SecureJarResource(fabric_game_rule_api_v1)
[08set.2026 23:14:43.460] [main/DEBUG] [mixin/]: MixinPlatformAgentDefault accepted container SecureJarResource(fabric_game_rule_api_v1)
[08set.2026 23:14:43.460] [main/DEBUG] [mixin/]: Instancing new FMLMixinPlatformAgent for SecureJarResource(fabric_game_rule_api_v1)
[08set.2026 23:14:43.460] [main/DEBUG] [mixin/]: FMLMixinPlatformAgent rejected container SecureJarResource(fabric_game_rule_api_v1)
[08set.2026 23:14:43.460] [main/DEBUG] [mixin/]: Processing prepare() for PlatformAgent[MixinPlatformAgentDefault:SecureJarResource(fabric_game_rule_api_v1)]
[08set.2026 23:14:43.460] [main/DEBUG] [mixin/]: Adding mixin platform agents for container SecureJarResource(fabric_api_base)
[08set.2026 23:14:43.460] [main/DEBUG] [mixin/]: Instancing new MixinPlatformAgentMinecraftForge for SecureJarResource(fabric_api_base)
[08set.2026 23:14:43.460] [main/DEBUG] [mixin/]: MixinPlatformAgentMinecraftForge rejected container SecureJarResource(fabric_api_base)
[08set.2026 23:14:43.460] [main/DEBUG] [mixin/]: Instancing new MixinPlatformAgentDefault for SecureJarResource(fabric_api_base)
[08set.2026 23:14:43.460] [main/DEBUG] [mixin/]: MixinPlatformAgentDefault accepted container SecureJarResource(fabric_api_base)
[08set.2026 23:14:43.460] [main/DEBUG] [mixin/]: Instancing new FMLMixinPlatformAgent for SecureJarResource(fabric_api_base)
[08set.2026 23:14:43.460] [main/DEBUG] [mixin/]: FMLMixinPlatformAgent rejected container SecureJarResource(fabric_api_base)
[08set.2026 23:14:43.460] [main/DEBUG] [mixin/]: Processing prepare() for PlatformAgent[MixinPlatformAgentDefault:SecureJarResource(fabric_api_base)]
[08set.2026 23:14:43.460] [main/DEBUG] [mixin/]: Adding mixin platform agents for container SecureJarResource(fabric_api_lookup_api_v1)
[08set.2026 23:14:43.460] [main/DEBUG] [mixin/]: Instancing new MixinPlatformAgentMinecraftForge for SecureJarResource(fabric_api_lookup_api_v1)
[08set.2026 23:14:43.460] [main/DEBUG] [mixin/]: MixinPlatformAgentMinecraftForge rejected container SecureJarResource(fabric_api_lookup_api_v1)
[08set.2026 23:14:43.460] [main/DEBUG] [mixin/]: Instancing new MixinPlatformAgentDefault for SecureJarResource(fabric_api_lookup_api_v1)
[08set.2026 23:14:43.460] [main/DEBUG] [mixin/]: MixinPlatformAgentDefault accepted container SecureJarResource(fabric_api_lookup_api_v1)
[08set.2026 23:14:43.460] [main/DEBUG] [mixin/]: Instancing new FMLMixinPlatformAgent for SecureJarResource(fabric_api_lookup_api_v1)
[08set.2026 23:14:43.460] [main/DEBUG] [mixin/]: FMLMixinPlatformAgent rejected container SecureJarResource(fabric_api_lookup_api_v1)
[08set.2026 23:14:43.460] [main/DEBUG] [mixin/]: Processing prepare() for PlatformAgent[MixinPlatformAgentDefault:SecureJarResource(fabric_api_lookup_api_v1)]
[08set.2026 23:14:43.460] [main/DEBUG] [mixin/]: Adding mixin platform agents for container SecureJarResource(fabric_blockrenderlayer_v1)
[08set.2026 23:14:43.460] [main/DEBUG] [mixin/]: Instancing new MixinPlatformAgentMinecraftForge for SecureJarResource(fabric_blockrenderlayer_v1)
[08set.2026 23:14:43.460] [main/DEBUG] [mixin/]: MixinPlatformAgentMinecraftForge rejected container SecureJarResource(fabric_blockrenderlayer_v1)
[08set.2026 23:14:43.460] [main/DEBUG] [mixin/]: Instancing new MixinPlatformAgentDefault for SecureJarResource(fabric_blockrenderlayer_v1)
[08set.2026 23:14:43.460] [main/DEBUG] [mixin/]: MixinPlatformAgentDefault accepted container SecureJarResource(fabric_blockrenderlayer_v1)
[08set.2026 23:14:43.460] [main/DEBUG] [mixin/]: Instancing new FMLMixinPlatformAgent for SecureJarResource(fabric_blockrenderlayer_v1)
[08set.2026 23:14:43.460] [main/DEBUG] [mixin/]: FMLMixinPlatformAgent rejected container SecureJarResource(fabric_blockrenderlayer_v1)
[08set.2026 23:14:43.460] [main/DEBUG] [mixin/]: Processing prepare() for PlatformAgent[MixinPlatformAgentDefault:SecureJarResource(fabric_blockrenderlayer_v1)]
[08set.2026 23:14:43.461] [main/DEBUG] [mixin/]: Adding mixin platform agents for container SecureJarResource(fabric_block_api_v1)
[08set.2026 23:14:43.461] [main/DEBUG] [mixin/]: Instancing new MixinPlatformAgentMinecraftForge for SecureJarResource(fabric_block_api_v1)
[08set.2026 23:14:43.461] [main/DEBUG] [mixin/]: MixinPlatformAgentMinecraftForge rejected container SecureJarResource(fabric_block_api_v1)
[08set.2026 23:14:43.461] [main/DEBUG] [mixin/]: Instancing new MixinPlatformAgentDefault for SecureJarResource(fabric_block_api_v1)
[08set.2026 23:14:43.461] [main/DEBUG] [mixin/]: MixinPlatformAgentDefault accepted container SecureJarResource(fabric_block_api_v1)
[08set.2026 23:14:43.461] [main/DEBUG] [mixin/]: Instancing new FMLMixinPlatformAgent for SecureJarResource(fabric_block_api_v1)
[08set.2026 23:14:43.461] [main/DEBUG] [mixin/]: FMLMixinPlatformAgent rejected container SecureJarResource(fabric_block_api_v1)
[08set.2026 23:14:43.461] [main/DEBUG] [mixin/]: Processing prepare() for PlatformAgent[MixinPlatformAgentDefault:SecureJarResource(fabric_block_api_v1)]
[08set.2026 23:14:43.461] [main/DEBUG] [mixin/]: Adding mixin platform agents for container SecureJarResource(fabric_resource_conditions_api_v1)
[08set.2026 23:14:43.461] [main/DEBUG] [mixin/]: Instancing new MixinPlatformAgentMinecraftForge for SecureJarResource(fabric_resource_conditions_api_v1)
[08set.2026 23:14:43.461] [main/DEBUG] [mixin/]: MixinPlatformAgentMinecraftForge rejected container SecureJarResource(fabric_resource_conditions_api_v1)
[08set.2026 23:14:43.461] [main/DEBUG] [mixin/]: Instancing new MixinPlatformAgentDefault for SecureJarResource(fabric_resource_conditions_api_v1)
[08set.2026 23:14:43.461] [main/DEBUG] [mixin/]: MixinPlatformAgentDefault accepted container SecureJarResource(fabric_resource_conditions_api_v1)
[08set.2026 23:14:43.461] [main/DEBUG] [mixin/]: Instancing new FMLMixinPlatformAgent for SecureJarResource(fabric_resource_conditions_api_v1)
[08set.2026 23:14:43.461] [main/DEBUG] [mixin/]: FMLMixinPlatformAgent rejected container SecureJarResource(fabric_resource_conditions_api_v1)
[08set.2026 23:14:43.461] [main/DEBUG] [mixin/]: Processing prepare() for PlatformAgent[MixinPlatformAgentDefault:SecureJarResource(fabric_resource_conditions_api_v1)]
[08set.2026 23:14:43.461] [main/DEBUG] [mixin/]: Adding mixin platform agents for container SecureJarResource(fabric_item_group_api_v1)
[08set.2026 23:14:43.461] [main/DEBUG] [mixin/]: Instancing new MixinPlatformAgentMinecraftForge for SecureJarResource(fabric_item_group_api_v1)
[08set.2026 23:14:43.461] [main/DEBUG] [mixin/]: MixinPlatformAgentMinecraftForge rejected container SecureJarResource(fabric_item_group_api_v1)
[08set.2026 23:14:43.461] [main/DEBUG] [mixin/]: Instancing new MixinPlatformAgentDefault for SecureJarResource(fabric_item_group_api_v1)
[08set.2026 23:14:43.461] [main/DEBUG] [mixin/]: MixinPlatformAgentDefault accepted container SecureJarResource(fabric_item_group_api_v1)
[08set.2026 23:14:43.461] [main/DEBUG] [mixin/]: Instancing new FMLMixinPlatformAgent for SecureJarResource(fabric_item_group_api_v1)
[08set.2026 23:14:43.461] [main/DEBUG] [mixin/]: FMLMixinPlatformAgent rejected container SecureJarResource(fabric_item_group_api_v1)
[08set.2026 23:14:43.461] [main/DEBUG] [mixin/]: Processing prepare() for PlatformAgent[MixinPlatformAgentDefault:SecureJarResource(fabric_item_group_api_v1)]
[08set.2026 23:14:43.461] [main/DEBUG] [mixin/]: Adding mixin platform agents for container SecureJarResource(fabric_gametest_api_v1)
[08set.2026 23:14:43.461] [main/DEBUG] [mixin/]: Instancing new MixinPlatformAgentMinecraftForge for SecureJarResource(fabric_gametest_api_v1)
[08set.2026 23:14:43.461] [main/DEBUG] [mixin/]: MixinPlatformAgentMinecraftForge rejected container SecureJarResource(fabric_gametest_api_v1)
[08set.2026 23:14:43.461] [main/DEBUG] [mixin/]: Instancing new MixinPlatformAgentDefault for SecureJarResource(fabric_gametest_api_v1)
[08set.2026 23:14:43.461] [main/DEBUG] [mixin/]: MixinPlatformAgentDefault accepted container SecureJarResource(fabric_gametest_api_v1)
[08set.2026 23:14:43.461] [main/DEBUG] [mixin/]: Instancing new FMLMixinPlatformAgent for SecureJarResource(fabric_gametest_api_v1)
[08set.2026 23:14:43.461] [main/DEBUG] [mixin/]: FMLMixinPlatformAgent rejected container SecureJarResource(fabric_gametest_api_v1)
[08set.2026 23:14:43.461] [main/DEBUG] [mixin/]: Processing prepare() for PlatformAgent[MixinPlatformAgentDefault:SecureJarResource(fabric_gametest_api_v1)]
[08set.2026 23:14:43.461] [main/DEBUG] [mixin/]: Adding mixin platform agents for container SecureJarResource(fabric_biome_api_v1)
[08set.2026 23:14:43.461] [main/DEBUG] [mixin/]: Instancing new MixinPlatformAgentMinecraftForge for SecureJarResource(fabric_biome_api_v1)
[08set.2026 23:14:43.461] [main/DEBUG] [mixin/]: MixinPlatformAgentMinecraftForge rejected container SecureJarResource(fabric_biome_api_v1)
[08set.2026 23:14:43.461] [main/DEBUG] [mixin/]: Instancing new MixinPlatformAgentDefault for SecureJarResource(fabric_biome_api_v1)
[08set.2026 23:14:43.461] [main/DEBUG] [mixin/]: MixinPlatformAgentDefault accepted container SecureJarResource(fabric_biome_api_v1)
[08set.2026 23:14:43.461] [main/DEBUG] [mixin/]: Instancing new FMLMixinPlatformAgent for SecureJarResource(fabric_biome_api_v1)
[08set.2026 23:14:43.461] [main/DEBUG] [mixin/]: FMLMixinPlatformAgent rejected container SecureJarResource(fabric_biome_api_v1)
[08set.2026 23:14:43.462] [main/DEBUG] [mixin/]: Processing prepare() for PlatformAgent[MixinPlatformAgentDefault:SecureJarResource(fabric_biome_api_v1)]
[08set.2026 23:14:43.462] [main/DEBUG] [mixin/]: Adding mixin platform agents for container SecureJarResource(fabric_entity_events_v1)
[08set.2026 23:14:43.462] [main/DEBUG] [mixin/]: Instancing new MixinPlatformAgentMinecraftForge for SecureJarResource(fabric_entity_events_v1)
[08set.2026 23:14:43.462] [main/DEBUG] [mixin/]: MixinPlatformAgentMinecraftForge rejected container SecureJarResource(fabric_entity_events_v1)
[08set.2026 23:14:43.462] [main/DEBUG] [mixin/]: Instancing new MixinPlatformAgentDefault for SecureJarResource(fabric_entity_events_v1)
[08set.2026 23:14:43.462] [main/DEBUG] [mixin/]: MixinPlatformAgentDefault accepted container SecureJarResource(fabric_entity_events_v1)
[08set.2026 23:14:43.462] [main/DEBUG] [mixin/]: Instancing new FMLMixinPlatformAgent for SecureJarResource(fabric_entity_events_v1)
[08set.2026 23:14:43.462] [main/DEBUG] [mixin/]: FMLMixinPlatformAgent rejected container SecureJarResource(fabric_entity_events_v1)
[08set.2026 23:14:43.462] [main/DEBUG] [mixin/]: Processing prepare() for PlatformAgent[MixinPlatformAgentDefault:SecureJarResource(fabric_entity_events_v1)]
[08set.2026 23:14:43.462] [main/DEBUG] [mixin/]: Adding mixin platform agents for container SecureJarResource(fabric_registry_sync_v0)
[08set.2026 23:14:43.462] [main/DEBUG] [mixin/]: Instancing new MixinPlatformAgentMinecraftForge for SecureJarResource(fabric_registry_sync_v0)
[08set.2026 23:14:43.462] [main/DEBUG] [mixin/]: MixinPlatformAgentMinecraftForge rejected container SecureJarResource(fabric_registry_sync_v0)
[08set.2026 23:14:43.462] [main/DEBUG] [mixin/]: Instancing new MixinPlatformAgentDefault for SecureJarResource(fabric_registry_sync_v0)
[08set.2026 23:14:43.462] [main/DEBUG] [mixin/]: MixinPlatformAgentDefault accepted container SecureJarResource(fabric_registry_sync_v0)
[08set.2026 23:14:43.462] [main/DEBUG] [mixin/]: Instancing new FMLMixinPlatformAgent for SecureJarResource(fabric_registry_sync_v0)
[08set.2026 23:14:43.462] [main/DEBUG] [mixin/]: FMLMixinPlatformAgent rejected container SecureJarResource(fabric_registry_sync_v0)
[08set.2026 23:14:43.462] [main/DEBUG] [mixin/]: Processing prepare() for PlatformAgent[MixinPlatformAgentDefault:SecureJarResource(fabric_registry_sync_v0)]
[08set.2026 23:14:43.462] [main/DEBUG] [mixin/]: Adding mixin platform agents for container SecureJarResource(fabric_recipe_api_v1)
[08set.2026 23:14:43.462] [main/DEBUG] [mixin/]: Instancing new MixinPlatformAgentMinecraftForge for SecureJarResource(fabric_recipe_api_v1)
[08set.2026 23:14:43.462] [main/DEBUG] [mixin/]: MixinPlatformAgentMinecraftForge rejected container SecureJarResource(fabric_recipe_api_v1)
[08set.2026 23:14:43.462] [main/DEBUG] [mixin/]: Instancing new MixinPlatformAgentDefault for SecureJarResource(fabric_recipe_api_v1)
[08set.2026 23:14:43.462] [main/DEBUG] [mixin/]: MixinPlatformAgentDefault accepted container SecureJarResource(fabric_recipe_api_v1)
[08set.2026 23:14:43.462] [main/DEBUG] [mixin/]: Instancing new FMLMixinPlatformAgent for SecureJarResource(fabric_recipe_api_v1)
[08set.2026 23:14:43.462] [main/DEBUG] [mixin/]: FMLMixinPlatformAgent rejected container SecureJarResource(fabric_recipe_api_v1)
[08set.2026 23:14:43.462] [main/DEBUG] [mixin/]: Processing prepare() for PlatformAgent[MixinPlatformAgentDefault:SecureJarResource(fabric_recipe_api_v1)]
[08set.2026 23:14:43.462] [main/DEBUG] [mixin/]: Adding mixin platform agents for container SecureJarResource(fabric_loot_api_v2)
[08set.2026 23:14:43.462] [main/DEBUG] [mixin/]: Instancing new MixinPlatformAgentMinecraftForge for SecureJarResource(fabric_loot_api_v2)
[08set.2026 23:14:43.462] [main/DEBUG] [mixin/]: MixinPlatformAgentMinecraftForge rejected container SecureJarResource(fabric_loot_api_v2)
[08set.2026 23:14:43.462] [main/DEBUG] [mixin/]: Instancing new MixinPlatformAgentDefault for SecureJarResource(fabric_loot_api_v2)
[08set.2026 23:14:43.462] [main/DEBUG] [mixin/]: MixinPlatformAgentDefault accepted container SecureJarResource(fabric_loot_api_v2)
[08set.2026 23:14:43.462] [main/DEBUG] [mixin/]: Instancing new FMLMixinPlatformAgent for SecureJarResource(fabric_loot_api_v2)
[08set.2026 23:14:43.462] [main/DEBUG] [mixin/]: FMLMixinPlatformAgent rejected container SecureJarResource(fabric_loot_api_v2)
[08set.2026 23:14:43.462] [main/DEBUG] [mixin/]: Processing prepare() for PlatformAgent[MixinPlatformAgentDefault:SecureJarResource(fabric_loot_api_v2)]
[08set.2026 23:14:43.462] [main/DEBUG] [mixin/]: Adding mixin platform agents for container SecureJarResource(fabric_object_builder_api_v1)
[08set.2026 23:14:43.462] [main/DEBUG] [mixin/]: Instancing new MixinPlatformAgentMinecraftForge for SecureJarResource(fabric_object_builder_api_v1)
[08set.2026 23:14:43.462] [main/DEBUG] [mixin/]: MixinPlatformAgentMinecraftForge rejected container SecureJarResource(fabric_object_builder_api_v1)
[08set.2026 23:14:43.463] [main/DEBUG] [mixin/]: Instancing new MixinPlatformAgentDefault for SecureJarResource(fabric_object_builder_api_v1)
[08set.2026 23:14:43.463] [main/DEBUG] [mixin/]: MixinPlatformAgentDefault accepted container SecureJarResource(fabric_object_builder_api_v1)
[08set.2026 23:14:43.463] [main/DEBUG] [mixin/]: Instancing new FMLMixinPlatformAgent for SecureJarResource(fabric_object_builder_api_v1)
[08set.2026 23:14:43.463] [main/DEBUG] [mixin/]: FMLMixinPlatformAgent rejected container SecureJarResource(fabric_object_builder_api_v1)
[08set.2026 23:14:43.463] [main/DEBUG] [mixin/]: Processing prepare() for PlatformAgent[MixinPlatformAgentDefault:SecureJarResource(fabric_object_builder_api_v1)]
[08set.2026 23:14:43.463] [main/DEBUG] [mixin/]: Adding mixin platform agents for container SecureJarResource(fabric_loot_api_v3)
[08set.2026 23:14:43.463] [main/DEBUG] [mixin/]: Instancing new MixinPlatformAgentMinecraftForge for SecureJarResource(fabric_loot_api_v3)
[08set.2026 23:14:43.463] [main/DEBUG] [mixin/]: MixinPlatformAgentMinecraftForge rejected container SecureJarResource(fabric_loot_api_v3)
[08set.2026 23:14:43.463] [main/DEBUG] [mixin/]: Instancing new MixinPlatformAgentDefault for SecureJarResource(fabric_loot_api_v3)
[08set.2026 23:14:43.463] [main/DEBUG] [mixin/]: MixinPlatformAgentDefault accepted container SecureJarResource(fabric_loot_api_v3)
[08set.2026 23:14:43.463] [main/DEBUG] [mixin/]: Instancing new FMLMixinPlatformAgent for SecureJarResource(fabric_loot_api_v3)
[08set.2026 23:14:43.463] [main/DEBUG] [mixin/]: FMLMixinPlatformAgent rejected container SecureJarResource(fabric_loot_api_v3)
[08set.2026 23:14:43.463] [main/DEBUG] [mixin/]: Processing prepare() for PlatformAgent[MixinPlatformAgentDefault:SecureJarResource(fabric_loot_api_v3)]
[08set.2026 23:14:43.463] [main/DEBUG] [mixin/]: Adding mixin platform agents for container SecureJarResource(fabric_rendering_data_attachment_v1)
[08set.2026 23:14:43.463] [main/DEBUG] [mixin/]: Instancing new MixinPlatformAgentMinecraftForge for SecureJarResource(fabric_rendering_data_attachment_v1)
[08set.2026 23:14:43.463] [main/DEBUG] [mixin/]: MixinPlatformAgentMinecraftForge rejected container SecureJarResource(fabric_rendering_data_attachment_v1)
[08set.2026 23:14:43.463] [main/DEBUG] [mixin/]: Instancing new MixinPlatformAgentDefault for SecureJarResource(fabric_rendering_data_attachment_v1)
[08set.2026 23:14:43.463] [main/DEBUG] [mixin/]: MixinPlatformAgentDefault accepted container SecureJarResource(fabric_rendering_data_attachment_v1)
[08set.2026 23:14:43.463] [main/DEBUG] [mixin/]: Instancing new FMLMixinPlatformAgent for SecureJarResource(fabric_rendering_data_attachment_v1)
[08set.2026 23:14:43.463] [main/DEBUG] [mixin/]: FMLMixinPlatformAgent rejected container SecureJarResource(fabric_rendering_data_attachment_v1)
[08set.2026 23:14:43.463] [main/DEBUG] [mixin/]: Processing prepare() for PlatformAgent[MixinPlatformAgentDefault:SecureJarResource(fabric_rendering_data_attachment_v1)]
[08set.2026 23:14:43.463] [main/DEBUG] [mixin/]: Adding mixin platform agents for container SecureJarResource(fabric_networking_api_v1)
[08set.2026 23:14:43.463] [main/DEBUG] [mixin/]: Instancing new MixinPlatformAgentMinecraftForge for SecureJarResource(fabric_networking_api_v1)
[08set.2026 23:14:43.463] [main/DEBUG] [mixin/]: MixinPlatformAgentMinecraftForge rejected container SecureJarResource(fabric_networking_api_v1)
[08set.2026 23:14:43.463] [main/DEBUG] [mixin/]: Instancing new MixinPlatformAgentDefault for SecureJarResource(fabric_networking_api_v1)
[08set.2026 23:14:43.463] [main/DEBUG] [mixin/]: MixinPlatformAgentDefault accepted container SecureJarResource(fabric_networking_api_v1)
[08set.2026 23:14:43.463] [main/DEBUG] [mixin/]: Instancing new FMLMixinPlatformAgent for SecureJarResource(fabric_networking_api_v1)
[08set.2026 23:14:43.463] [main/DEBUG] [mixin/]: FMLMixinPlatformAgent rejected container SecureJarResource(fabric_networking_api_v1)
[08set.2026 23:14:43.463] [main/DEBUG] [mixin/]: Processing prepare() for PlatformAgent[MixinPlatformAgentDefault:SecureJarResource(fabric_networking_api_v1)]
[08set.2026 23:14:43.463] [main/DEBUG] [mixin/]: Adding mixin platform agents for container SecureJarResource(fabric_sound_api_v1)
[08set.2026 23:14:43.463] [main/DEBUG] [mixin/]: Instancing new MixinPlatformAgentMinecraftForge for SecureJarResource(fabric_sound_api_v1)
[08set.2026 23:14:43.463] [main/DEBUG] [mixin/]: MixinPlatformAgentMinecraftForge rejected container SecureJarResource(fabric_sound_api_v1)
[08set.2026 23:14:43.463] [main/DEBUG] [mixin/]: Instancing new MixinPlatformAgentDefault for SecureJarResource(fabric_sound_api_v1)
[08set.2026 23:14:43.463] [main/DEBUG] [mixin/]: MixinPlatformAgentDefault accepted container SecureJarResource(fabric_sound_api_v1)
[08set.2026 23:14:43.463] [main/DEBUG] [mixin/]: Instancing new FMLMixinPlatformAgent for SecureJarResource(fabric_sound_api_v1)
[08set.2026 23:14:43.463] [main/DEBUG] [mixin/]: FMLMixinPlatformAgent rejected container SecureJarResource(fabric_sound_api_v1)
[08set.2026 23:14:43.463] [main/DEBUG] [mixin/]: Processing prepare() for PlatformAgent[MixinPlatformAgentDefault:SecureJarResource(fabric_sound_api_v1)]
[08set.2026 23:14:43.463] [main/DEBUG] [mixin/]: Adding mixin platform agents for container SecureJarResource(lodestone)
[08set.2026 23:14:43.463] [main/DEBUG] [mixin/]: Instancing new MixinPlatformAgentMinecraftForge for SecureJarResource(lodestone)
[08set.2026 23:14:43.464] [main/DEBUG] [mixin/]: MixinPlatformAgentMinecraftForge rejected container SecureJarResource(lodestone)
[08set.2026 23:14:43.464] [main/DEBUG] [mixin/]: Instancing new MixinPlatformAgentDefault for SecureJarResource(lodestone)
[08set.2026 23:14:43.464] [main/DEBUG] [mixin/]: MixinPlatformAgentDefault accepted container SecureJarResource(lodestone)
[08set.2026 23:14:43.464] [main/DEBUG] [mixin/]: Instancing new FMLMixinPlatformAgent for SecureJarResource(lodestone)
[08set.2026 23:14:43.464] [main/DEBUG] [mixin/]: FMLMixinPlatformAgent rejected container SecureJarResource(lodestone)
[08set.2026 23:14:43.464] [main/DEBUG] [mixin/]: Processing prepare() for PlatformAgent[MixinPlatformAgentDefault:SecureJarResource(lodestone)]
[08set.2026 23:14:43.464] [main/DEBUG] [mixin/]: Adding mixin platform agents for container SecureJarResource(fabric_message_api_v1)
[08set.2026 23:14:43.464] [main/DEBUG] [mixin/]: Instancing new MixinPlatformAgentMinecraftForge for SecureJarResource(fabric_message_api_v1)
[08set.2026 23:14:43.464] [main/DEBUG] [mixin/]: MixinPlatformAgentMinecraftForge rejected container SecureJarResource(fabric_message_api_v1)
[08set.2026 23:14:43.464] [main/DEBUG] [mixin/]: Instancing new MixinPlatformAgentDefault for SecureJarResource(fabric_message_api_v1)
[08set.2026 23:14:43.464] [main/DEBUG] [mixin/]: MixinPlatformAgentDefault accepted container SecureJarResource(fabric_message_api_v1)
[08set.2026 23:14:43.464] [main/DEBUG] [mixin/]: Instancing new FMLMixinPlatformAgent for SecureJarResource(fabric_message_api_v1)
[08set.2026 23:14:43.464] [main/DEBUG] [mixin/]: FMLMixinPlatformAgent rejected container SecureJarResource(fabric_message_api_v1)
[08set.2026 23:14:43.464] [main/DEBUG] [mixin/]: Processing prepare() for PlatformAgent[MixinPlatformAgentDefault:SecureJarResource(fabric_message_api_v1)]
[08set.2026 23:14:43.464] [main/DEBUG] [mixin/]: Adding mixin platform agents for container SecureJarResource(elementals)
[08set.2026 23:14:43.464] [main/DEBUG] [mixin/]: Instancing new MixinPlatformAgentMinecraftForge for SecureJarResource(elementals)
[08set.2026 23:14:43.464] [main/DEBUG] [mixin/]: MixinPlatformAgentMinecraftForge rejected container SecureJarResource(elementals)
[08set.2026 23:14:43.464] [main/DEBUG] [mixin/]: Instancing new MixinPlatformAgentDefault for SecureJarResource(elementals)
[08set.2026 23:14:43.464] [main/DEBUG] [mixin/]: MixinPlatformAgentDefault accepted container SecureJarResource(elementals)
[08set.2026 23:14:43.464] [main/DEBUG] [mixin/]: Instancing new FMLMixinPlatformAgent for SecureJarResource(elementals)
[08set.2026 23:14:43.464] [main/DEBUG] [mixin/]: FMLMixinPlatformAgent rejected container SecureJarResource(elementals)
[08set.2026 23:14:43.464] [main/DEBUG] [mixin/]: Processing prepare() for PlatformAgent[MixinPlatformAgentDefault:SecureJarResource(elementals)]
[08set.2026 23:14:43.464] [main/DEBUG] [mixin/]: Adding mixin platform agents for container SecureJarResource(elementalsmorebendings)
[08set.2026 23:14:43.464] [main/DEBUG] [mixin/]: Instancing new MixinPlatformAgentMinecraftForge for SecureJarResource(elementalsmorebendings)
[08set.2026 23:14:43.464] [main/DEBUG] [mixin/]: MixinPlatformAgentMinecraftForge rejected container SecureJarResource(elementalsmorebendings)
[08set.2026 23:14:43.464] [main/DEBUG] [mixin/]: Instancing new MixinPlatformAgentDefault for SecureJarResource(elementalsmorebendings)
[08set.2026 23:14:43.464] [main/DEBUG] [mixin/]: MixinPlatformAgentDefault accepted container SecureJarResource(elementalsmorebendings)
[08set.2026 23:14:43.464] [main/DEBUG] [mixin/]: Instancing new FMLMixinPlatformAgent for SecureJarResource(elementalsmorebendings)
[08set.2026 23:14:43.464] [main/DEBUG] [mixin/]: FMLMixinPlatformAgent rejected container SecureJarResource(elementalsmorebendings)
[08set.2026 23:14:43.464] [main/DEBUG] [mixin/]: Processing prepare() for PlatformAgent[MixinPlatformAgentDefault:SecureJarResource(elementalsmorebendings)]
[08set.2026 23:14:43.464] [main/DEBUG] [mixin/]: Adding mixin platform agents for container SecureJarResource(fabric_lifecycle_events_v1)
[08set.2026 23:14:43.464] [main/DEBUG] [mixin/]: Instancing new MixinPlatformAgentMinecraftForge for SecureJarResource(fabric_lifecycle_events_v1)
[08set.2026 23:14:43.464] [main/DEBUG] [mixin/]: MixinPlatformAgentMinecraftForge rejected container SecureJarResource(fabric_lifecycle_events_v1)
[08set.2026 23:14:43.465] [main/DEBUG] [mixin/]: Instancing new MixinPlatformAgentDefault for SecureJarResource(fabric_lifecycle_events_v1)
[08set.2026 23:14:43.465] [main/DEBUG] [mixin/]: MixinPlatformAgentDefault accepted container SecureJarResource(fabric_lifecycle_events_v1)
[08set.2026 23:14:43.465] [main/DEBUG] [mixin/]: Instancing new FMLMixinPlatformAgent for SecureJarResource(fabric_lifecycle_events_v1)
[08set.2026 23:14:43.465] [main/DEBUG] [mixin/]: FMLMixinPlatformAgent rejected container SecureJarResource(fabric_lifecycle_events_v1)
[08set.2026 23:14:43.465] [main/DEBUG] [mixin/]: Processing prepare() for PlatformAgent[MixinPlatformAgentDefault:SecureJarResource(fabric_lifecycle_events_v1)]
[08set.2026 23:14:43.465] [main/DEBUG] [mixin/]: Adding mixin platform agents for container SecureJarResource(fabric_data_generation_api_v1)
[08set.2026 23:14:43.465] [main/DEBUG] [mixin/]: Instancing new MixinPlatformAgentMinecraftForge for SecureJarResource(fabric_data_generation_api_v1)
[08set.2026 23:14:43.465] [main/DEBUG] [mixin/]: MixinPlatformAgentMinecraftForge rejected container SecureJarResource(fabric_data_generation_api_v1)
[08set.2026 23:14:43.465] [main/DEBUG] [mixin/]: Instancing new MixinPlatformAgentDefault for SecureJarResource(fabric_data_generation_api_v1)
[08set.2026 23:14:43.465] [main/DEBUG] [mixin/]: MixinPlatformAgentDefault accepted container SecureJarResource(fabric_data_generation_api_v1)
[08set.2026 23:14:43.465] [main/DEBUG] [mixin/]: Instancing new FMLMixinPlatformAgent for SecureJarResource(fabric_data_generation_api_v1)
[08set.2026 23:14:43.465] [main/DEBUG] [mixin/]: FMLMixinPlatformAgent rejected container SecureJarResource(fabric_data_generation_api_v1)
[08set.2026 23:14:43.465] [main/DEBUG] [mixin/]: Processing prepare() for PlatformAgent[MixinPlatformAgentDefault:SecureJarResource(fabric_data_generation_api_v1)]
[08set.2026 23:14:43.465] [main/DEBUG] [mixin/]: Adding mixin platform agents for container SecureJarResource(fabric_events_interaction_v0)
[08set.2026 23:14:43.465] [main/DEBUG] [mixin/]: Instancing new MixinPlatformAgentMinecraftForge for SecureJarResource(fabric_events_interaction_v0)
[08set.2026 23:14:43.465] [main/DEBUG] [mixin/]: MixinPlatformAgentMinecraftForge rejected container SecureJarResource(fabric_events_interaction_v0)
[08set.2026 23:14:43.465] [main/DEBUG] [mixin/]: Instancing new MixinPlatformAgentDefault for SecureJarResource(fabric_events_interaction_v0)
[08set.2026 23:14:43.465] [main/DEBUG] [mixin/]: MixinPlatformAgentDefault accepted container SecureJarResource(fabric_events_interaction_v0)
[08set.2026 23:14:43.465] [main/DEBUG] [mixin/]: Instancing new FMLMixinPlatformAgent for SecureJarResource(fabric_events_interaction_v0)
[08set.2026 23:14:43.465] [main/DEBUG] [mixin/]: FMLMixinPlatformAgent rejected container SecureJarResource(fabric_events_interaction_v0)
[08set.2026 23:14:43.465] [main/DEBUG] [mixin/]: Processing prepare() for PlatformAgent[MixinPlatformAgentDefault:SecureJarResource(fabric_events_interaction_v0)]
[08set.2026 23:14:43.465] [main/DEBUG] [mixin/]: Adding mixin platform agents for container SecureJarResource(fabric_key_binding_api_v1)
[08set.2026 23:14:43.465] [main/DEBUG] [mixin/]: Instancing new MixinPlatformAgentMinecraftForge for SecureJarResource(fabric_key_binding_api_v1)
[08set.2026 23:14:43.465] [main/DEBUG] [mixin/]: MixinPlatformAgentMinecraftForge rejected container SecureJarResource(fabric_key_binding_api_v1)
[08set.2026 23:14:43.465] [main/DEBUG] [mixin/]: Instancing new MixinPlatformAgentDefault for SecureJarResource(fabric_key_binding_api_v1)
[08set.2026 23:14:43.465] [main/DEBUG] [mixin/]: MixinPlatformAgentDefault accepted container SecureJarResource(fabric_key_binding_api_v1)
[08set.2026 23:14:43.465] [main/DEBUG] [mixin/]: Instancing new FMLMixinPlatformAgent for SecureJarResource(fabric_key_binding_api_v1)
[08set.2026 23:14:43.465] [main/DEBUG] [mixin/]: FMLMixinPlatformAgent rejected container SecureJarResource(fabric_key_binding_api_v1)
[08set.2026 23:14:43.465] [main/DEBUG] [mixin/]: Processing prepare() for PlatformAgent[MixinPlatformAgentDefault:SecureJarResource(fabric_key_binding_api_v1)]
[08set.2026 23:14:43.465] [main/DEBUG] [mixin/]: Adding mixin platform agents for container SecureJarResource(fabric_client_tags_api_v1)
[08set.2026 23:14:43.465] [main/DEBUG] [mixin/]: Instancing new MixinPlatformAgentMinecraftForge for SecureJarResource(fabric_client_tags_api_v1)
[08set.2026 23:14:43.465] [main/DEBUG] [mixin/]: MixinPlatformAgentMinecraftForge rejected container SecureJarResource(fabric_client_tags_api_v1)
[08set.2026 23:14:43.465] [main/DEBUG] [mixin/]: Instancing new MixinPlatformAgentDefault for SecureJarResource(fabric_client_tags_api_v1)
[08set.2026 23:14:43.465] [main/DEBUG] [mixin/]: MixinPlatformAgentDefault accepted container SecureJarResource(fabric_client_tags_api_v1)
[08set.2026 23:14:43.465] [main/DEBUG] [mixin/]: Instancing new FMLMixinPlatformAgent for SecureJarResource(fabric_client_tags_api_v1)
[08set.2026 23:14:43.465] [main/DEBUG] [mixin/]: FMLMixinPlatformAgent rejected container SecureJarResource(fabric_client_tags_api_v1)
[08set.2026 23:14:43.465] [main/DEBUG] [mixin/]: Processing prepare() for PlatformAgent[MixinPlatformAgentDefault:SecureJarResource(fabric_client_tags_api_v1)]
[08set.2026 23:14:43.465] [main/DEBUG] [mixin/]: Adding mixin platform agents for container SecureJarResource(mixinextras.neoforge)
[08set.2026 23:14:43.465] [main/DEBUG] [mixin/]: Instancing new MixinPlatformAgentMinecraftForge for SecureJarResource(mixinextras.neoforge)
[08set.2026 23:14:43.465] [main/DEBUG] [mixin/]: MixinPlatformAgentMinecraftForge rejected container SecureJarResource(mixinextras.neoforge)
[08set.2026 23:14:43.466] [main/DEBUG] [mixin/]: Instancing new MixinPlatformAgentDefault for SecureJarResource(mixinextras.neoforge)
[08set.2026 23:14:43.466] [main/DEBUG] [mixin/]: MixinPlatformAgentDefault accepted container SecureJarResource(mixinextras.neoforge)
[08set.2026 23:14:43.466] [main/DEBUG] [mixin/]: Instancing new FMLMixinPlatformAgent for SecureJarResource(mixinextras.neoforge)
[08set.2026 23:14:43.466] [main/DEBUG] [mixin/]: FMLMixinPlatformAgent rejected container SecureJarResource(mixinextras.neoforge)
[08set.2026 23:14:43.466] [main/DEBUG] [mixin/]: Processing prepare() for PlatformAgent[MixinPlatformAgentDefault:SecureJarResource(mixinextras.neoforge)]
[08set.2026 23:14:43.466] [main/DEBUG] [mixin/]: Registering mixin config: mixinextras.init.mixins.json source=SecureJarResource(mixinextras.neoforge)
[08set.2026 23:14:43.467] [main/DEBUG] [mixin/]: inject() running with 53 agents
[08set.2026 23:14:43.467] [main/DEBUG] [mixin/]: Processing inject() for PlatformAgent[MixinPlatformAgentDefault:ModLauncher Root Container(ModLauncher:4f56a0a2)]
[08set.2026 23:14:43.467] [main/DEBUG] [mixin/]: Processing inject() for PlatformAgent[MixinPlatformAgentDefault:net.neoforged.fml.loading.mixin.FMLMixinContainerHandle@ac20bb4]
[08set.2026 23:14:43.467] [main/DEBUG] [mixin/]: Processing inject() for PlatformAgent[FMLMixinPlatformAgent:null]
[08set.2026 23:14:43.467] [main/DEBUG] [mixin/]: Processing inject() for PlatformAgent[MixinPlatformAgentDefault:SecureJarResource(mixin_synthetic)]
[08set.2026 23:14:43.467] [main/DEBUG] [mixin/]: Processing inject() for PlatformAgent[MixinPlatformAgentDefault:SecureJarResource(fabric_transfer_api_v1)]
[08set.2026 23:14:43.467] [main/DEBUG] [mixin/]: Processing inject() for PlatformAgent[MixinPlatformAgentDefault:SecureJarResource(fabric_renderer_api_v1)]
[08set.2026 23:14:43.467] [main/DEBUG] [mixin/]: Processing inject() for PlatformAgent[MixinPlatformAgentDefault:SecureJarResource(geckolib)]
[08set.2026 23:14:43.467] [main/DEBUG] [mixin/]: Processing inject() for PlatformAgent[MixinPlatformAgentDefault:SecureJarResource(fabric_item_api_v1)]
[08set.2026 23:14:43.467] [main/DEBUG] [mixin/]: Processing inject() for PlatformAgent[MixinPlatformAgentDefault:SecureJarResource(fabric_model_loading_api_v1)]
[08set.2026 23:14:43.467] [main/DEBUG] [mixin/]: Processing inject() for PlatformAgent[MixinPlatformAgentDefault:SecureJarResource(fabric_rendering_fluids_v1)]
[08set.2026 23:14:43.467] [main/DEBUG] [mixin/]: Processing inject() for PlatformAgent[MixinPlatformAgentDefault:SecureJarResource(commonnetworking)]
[08set.2026 23:14:43.467] [main/DEBUG] [mixin/]: Processing inject() for PlatformAgent[MixinPlatformAgentDefault:SecureJarResource(fabric_screen_handler_api_v1)]
[08set.2026 23:14:43.467] [main/DEBUG] [mixin/]: Processing inject() for PlatformAgent[MixinPlatformAgentDefault:SecureJarResource(fabric_resource_loader_v0)]
[08set.2026 23:14:43.467] [main/DEBUG] [mixin/]: Processing inject() for PlatformAgent[MixinPlatformAgentDefault:SecureJarResource(fabric_rendering_v1)]
[08set.2026 23:14:43.467] [main/DEBUG] [mixin/]: Processing inject() for PlatformAgent[MixinPlatformAgentDefault:SecureJarResource(fabric_renderer_indigo)]
[08set.2026 23:14:43.467] [main/DEBUG] [mixin/]: Processing inject() for PlatformAgent[MixinPlatformAgentDefault:SecureJarResource(fabric_convention_tags_v1)]
[08set.2026 23:14:43.467] [main/DEBUG] [mixin/]: Processing inject() for PlatformAgent[MixinPlatformAgentDefault:SecureJarResource(neoforge)]
[08set.2026 23:14:43.467] [main/DEBUG] [mixin/]: Processing inject() for PlatformAgent[MixinPlatformAgentDefault:SecureJarResource(fabric_block_view_api_v2)]
[08set.2026 23:14:43.467] [main/DEBUG] [mixin/]: Processing inject() for PlatformAgent[MixinPlatformAgentDefault:SecureJarResource(fabric_convention_tags_v2)]
[08set.2026 23:14:43.467] [main/DEBUG] [mixin/]: Processing inject() for PlatformAgent[MixinPlatformAgentDefault:SecureJarResource(fabric_command_api_v2)]
[08set.2026 23:14:43.467] [main/DEBUG] [mixin/]: Processing inject() for PlatformAgent[MixinPlatformAgentDefault:SecureJarResource(fabric_data_attachment_api_v1)]
[08set.2026 23:14:43.467] [main/DEBUG] [mixin/]: Processing inject() for PlatformAgent[MixinPlatformAgentDefault:SecureJarResource(fabric_screen_api_v1)]
[08set.2026 23:14:43.467] [main/DEBUG] [mixin/]: Processing inject() for PlatformAgent[MixinPlatformAgentDefault:SecureJarResource(fabric_particles_v1)]
[08set.2026 23:14:43.467] [main/DEBUG] [mixin/]: Processing inject() for PlatformAgent[MixinPlatformAgentDefault:SecureJarResource(fabric_api)]
[08set.2026 23:14:43.467] [main/DEBUG] [mixin/]: Processing inject() for PlatformAgent[MixinPlatformAgentDefault:SecureJarResource(fabric_content_registries_v0)]
[08set.2026 23:14:43.467] [main/DEBUG] [mixin/]: Processing inject() for PlatformAgent[MixinPlatformAgentDefault:SecureJarResource(fabric_transitive_access_wideners_v1)]
[08set.2026 23:14:43.467] [main/DEBUG] [mixin/]: Processing inject() for PlatformAgent[MixinPlatformAgentDefault:SecureJarResource(fabric_game_rule_api_v1)]
[08set.2026 23:14:43.467] [main/DEBUG] [mixin/]: Processing inject() for PlatformAgent[MixinPlatformAgentDefault:SecureJarResource(fabric_api_base)]
[08set.2026 23:14:43.467] [main/DEBUG] [mixin/]: Processing inject() for PlatformAgent[MixinPlatformAgentDefault:SecureJarResource(fabric_api_lookup_api_v1)]
[08set.2026 23:14:43.467] [main/DEBUG] [mixin/]: Processing inject() for PlatformAgent[MixinPlatformAgentDefault:SecureJarResource(fabric_blockrenderlayer_v1)]
[08set.2026 23:14:43.467] [main/DEBUG] [mixin/]: Processing inject() for PlatformAgent[MixinPlatformAgentDefault:SecureJarResource(fabric_block_api_v1)]
[08set.2026 23:14:43.467] [main/DEBUG] [mixin/]: Processing inject() for PlatformAgent[MixinPlatformAgentDefault:SecureJarResource(fabric_resource_conditions_api_v1)]
[08set.2026 23:14:43.467] [main/DEBUG] [mixin/]: Processing inject() for PlatformAgent[MixinPlatformAgentDefault:SecureJarResource(fabric_item_group_api_v1)]
[08set.2026 23:14:43.467] [main/DEBUG] [mixin/]: Processing inject() for PlatformAgent[MixinPlatformAgentDefault:SecureJarResource(fabric_gametest_api_v1)]
[08set.2026 23:14:43.467] [main/DEBUG] [mixin/]: Processing inject() for PlatformAgent[MixinPlatformAgentDefault:SecureJarResource(fabric_biome_api_v1)]
[08set.2026 23:14:43.467] [main/DEBUG] [mixin/]: Processing inject() for PlatformAgent[MixinPlatformAgentDefault:SecureJarResource(fabric_entity_events_v1)]
[08set.2026 23:14:43.467] [main/DEBUG] [mixin/]: Processing inject() for PlatformAgent[MixinPlatformAgentDefault:SecureJarResource(fabric_registry_sync_v0)]
[08set.2026 23:14:43.468] [main/DEBUG] [mixin/]: Processing inject() for PlatformAgent[MixinPlatformAgentDefault:SecureJarResource(fabric_recipe_api_v1)]
[08set.2026 23:14:43.468] [main/DEBUG] [mixin/]: Processing inject() for PlatformAgent[MixinPlatformAgentDefault:SecureJarResource(fabric_loot_api_v2)]
[08set.2026 23:14:43.468] [main/DEBUG] [mixin/]: Processing inject() for PlatformAgent[MixinPlatformAgentDefault:SecureJarResource(fabric_object_builder_api_v1)]
[08set.2026 23:14:43.468] [main/DEBUG] [mixin/]: Processing inject() for PlatformAgent[MixinPlatformAgentDefault:SecureJarResource(fabric_loot_api_v3)]
[08set.2026 23:14:43.468] [main/DEBUG] [mixin/]: Processing inject() for PlatformAgent[MixinPlatformAgentDefault:SecureJarResource(fabric_rendering_data_attachment_v1)]
[08set.2026 23:14:43.468] [main/DEBUG] [mixin/]: Processing inject() for PlatformAgent[MixinPlatformAgentDefault:SecureJarResource(fabric_networking_api_v1)]
[08set.2026 23:14:43.468] [main/DEBUG] [mixin/]: Processing inject() for PlatformAgent[MixinPlatformAgentDefault:SecureJarResource(fabric_sound_api_v1)]
[08set.2026 23:14:43.468] [main/DEBUG] [mixin/]: Processing inject() for PlatformAgent[MixinPlatformAgentDefault:SecureJarResource(lodestone)]
[08set.2026 23:14:43.468] [main/DEBUG] [mixin/]: Processing inject() for PlatformAgent[MixinPlatformAgentDefault:SecureJarResource(fabric_message_api_v1)]
[08set.2026 23:14:43.468] [main/DEBUG] [mixin/]: Processing inject() for PlatformAgent[MixinPlatformAgentDefault:SecureJarResource(elementals)]
[08set.2026 23:14:43.468] [main/DEBUG] [mixin/]: Processing inject() for PlatformAgent[MixinPlatformAgentDefault:SecureJarResource(elementalsmorebendings)]
[08set.2026 23:14:43.468] [main/DEBUG] [mixin/]: Processing inject() for PlatformAgent[MixinPlatformAgentDefault:SecureJarResource(fabric_lifecycle_events_v1)]
[08set.2026 23:14:43.468] [main/DEBUG] [mixin/]: Processing inject() for PlatformAgent[MixinPlatformAgentDefault:SecureJarResource(fabric_data_generation_api_v1)]
[08set.2026 23:14:43.468] [main/DEBUG] [mixin/]: Processing inject() for PlatformAgent[MixinPlatformAgentDefault:SecureJarResource(fabric_events_interaction_v0)]
[08set.2026 23:14:43.468] [main/DEBUG] [mixin/]: Processing inject() for PlatformAgent[MixinPlatformAgentDefault:SecureJarResource(fabric_key_binding_api_v1)]
[08set.2026 23:14:43.468] [main/DEBUG] [mixin/]: Processing inject() for PlatformAgent[MixinPlatformAgentDefault:SecureJarResource(fabric_client_tags_api_v1)]
[08set.2026 23:14:43.468] [main/DEBUG] [mixin/]: Processing inject() for PlatformAgent[MixinPlatformAgentDefault:SecureJarResource(mixinextras.neoforge)]
[08set.2026 23:14:43.468] [main/INFO] [net.fabricmc.loader.impl.bootstrap.FabricLoaderBootstrap/]: Propagating FML mod list to Fabric Loader
[08set.2026 23:14:43.509] [main/INFO] [cpw.mods.modlauncher.LaunchServiceHandler/MODLAUNCHER]: Launching target 'forgeclientdev' with arguments [--version, 21.1.235, --gameDir, ., --assetsDir, C:\Users\Vinicius\.gradle\caches\neoformruntime\assets, --assetIndex, 17]
[08set.2026 23:14:43.587] [main/DEBUG] [mixin/]: Preparing mixins for MixinEnvironment[DEFAULT]
[08set.2026 23:14:43.588] [main/DEBUG] [mixin/]: Selecting config fabric-transfer-api-v1.mixins.json
[08set.2026 23:14:43.595] [main/DEBUG] [mixin/]: Selecting config fabric-renderer-api-v1.mixins.json
[08set.2026 23:14:43.602] [main/DEBUG] [mixin/]: Selecting config fabric-renderer-api-v1.debughud.mixins.json
[08set.2026 23:14:43.603] [main/DEBUG] [mixin/]: Selecting config geckolib.mixins.json
[08set.2026 23:14:43.603] [main/WARN] [mixin/]: Reference map 'geckolib.refmap.json' for geckolib.mixins.json could not be read. If this is a development environment you can ignore this message
[08set.2026 23:14:43.603] [main/DEBUG] [mixin/]: Selecting config fabric-item-api-v1.mixins.json
[08set.2026 23:14:43.604] [main/DEBUG] [mixin/]: Selecting config fabric-item-api-v1.client.mixins.json
[08set.2026 23:14:43.604] [main/DEBUG] [mixin/]: Selecting config fabric-model-loading-api-v1.mixins.json
[08set.2026 23:14:43.605] [main/DEBUG] [mixin/]: Selecting config fabric-rendering-fluids-v1.mixins.json
[08set.2026 23:14:43.605] [main/DEBUG] [mixin/]: Selecting config fabric-screen-handler-api-v1.mixins.json
[08set.2026 23:14:43.606] [main/DEBUG] [mixin/]: Selecting config fabric-resource-loader-v0.mixins.json
[08set.2026 23:14:43.606] [main/DEBUG] [mixin/]: Selecting config fabric-resource-loader-v0.client.mixins.json
[08set.2026 23:14:43.607] [main/DEBUG] [mixin/]: Selecting config fabric-rendering-v1.mixins.json
[08set.2026 23:14:43.607] [main/DEBUG] [mixin/]: Selecting config fabric-renderer-indigo.mixins.json
[08set.2026 23:14:43.616] [main/DEBUG] [mixin/]: Selecting config neoforge.mixins.json
[08set.2026 23:14:43.617] [main/DEBUG] [mixin/]: Selecting config fabric-block-view-api-v2.mixins.json
[08set.2026 23:14:43.618] [main/DEBUG] [mixin/]: Selecting config fabric-block-view-api-v2.client.mixins.json
[08set.2026 23:14:43.618] [main/DEBUG] [mixin/]: Selecting config fabric-convention-tags-api-v2.mixins.json
[08set.2026 23:14:43.619] [main/DEBUG] [mixin/]: Selecting config fabric-command-api-v2.mixins.json
[08set.2026 23:14:43.620] [main/DEBUG] [mixin/]: Selecting config fabric-command-api-v2.client.mixins.json
[08set.2026 23:14:43.620] [main/DEBUG] [mixin/]: Selecting config fabric-data-attachment-api-v1.mixins.json
[08set.2026 23:14:43.620] [main/DEBUG] [mixin/]: Selecting config fabric-screen-api-v1.mixins.json
[08set.2026 23:14:43.621] [main/DEBUG] [mixin/]: Selecting config fabric-particles-v1.client.mixins.json
[08set.2026 23:14:43.621] [main/DEBUG] [mixin/]: Selecting config fabric-content-registries-v0.mixins.json
[08set.2026 23:14:43.621] [main/DEBUG] [mixin/]: Selecting config fabric-game-rule-api-v1.mixins.json
[08set.2026 23:14:43.622] [main/DEBUG] [mixin/]: Selecting config fabric-game-rule-api-v1.client.mixins.json
[08set.2026 23:14:43.622] [main/DEBUG] [mixin/]: Selecting config fabric-api-lookup-api-v1.mixins.json
[08set.2026 23:14:43.622] [main/DEBUG] [mixin/]: Selecting config fabric-blockrenderlayer-v1.mixins.json
[08set.2026 23:14:43.623] [main/DEBUG] [mixin/]: Selecting config fabric-block-api-v1.mixins.json
[08set.2026 23:14:43.623] [main/DEBUG] [mixin/]: Selecting config fabric-resource-conditions-api-v1.mixins.json
[08set.2026 23:14:43.623] [main/DEBUG] [mixin/]: Selecting config fabric-item-group-api-v1.mixins.json
[08set.2026 23:14:43.624] [main/DEBUG] [mixin/]: Selecting config fabric-item-group-api-v1.client.mixins.json
[08set.2026 23:14:43.624] [main/DEBUG] [mixin/]: Selecting config fabric-gametest-api-v1.mixins.json
[08set.2026 23:14:43.624] [main/DEBUG] [mixin/]: Selecting config fabric-biome-api-v1.mixins.json
[08set.2026 23:14:43.625] [main/DEBUG] [mixin/]: Selecting config fabric-entity-events-v1.mixins.json
[08set.2026 23:14:43.625] [main/DEBUG] [mixin/]: Selecting config fabric-registry-sync-v0.mixins.json
[08set.2026 23:14:43.626] [main/DEBUG] [mixin/]: Selecting config fabric-recipe-api-v1.mixins.json
[08set.2026 23:14:43.626] [main/DEBUG] [mixin/]: Selecting config fabric-loot-api-v2.mixins.json
[08set.2026 23:14:43.626] [main/DEBUG] [mixin/]: Selecting config fabric-object-builder-v1.mixins.json
[08set.2026 23:14:43.627] [main/DEBUG] [mixin/]: Selecting config fabric-loot-api-v3.mixins.json
[08set.2026 23:14:43.627] [main/DEBUG] [mixin/]: Selecting config fabric-rendering-data-attachment-v1.mixins.json
[08set.2026 23:14:43.628] [main/DEBUG] [mixin/]: Selecting config fabric-rendering-data-attachment-v1.client.mixins.json
[08set.2026 23:14:43.628] [main/DEBUG] [mixin/]: Selecting config fabric-networking-api-v1.mixins.json
[08set.2026 23:14:43.629] [main/DEBUG] [mixin/]: Selecting config fabric-networking-api-v1.client.mixins.json
[08set.2026 23:14:43.629] [main/DEBUG] [mixin/]: Selecting config fabric-sound-api-v1.mixins.json
[08set.2026 23:14:43.630] [main/DEBUG] [mixin/]: Selecting config lodestone.mixins.json
[08set.2026 23:14:43.630] [main/WARN] [mixin/]: Reference map 'lodestone.refmap.json' for lodestone.mixins.json could not be read. If this is a development environment you can ignore this message
[08set.2026 23:14:43.630] [main/DEBUG] [mixin/]: Selecting config fabric-message-api-v1.mixins.json
[08set.2026 23:14:43.631] [main/DEBUG] [mixin/]: Selecting config fabric-message-api-v1.client.mixins.json
[08set.2026 23:14:43.631] [main/DEBUG] [mixin/]: Selecting config elementals.mixins.json
[08set.2026 23:14:43.632] [main/WARN] [mixin/]: Reference map 'elementals.refmap.json' for elementals.mixins.json could not be read. If this is a development environment you can ignore this message
[08set.2026 23:14:43.632] [main/DEBUG] [mixin/]: Selecting config elementals.neoforge.mixins.json
[08set.2026 23:14:43.633] [main/DEBUG] [mixin/]: Selecting config fabric-lifecycle-events-v1.mixins.json
[08set.2026 23:14:43.634] [main/DEBUG] [mixin/]: Selecting config fabric-lifecycle-events-v1.client.mixins.json
[08set.2026 23:14:43.635] [main/DEBUG] [mixin/]: Selecting config fabric-data-generation-api-v1.mixins.json
[08set.2026 23:14:43.635] [main/DEBUG] [mixin/]: Selecting config fabric-events-interaction-v0.mixins.json
[08set.2026 23:14:43.636] [main/DEBUG] [mixin/]: Selecting config fabric-events-interaction-v0.client.mixins.json
[08set.2026 23:14:43.637] [main/DEBUG] [mixin/]: Selecting config fabric-key-binding-api-v1.mixins.json
[08set.2026 23:14:43.637] [main/DEBUG] [mixin/]: Selecting config mixinextras.init.mixins.json
[08set.2026 23:14:43.732] [main/DEBUG] [MixinExtras|Service/]: com.llamalad7.mixinextras.service.MixinExtrasServiceImpl(version=0.5.3) is taking over from null
[08set.2026 23:14:43.787] [main/DEBUG] [mixin/]: Registering new injector for @Inject with org.spongepowered.asm.mixin.injection.struct.CallbackInjectionInfo
[08set.2026 23:14:43.789] [main/DEBUG] [mixin/]: Registering new injector for @ModifyArg with org.spongepowered.asm.mixin.injection.struct.ModifyArgInjectionInfo
[08set.2026 23:14:43.790] [main/DEBUG] [mixin/]: Registering new injector for @ModifyArgs with org.spongepowered.asm.mixin.injection.struct.ModifyArgsInjectionInfo
[08set.2026 23:14:43.791] [main/DEBUG] [mixin/]: Registering new injector for @Redirect with org.spongepowered.asm.mixin.injection.struct.RedirectInjectionInfo
[08set.2026 23:14:43.794] [main/DEBUG] [mixin/]: Registering new injector for @ModifyVariable with org.spongepowered.asm.mixin.injection.struct.ModifyVariableInjectionInfo
[08set.2026 23:14:43.795] [main/DEBUG] [mixin/]: Registering new injector for @ModifyConstant with org.spongepowered.asm.mixin.injection.struct.ModifyConstantInjectionInfo
[08set.2026 23:14:43.809] [main/DEBUG] [mixin/]: Preparing fabric-transfer-api-v1.mixins.json (10)
[08set.2026 23:14:43.922] [main/DEBUG] [mixin/]: Preparing fabric-renderer-api-v1.mixins.json (4)
[08set.2026 23:14:43.936] [main/DEBUG] [mixin/]: Preparing fabric-renderer-api-v1.debughud.mixins.json (1)
[08set.2026 23:14:43.948] [main/DEBUG] [mixin/]: Preparing geckolib.mixins.json (7)
[08set.2026 23:14:44.017] [main/DEBUG] [mixin/]: Preparing fabric-item-api-v1.mixins.json (13)
[08set.2026 23:14:44.048] [main/DEBUG] [mixin/]: Preparing fabric-item-api-v1.client.mixins.json (1)
[08set.2026 23:14:44.048] [main/DEBUG] [mixin/]: Preparing fabric-model-loading-api-v1.mixins.json (5)
[08set.2026 23:14:44.057] [main/DEBUG] [mixin/]: Preparing fabric-rendering-fluids-v1.mixins.json (3)
[08set.2026 23:14:44.061] [main/DEBUG] [mixin/]: Preparing fabric-screen-handler-api-v1.mixins.json (2)
[08set.2026 23:14:44.069] [main/DEBUG] [mixin/]: Preparing fabric-resource-loader-v0.mixins.json (13)
[08set.2026 23:14:44.107] [main/DEBUG] [mixin/]: Preparing fabric-resource-loader-v0.client.mixins.json (8)
[08set.2026 23:14:44.136] [main/DEBUG] [mixin/]: Preparing fabric-rendering-v1.mixins.json (15)
[08set.2026 23:14:44.158] [main/DEBUG] [mixin/]: Preparing fabric-renderer-indigo.mixins.json (5)
[08set.2026 23:14:44.166] [main/DEBUG] [mixin/]: Preparing neoforge.mixins.json (2)
[08set.2026 23:14:44.172] [main/DEBUG] [mixin/]: Preparing fabric-block-view-api-v2.mixins.json (3)
[08set.2026 23:14:44.176] [main/DEBUG] [mixin/]: Preparing fabric-block-view-api-v2.client.mixins.json (2)
[08set.2026 23:14:44.179] [main/DEBUG] [mixin/]: Preparing fabric-convention-tags-api-v2.mixins.json (1)
[08set.2026 23:14:44.180] [main/DEBUG] [mixin/]: Preparing fabric-command-api-v2.mixins.json (1)
[08set.2026 23:14:44.184] [main/DEBUG] [mixin/]: Preparing fabric-command-api-v2.client.mixins.json (1)
[08set.2026 23:14:44.186] [main/DEBUG] [mixin/]: Preparing fabric-data-attachment-api-v1.mixins.json (4)
[08set.2026 23:14:44.188] [main/DEBUG] [mixin/]: Preparing fabric-screen-api-v1.mixins.json (3)
[08set.2026 23:14:44.205] [main/DEBUG] [mixin/]: Preparing fabric-particles-v1.client.mixins.json (3)
[08set.2026 23:14:44.215] [main/DEBUG] [mixin/]: Preparing fabric-content-registries-v0.mixins.json (13)
[08set.2026 23:14:44.299] [main/DEBUG] [mixin/]: Preparing fabric-game-rule-api-v1.mixins.json (5)
[08set.2026 23:14:44.305] [main/DEBUG] [mixin/]: Preparing fabric-game-rule-api-v1.client.mixins.json (3)
[08set.2026 23:14:44.308] [main/DEBUG] [mixin/]: Preparing fabric-api-lookup-api-v1.mixins.json (1)
[08set.2026 23:14:44.316] [main/DEBUG] [mixin/]: Preparing fabric-blockrenderlayer-v1.mixins.json (2)
[08set.2026 23:14:44.319] [main/DEBUG] [mixin/]: Preparing fabric-block-api-v1.mixins.json (3)
[08set.2026 23:14:44.321] [main/DEBUG] [mixin/]: Preparing fabric-resource-conditions-api-v1.mixins.json (10)
[08set.2026 23:14:44.334] [main/DEBUG] [mixin/]: Preparing fabric-item-group-api-v1.mixins.json (1)
[08set.2026 23:14:44.336] [main/DEBUG] [mixin/]: Preparing fabric-item-group-api-v1.client.mixins.json (1)
[08set.2026 23:14:44.341] [main/DEBUG] [mixin/]: Preparing fabric-gametest-api-v1.mixins.json (5)
[08set.2026 23:14:44.348] [main/DEBUG] [mixin/]: Preparing fabric-biome-api-v1.mixins.json (6)
[08set.2026 23:14:44.352] [main/DEBUG] [mixin/]: Preparing fabric-entity-events-v1.mixins.json (9)
[08set.2026 23:14:44.385] [main/DEBUG] [mixin/]: Preparing fabric-registry-sync-v0.mixins.json (5)
[08set.2026 23:14:44.388] [main/DEBUG] [mixin/]: Preparing fabric-recipe-api-v1.mixins.json (2)
[08set.2026 23:14:44.390] [main/DEBUG] [mixin/]: Preparing fabric-loot-api-v2.mixins.json (2)
[08set.2026 23:14:44.391] [main/DEBUG] [mixin/]: Preparing fabric-object-builder-v1.mixins.json (11)
[08set.2026 23:14:44.405] [main/DEBUG] [mixin/]: Preparing fabric-loot-api-v3.mixins.json (6)
[08set.2026 23:14:44.408] [main/DEBUG] [mixin/]: Preparing fabric-rendering-data-attachment-v1.mixins.json (2)
[08set.2026 23:14:44.408] [main/DEBUG] [mixin/]: Preparing fabric-rendering-data-attachment-v1.client.mixins.json (1)
[08set.2026 23:14:44.408] [main/DEBUG] [mixin/]: Preparing fabric-networking-api-v1.mixins.json (15)
[08set.2026 23:14:44.430] [main/DEBUG] [mixin/]: Preparing fabric-networking-api-v1.client.mixins.json (8)
[08set.2026 23:14:44.443] [main/DEBUG] [mixin/]: Preparing fabric-sound-api-v1.mixins.json (1)
[08set.2026 23:14:44.444] [main/DEBUG] [mixin/]: Preparing lodestone.mixins.json (15)
[08set.2026 23:14:44.469] [main/DEBUG] [mixin/]: Preparing fabric-message-api-v1.mixins.json (2)
[08set.2026 23:14:44.470] [main/DEBUG] [mixin/]: Preparing fabric-message-api-v1.client.mixins.json (2)
[08set.2026 23:14:44.471] [main/DEBUG] [mixin/]: Preparing elementals.mixins.json (22)
[08set.2026 23:14:44.491] [main/DEBUG] [mixin/]: Preparing elementals.neoforge.mixins.json (0)
[08set.2026 23:14:44.491] [main/DEBUG] [mixin/]: Preparing fabric-lifecycle-events-v1.mixins.json (7)
[08set.2026 23:14:44.498] [main/DEBUG] [mixin/]: Preparing fabric-lifecycle-events-v1.client.mixins.json (5)
[08set.2026 23:14:44.502] [main/DEBUG] [mixin/]: Preparing fabric-data-generation-api-v1.mixins.json (10)
[08set.2026 23:14:44.511] [main/DEBUG] [mixin/]: Preparing fabric-events-interaction-v0.mixins.json (2)
[08set.2026 23:14:44.513] [main/DEBUG] [mixin/]: Preparing fabric-events-interaction-v0.client.mixins.json (3)
[08set.2026 23:14:44.515] [main/DEBUG] [mixin/]: Preparing fabric-key-binding-api-v1.mixins.json (1)
[08set.2026 23:14:44.516] [main/DEBUG] [mixin/]: Preparing mixinextras.init.mixins.json (0)
[08set.2026 23:14:44.597] [main/DEBUG] [mixin/]: Inner class team/lodestar/lodestone/mixin/client/ShaderInstanceMixin$1 in team/lodestar/lodestone/mixin/client/ShaderInstanceMixin on net/minecraft/client/renderer/ShaderInstance gets unique name net/minecraft/client/renderer/ShaderInstance$Anonymous$60d73ba64e66406abc0e1f9530f70444
[08set.2026 23:14:44.611] [main/DEBUG] [mixin/]: Prepared 287 mixins in 1,020 sec (3,6ms avg) (0ms load, 0ms transform, 0ms plugin)
[08set.2026 23:14:44.622] [main/INFO] [MixinExtras|Service/]: Initializing MixinExtras via com.llamalad7.mixinextras.service.MixinExtrasServiceImpl(version=0.5.3).
[08set.2026 23:14:44.626] [main/DEBUG] [mixin/]: Registering new injector for @SugarWrapper with com.llamalad7.mixinextras.sugar.impl.SugarWrapperInjectionInfo
[08set.2026 23:14:44.626] [main/DEBUG] [mixin/]: Registering new injector for @FactoryRedirectWrapper with com.llamalad7.mixinextras.wrapper.factory.FactoryRedirectWrapperInjectionInfo
[08set.2026 23:14:44.627] [main/DEBUG] [mixin/]: Registering new injector for @ExpressionInjectorWrapper with com.llamalad7.mixinextras.expression.impl.wrapper.ExpressionInjectorWrapperInjectionInfo
[08set.2026 23:14:44.657] [main/DEBUG] [mixin/]: Mixing client.GuiGraphicsMixin from lodestone.mixins.json into net.minecraft.client.gui.GuiGraphics
[08set.2026 23:14:44.660] [main/DEBUG] [mixin/]: lodestone.mixins.json:client.GuiGraphicsMixin from mod lodestone: Class version 65 required is higher than the class version supported by the current version of Mixin (JAVA_17 supports class version 61)
[08set.2026 23:14:44.748] [main/DEBUG] [mixin/]: lodestone.mixins.json:client.GuiGraphicsMixin from mod lodestone->@Inject::lodestone$renderGuiItem(Lnet/minecraft/world/entity/LivingEntity;Lnet/minecraft/world/level/Level;Lnet/minecraft/world/item/ItemStack;IIIILorg/spongepowered/asm/mixin/injection/callback/CallbackInfo;)V doesn't use it's CallbackInfo
[08set.2026 23:14:44.748] [main/DEBUG] [mixin/]: lodestone.mixins.json:client.GuiGraphicsMixin from mod lodestone->@Inject::lodestone$renderGuiItem(Lnet/minecraft/world/entity/LivingEntity;Lnet/minecraft/world/level/Level;Lnet/minecraft/world/item/ItemStack;IIIILorg/spongepowered/asm/mixin/injection/callback/CallbackInfo;)V has 0 override(s) in child classes
[08set.2026 23:14:44.748] [main/DEBUG] [mixin/]: lodestone.mixins.json:client.GuiGraphicsMixin from mod lodestone->@Inject::lodestone$renderGuiItem(Lnet/minecraft/world/entity/LivingEntity;Lnet/minecraft/world/level/Level;Lnet/minecraft/world/item/ItemStack;IIIILorg/spongepowered/asm/mixin/injection/callback/CallbackInfo;)V won't be passed a CallbackInfo as a result
[08set.2026 23:14:44.748] [main/DEBUG] [mixin/]: lodestone.mixins.json:client.GuiGraphicsMixin from mod lodestone->@Inject::lodestone$renderGuiItemLate(Lnet/minecraft/world/entity/LivingEntity;Lnet/minecraft/world/level/Level;Lnet/minecraft/world/item/ItemStack;IIIILorg/spongepowered/asm/mixin/injection/callback/CallbackInfo;)V doesn't use it's CallbackInfo
[08set.2026 23:14:44.748] [main/DEBUG] [mixin/]: lodestone.mixins.json:client.GuiGraphicsMixin from mod lodestone->@Inject::lodestone$renderGuiItemLate(Lnet/minecraft/world/entity/LivingEntity;Lnet/minecraft/world/level/Level;Lnet/minecraft/world/item/ItemStack;IIIILorg/spongepowered/asm/mixin/injection/callback/CallbackInfo;)V has 0 override(s) in child classes
[08set.2026 23:14:44.748] [main/DEBUG] [mixin/]: lodestone.mixins.json:client.GuiGraphicsMixin from mod lodestone->@Inject::lodestone$renderGuiItemLate(Lnet/minecraft/world/entity/LivingEntity;Lnet/minecraft/world/level/Level;Lnet/minecraft/world/item/ItemStack;IIIILorg/spongepowered/asm/mixin/injection/callback/CallbackInfo;)V won't be passed a CallbackInfo as a result
[08set.2026 23:14:44.784] [main/DEBUG] [mixin/]: Mixing MinecraftClientMixin from fabric-screen-api-v1.mixins.json into net.minecraft.client.Minecraft
[08set.2026 23:14:44.787] [main/DEBUG] [mixin/]: fabric-screen-api-v1.mixins.json:MinecraftClientMixin from mod fabric_screen_api_v1: Class version 65 required is higher than the class version supported by the current version of Mixin (JAVA_17 supports class version 61)
[08set.2026 23:14:44.787] [main/DEBUG] [mixin/]: Renaming @Unique field LOGGERLorg/slf4j/Logger; to fd61b50d$fabric_screen_api_v1$LOGGER$0 in fabric-screen-api-v1.mixins.json:MinecraftClientMixin from mod fabric_screen_api_v1
[08set.2026 23:14:44.805] [main/DEBUG] [mixin/]: Mixing accessor.MinecraftClientAccessor from fabric-networking-api-v1.client.mixins.json into net.minecraft.client.Minecraft
[08set.2026 23:14:44.805] [main/DEBUG] [mixin/]: fabric-networking-api-v1.client.mixins.json:accessor.MinecraftClientAccessor from mod fabric_networking_api_v1: Class version 65 required is higher than the class version supported by the current version of Mixin (JAVA_17 supports class version 61)
[08set.2026 23:14:44.814] [main/DEBUG] [mixin/]: Mixing client.MinecraftClientMixin from elementals.mixins.json into net.minecraft.client.Minecraft
[08set.2026 23:14:44.814] [main/DEBUG] [mixin/]: elementals.mixins.json:client.MinecraftClientMixin from mod elementals: Class version 65 required is higher than the class version supported by the current version of Mixin (JAVA_18 supports class version 62)
[08set.2026 23:14:44.832] [main/DEBUG] [mixin/]: Mixing MinecraftClientMixin from fabric-lifecycle-events-v1.client.mixins.json into net.minecraft.client.Minecraft
[08set.2026 23:14:44.832] [main/DEBUG] [mixin/]: fabric-lifecycle-events-v1.client.mixins.json:MinecraftClientMixin from mod fabric_lifecycle_events_v1: Class version 65 required is higher than the class version supported by the current version of Mixin (JAVA_17 supports class version 61)
[08set.2026 23:14:44.862] [main/DEBUG] [mixin/]: Mixing MinecraftClientMixin from fabric-events-interaction-v0.client.mixins.json into net.minecraft.client.Minecraft
[08set.2026 23:14:44.863] [main/DEBUG] [mixin/]: fabric-events-interaction-v0.client.mixins.json:MinecraftClientMixin from mod fabric_events_interaction_v0: Class version 65 required is higher than the class version supported by the current version of Mixin (JAVA_17 supports class version 61)
[08set.2026 23:14:44.969] [main/DEBUG] [mixin/]: fabric-screen-api-v1.mixins.json:MinecraftClientMixin from mod fabric_screen_api_v1->@Inject::checkThreadOnDev(Lnet/minecraft/client/gui/screens/Screen;Lorg/spongepowered/asm/mixin/injection/callback/CallbackInfo;)V doesn't use it's CallbackInfo
[08set.2026 23:14:44.969] [main/DEBUG] [mixin/]: fabric-screen-api-v1.mixins.json:MinecraftClientMixin from mod fabric_screen_api_v1->@Inject::checkThreadOnDev(Lnet/minecraft/client/gui/screens/Screen;Lorg/spongepowered/asm/mixin/injection/callback/CallbackInfo;)V has 0 override(s) in child classes
[08set.2026 23:14:44.969] [main/DEBUG] [mixin/]: fabric-screen-api-v1.mixins.json:MinecraftClientMixin from mod fabric_screen_api_v1->@Inject::checkThreadOnDev(Lnet/minecraft/client/gui/screens/Screen;Lorg/spongepowered/asm/mixin/injection/callback/CallbackInfo;)V won't be passed a CallbackInfo as a result
[08set.2026 23:14:44.969] [main/DEBUG] [mixin/]: fabric-screen-api-v1.mixins.json:MinecraftClientMixin from mod fabric_screen_api_v1->@Inject::onScreenRemove(Lnet/minecraft/client/gui/screens/Screen;Lorg/spongepowered/asm/mixin/injection/callback/CallbackInfo;)V doesn't use it's CallbackInfo
[08set.2026 23:14:44.969] [main/DEBUG] [mixin/]: fabric-screen-api-v1.mixins.json:MinecraftClientMixin from mod fabric_screen_api_v1->@Inject::onScreenRemove(Lnet/minecraft/client/gui/screens/Screen;Lorg/spongepowered/asm/mixin/injection/callback/CallbackInfo;)V has 0 override(s) in child classes
[08set.2026 23:14:44.970] [main/DEBUG] [mixin/]: fabric-screen-api-v1.mixins.json:MinecraftClientMixin from mod fabric_screen_api_v1->@Inject::onScreenRemove(Lnet/minecraft/client/gui/screens/Screen;Lorg/spongepowered/asm/mixin/injection/callback/CallbackInfo;)V won't be passed a CallbackInfo as a result
[08set.2026 23:14:44.970] [main/DEBUG] [mixin/]: fabric-screen-api-v1.mixins.json:MinecraftClientMixin from mod fabric_screen_api_v1->@Inject::onScreenRemoveBecauseStopping(Lorg/spongepowered/asm/mixin/injection/callback/CallbackInfo;)V doesn't use it's CallbackInfo
[08set.2026 23:14:44.970] [main/DEBUG] [mixin/]: fabric-screen-api-v1.mixins.json:MinecraftClientMixin from mod fabric_screen_api_v1->@Inject::onScreenRemoveBecauseStopping(Lorg/spongepowered/asm/mixin/injection/callback/CallbackInfo;)V has 0 override(s) in child classes
[08set.2026 23:14:44.970] [main/DEBUG] [mixin/]: fabric-screen-api-v1.mixins.json:MinecraftClientMixin from mod fabric_screen_api_v1->@Inject::onScreenRemoveBecauseStopping(Lorg/spongepowered/asm/mixin/injection/callback/CallbackInfo;)V won't be passed a CallbackInfo as a result
[08set.2026 23:14:44.970] [main/DEBUG] [mixin/]: fabric-screen-api-v1.mixins.json:MinecraftClientMixin from mod fabric_screen_api_v1->@Inject::beforeScreenTick(Lorg/spongepowered/asm/mixin/injection/callback/CallbackInfo;)V doesn't use it's CallbackInfo
[08set.2026 23:14:44.970] [main/DEBUG] [mixin/]: fabric-screen-api-v1.mixins.json:MinecraftClientMixin from mod fabric_screen_api_v1->@Inject::beforeScreenTick(Lorg/spongepowered/asm/mixin/injection/callback/CallbackInfo;)V has 0 override(s) in child classes
[08set.2026 23:14:44.970] [main/DEBUG] [mixin/]: fabric-screen-api-v1.mixins.json:MinecraftClientMixin from mod fabric_screen_api_v1->@Inject::beforeScreenTick(Lorg/spongepowered/asm/mixin/injection/callback/CallbackInfo;)V won't be passed a CallbackInfo as a result
[08set.2026 23:14:44.970] [main/DEBUG] [mixin/]: fabric-screen-api-v1.mixins.json:MinecraftClientMixin from mod fabric_screen_api_v1->@Inject::afterScreenTick(Lorg/spongepowered/asm/mixin/injection/callback/CallbackInfo;)V doesn't use it's CallbackInfo
[08set.2026 23:14:44.970] [main/DEBUG] [mixin/]: fabric-screen-api-v1.mixins.json:MinecraftClientMixin from mod fabric_screen_api_v1->@Inject::afterScreenTick(Lorg/spongepowered/asm/mixin/injection/callback/CallbackInfo;)V has 0 override(s) in child classes
[08set.2026 23:14:44.970] [main/DEBUG] [mixin/]: fabric-screen-api-v1.mixins.json:MinecraftClientMixin from mod fabric_screen_api_v1->@Inject::afterScreenTick(Lorg/spongepowered/asm/mixin/injection/callback/CallbackInfo;)V won't be passed a CallbackInfo as a result
[08set.2026 23:14:44.970] [main/DEBUG] [mixin/]: fabric-screen-api-v1.mixins.json:MinecraftClientMixin from mod fabric_screen_api_v1->@Inject::beforeLoadingScreenTick(Lorg/spongepowered/asm/mixin/injection/callback/CallbackInfo;)V doesn't use it's CallbackInfo
[08set.2026 23:14:44.970] [main/DEBUG] [mixin/]: fabric-screen-api-v1.mixins.json:MinecraftClientMixin from mod fabric_screen_api_v1->@Inject::beforeLoadingScreenTick(Lorg/spongepowered/asm/mixin/injection/callback/CallbackInfo;)V has 0 override(s) in child classes
[08set.2026 23:14:44.970] [main/DEBUG] [mixin/]: fabric-screen-api-v1.mixins.json:MinecraftClientMixin from mod fabric_screen_api_v1->@Inject::beforeLoadingScreenTick(Lorg/spongepowered/asm/mixin/injection/callback/CallbackInfo;)V won't be passed a CallbackInfo as a result
[08set.2026 23:14:44.970] [main/DEBUG] [mixin/]: fabric-screen-api-v1.mixins.json:MinecraftClientMixin from mod fabric_screen_api_v1->@Inject::afterLoadingScreenTick(Lorg/spongepowered/asm/mixin/injection/callback/CallbackInfo;)V doesn't use it's CallbackInfo
[08set.2026 23:14:44.970] [main/DEBUG] [mixin/]: fabric-screen-api-v1.mixins.json:MinecraftClientMixin from mod fabric_screen_api_v1->@Inject::afterLoadingScreenTick(Lorg/spongepowered/asm/mixin/injection/callback/CallbackInfo;)V has 0 override(s) in child classes
[08set.2026 23:14:44.970] [main/DEBUG] [mixin/]: fabric-screen-api-v1.mixins.json:MinecraftClientMixin from mod fabric_screen_api_v1->@Inject::afterLoadingScreenTick(Lorg/spongepowered/asm/mixin/injection/callback/CallbackInfo;)V won't be passed a CallbackInfo as a result
[08set.2026 23:14:44.973] [main/DEBUG] [mixin/]: elementals.mixins.json:client.MinecraftClientMixin from mod elementals->@Inject::closeMenuIfFakeSpectatorMode(Lnet/minecraft/world/entity/Entity;Lorg/spongepowered/asm/mixin/injection/callback/CallbackInfoReturnable;)V does use it's CallbackInfoReturnable
[08set.2026 23:14:44.973] [main/DEBUG] [mixin/]: fabric-lifecycle-events-v1.client.mixins.json:MinecraftClientMixin from mod fabric_lifecycle_events_v1->@Inject::onStopping(Lorg/spongepowered/asm/mixin/injection/callback/CallbackInfo;)V doesn't use it's CallbackInfo
[08set.2026 23:14:44.973] [main/DEBUG] [mixin/]: fabric-lifecycle-events-v1.client.mixins.json:MinecraftClientMixin from mod fabric_lifecycle_events_v1->@Inject::onStopping(Lorg/spongepowered/asm/mixin/injection/callback/CallbackInfo;)V has 0 override(s) in child classes
[08set.2026 23:14:44.973] [main/DEBUG] [mixin/]: fabric-lifecycle-events-v1.client.mixins.json:MinecraftClientMixin from mod fabric_lifecycle_events_v1->@Inject::onStopping(Lorg/spongepowered/asm/mixin/injection/callback/CallbackInfo;)V won't be passed a CallbackInfo as a result
[08set.2026 23:14:44.974] [main/DEBUG] [mixin/]: fabric-lifecycle-events-v1.client.mixins.json:MinecraftClientMixin from mod fabric_lifecycle_events_v1->@Inject::onStart(Lorg/spongepowered/asm/mixin/injection/callback/CallbackInfo;)V doesn't use it's CallbackInfo
[08set.2026 23:14:44.974] [main/DEBUG] [mixin/]: fabric-lifecycle-events-v1.client.mixins.json:MinecraftClientMixin from mod fabric_lifecycle_events_v1->@Inject::onStart(Lorg/spongepowered/asm/mixin/injection/callback/CallbackInfo;)V has 0 override(s) in child classes
[08set.2026 23:14:44.974] [main/DEBUG] [mixin/]: fabric-lifecycle-events-v1.client.mixins.json:MinecraftClientMixin from mod fabric_lifecycle_events_v1->@Inject::onStart(Lorg/spongepowered/asm/mixin/injection/callback/CallbackInfo;)V won't be passed a CallbackInfo as a result
[08set.2026 23:14:44.974] [main/DEBUG] [mixin/]: fabric-lifecycle-events-v1.client.mixins.json:MinecraftClientMixin from mod fabric_lifecycle_events_v1->@Inject::afterClientWorldChange(Lnet/minecraft/client/multiplayer/ClientLevel;Lorg/spongepowered/asm/mixin/injection/callback/CallbackInfo;)V doesn't use it's CallbackInfo
[08set.2026 23:14:44.974] [main/DEBUG] [mixin/]: fabric-lifecycle-events-v1.client.mixins.json:MinecraftClientMixin from mod fabric_lifecycle_events_v1->@Inject::afterClientWorldChange(Lnet/minecraft/client/multiplayer/ClientLevel;Lorg/spongepowered/asm/mixin/injection/callback/CallbackInfo;)V has 0 override(s) in child classes
[08set.2026 23:14:44.974] [main/DEBUG] [mixin/]: fabric-lifecycle-events-v1.client.mixins.json:MinecraftClientMixin from mod fabric_lifecycle_events_v1->@Inject::afterClientWorldChange(Lnet/minecraft/client/multiplayer/ClientLevel;Lorg/spongepowered/asm/mixin/injection/callback/CallbackInfo;)V won't be passed a CallbackInfo as a result
[08set.2026 23:14:44.974] [main/DEBUG] [mixin/]: fabric-events-interaction-v0.client.mixins.json:MinecraftClientMixin from mod fabric_events_interaction_v0->@Inject::fabric_doItemPickWrapper(Lorg/spongepowered/asm/mixin/injection/callback/CallbackInfo;)V does use it's CallbackInfo
[08set.2026 23:14:44.976] [main/DEBUG] [mixin/]: fabric-events-interaction-v0.client.mixins.json:MinecraftClientMixin from mod fabric_events_interaction_v0->@Inject::cancelItemPick(Lorg/spongepowered/asm/mixin/injection/callback/CallbackInfo;)V does use it's CallbackInfo
[08set.2026 23:14:44.976] [main/DEBUG] [mixin/]: fabric-events-interaction-v0.client.mixins.json:MinecraftClientMixin from mod fabric_events_interaction_v0->@Inject::injectHandleInputEventsForPreAttackCallback(Lorg/spongepowered/asm/mixin/injection/callback/CallbackInfo;)V doesn't use it's CallbackInfo
[08set.2026 23:14:44.976] [main/DEBUG] [mixin/]: fabric-events-interaction-v0.client.mixins.json:MinecraftClientMixin from mod fabric_events_interaction_v0->@Inject::injectHandleInputEventsForPreAttackCallback(Lorg/spongepowered/asm/mixin/injection/callback/CallbackInfo;)V has 0 override(s) in child classes
[08set.2026 23:14:44.976] [main/DEBUG] [mixin/]: fabric-events-interaction-v0.client.mixins.json:MinecraftClientMixin from mod fabric_events_interaction_v0->@Inject::injectHandleInputEventsForPreAttackCallback(Lorg/spongepowered/asm/mixin/injection/callback/CallbackInfo;)V won't be passed a CallbackInfo as a result
[08set.2026 23:14:44.976] [main/DEBUG] [mixin/]: fabric-events-interaction-v0.client.mixins.json:MinecraftClientMixin from mod fabric_events_interaction_v0->@Inject::injectDoAttackForCancelling(Lorg/spongepowered/asm/mixin/injection/callback/CallbackInfoReturnable;)V does use it's CallbackInfoReturnable
[08set.2026 23:14:44.976] [main/DEBUG] [mixin/]: fabric-events-interaction-v0.client.mixins.json:MinecraftClientMixin from mod fabric_events_interaction_v0->@Inject::injectHandleBlockBreakingForCancelling(ZLorg/spongepowered/asm/mixin/injection/callback/CallbackInfo;)V does use it's CallbackInfo
[08set.2026 23:14:45.268] [main/DEBUG] [io.netty.util.internal.logging.InternalLoggerFactory/]: Using SLF4J as the default logging framework
[08set.2026 23:14:45.272] [main/DEBUG] [io.netty.util.ResourceLeakDetector/]: -Dio.netty.leakDetection.level: simple
[08set.2026 23:14:45.272] [main/DEBUG] [io.netty.util.ResourceLeakDetector/]: -Dio.netty.leakDetection.targetRecords: 4
[08set.2026 23:14:46.195] [main/DEBUG] [oshi.util.FileUtil/]: No oshi.properties file found from ClassLoader cpw.mods.modlauncher.TransformingClassLoader@320a8ebf
[08set.2026 23:14:46.522] [Datafixer Bootstrap/INFO] [com.mojang.datafixers.DataFixerBuilder/]: 229 Datafixer optimizations took 365 milliseconds
[08set.2026 23:14:46.626] [main/DEBUG] [oshi.util.FileUtil/]: No oshi.architecture.properties file found from ClassLoader cpw.mods.modlauncher.TransformingClassLoader@320a8ebf
[08set.2026 23:14:46.698] [pool-19-thread-1/DEBUG] [mixin/]: Mixing MappedRegistryAccessor from neoforge.mixins.json into net.minecraft.core.MappedRegistry
[08set.2026 23:14:46.699] [pool-19-thread-1/DEBUG] [mixin/]: Mixing MappedRegistryAccessor from fabric-registry-sync-v0.mixins.json into net.minecraft.core.MappedRegistry
[08set.2026 23:14:46.699] [pool-19-thread-1/DEBUG] [mixin/]: fabric-registry-sync-v0.mixins.json:MappedRegistryAccessor from mod fabric_registry_sync_v0: Class version 65 required is higher than the class version supported by the current version of Mixin (JAVA_17 supports class version 61)
[08set.2026 23:14:46.713] [pool-19-thread-1/DEBUG] [mixin/]: Mixing BaseMappedRegistryAccessor from fabric-data-attachment-api-v1.mixins.json into net.neoforged.neoforge.registries.BaseMappedRegistry
[08set.2026 23:14:46.713] [pool-19-thread-1/DEBUG] [mixin/]: fabric-data-attachment-api-v1.mixins.json:BaseMappedRegistryAccessor from mod fabric_data_attachment_api_v1: Class version 65 required is higher than the class version supported by the current version of Mixin (JAVA_17 supports class version 61)
[08set.2026 23:14:46.714] [pool-19-thread-1/DEBUG] [mixin/]: Mixing BaseRegistryMixin from fabric-content-registries-v0.mixins.json into net.neoforged.neoforge.registries.BaseMappedRegistry
[08set.2026 23:14:46.714] [pool-19-thread-1/DEBUG] [mixin/]: fabric-content-registries-v0.mixins.json:BaseRegistryMixin from mod fabric_content_registries_v0: Class version 65 required is higher than the class version supported by the current version of Mixin (JAVA_17 supports class version 61)
[08set.2026 23:14:46.715] [pool-19-thread-1/DEBUG] [mixin/]: Mixing BaseMappedRegistryAccessor from fabric-registry-sync-v0.mixins.json into net.neoforged.neoforge.registries.BaseMappedRegistry
[08set.2026 23:14:46.715] [pool-19-thread-1/DEBUG] [mixin/]: fabric-registry-sync-v0.mixins.json:BaseMappedRegistryAccessor from mod fabric_registry_sync_v0: Class version 65 required is higher than the class version supported by the current version of Mixin (JAVA_17 supports class version 61)
[08set.2026 23:14:46.720] [pool-19-thread-1/DEBUG] [mixin/]: fabric-content-registries-v0.mixins.json:BaseRegistryMixin from mod fabric_content_registries_v0->@Inject::getDataMapConsideringFAPI(Lnet/neoforged/neoforge/registries/datamaps/DataMapType;Lnet/minecraft/resources/ResourceKey;Lorg/spongepowered/asm/mixin/injection/callback/CallbackInfoReturnable;)V does use it's CallbackInfoReturnable
[08set.2026 23:14:46.720] [pool-19-thread-1/DEBUG] [mixin/]: Unexpected: Registered method invokeUnfreeze()V in net.neoforged.neoforge.registries.BaseMappedRegistry was not merged
[08set.2026 23:14:46.809] [pool-19-thread-1/DEBUG] [mixin/]: Mixing ItemGroupMixin from fabric-item-group-api-v1.mixins.json into net.minecraft.world.item.CreativeModeTab
[08set.2026 23:14:46.810] [pool-19-thread-1/DEBUG] [mixin/]: fabric-item-group-api-v1.mixins.json:ItemGroupMixin from mod fabric_item_group_api_v1: Class version 65 required is higher than the class version supported by the current version of Mixin (JAVA_17 supports class version 61)
[08set.2026 23:14:46.810] [pool-19-thread-1/DEBUG] [mixin/]: Renaming synthetic method lambda$getStacks$0(Lnet/minecraft/world/item/CreativeModeTab;)Ljava/lang/IllegalStateException; to md61b50d$fabric_item_group_api_v1$lambda$getStacks$0$0 in fabric-item-group-api-v1.mixins.json:ItemGroupMixin from mod fabric_item_group_api_v1
[08set.2026 23:14:46.831] [pool-19-thread-1/DEBUG] [mixin/]: fabric-item-group-api-v1.mixins.json:ItemGroupMixin from mod fabric_item_group_api_v1->@Inject::getStacks(Lnet/minecraft/world/item/CreativeModeTab$ItemDisplayParameters;Lorg/spongepowered/asm/mixin/injection/callback/CallbackInfo;)V doesn't use it's CallbackInfo
[08set.2026 23:14:46.831] [pool-19-thread-1/DEBUG] [mixin/]: fabric-item-group-api-v1.mixins.json:ItemGroupMixin from mod fabric_item_group_api_v1->@Inject::getStacks(Lnet/minecraft/world/item/CreativeModeTab$ItemDisplayParameters;Lorg/spongepowered/asm/mixin/injection/callback/CallbackInfo;)V has 0 override(s) in child classes
[08set.2026 23:14:46.832] [pool-19-thread-1/DEBUG] [mixin/]: fabric-item-group-api-v1.mixins.json:ItemGroupMixin from mod fabric_item_group_api_v1->@Inject::getStacks(Lnet/minecraft/world/item/CreativeModeTab$ItemDisplayParameters;Lorg/spongepowered/asm/mixin/injection/callback/CallbackInfo;)V won't be passed a CallbackInfo as a result
[08set.2026 23:14:46.856] [pool-19-thread-1/DEBUG] [mixin/]: Mixing FireBlockMixin from fabric-content-registries-v0.mixins.json into net.minecraft.world.level.block.FireBlock
[08set.2026 23:14:46.857] [pool-19-thread-1/DEBUG] [mixin/]: fabric-content-registries-v0.mixins.json:FireBlockMixin from mod fabric_content_registries_v0: Class version 65 required is higher than the class version supported by the current version of Mixin (JAVA_17 supports class version 61)
[08set.2026 23:14:46.868] [pool-19-thread-1/DEBUG] [mixin/]: fabric-content-registries-v0.mixins.json:FireBlockMixin from mod fabric_content_registries_v0->@Inject::afterConstruct(Lnet/minecraft/world/level/block/state/BlockBehaviour$Properties;Lorg/spongepowered/asm/mixin/injection/callback/CallbackInfo;)V doesn't use it's CallbackInfo
[08set.2026 23:14:46.868] [pool-19-thread-1/DEBUG] [mixin/]: fabric-content-registries-v0.mixins.json:FireBlockMixin from mod fabric_content_registries_v0->@Inject::afterConstruct(Lnet/minecraft/world/level/block/state/BlockBehaviour$Properties;Lorg/spongepowered/asm/mixin/injection/callback/CallbackInfo;)V has 0 override(s) in child classes
[08set.2026 23:14:46.868] [pool-19-thread-1/DEBUG] [mixin/]: fabric-content-registries-v0.mixins.json:FireBlockMixin from mod fabric_content_registries_v0->@Inject::afterConstruct(Lnet/minecraft/world/level/block/state/BlockBehaviour$Properties;Lorg/spongepowered/asm/mixin/injection/callback/CallbackInfo;)V won't be passed a CallbackInfo as a result
[08set.2026 23:14:46.868] [pool-19-thread-1/DEBUG] [mixin/]: fabric-content-registries-v0.mixins.json:FireBlockMixin from mod fabric_content_registries_v0->@Inject::getFabricBurnChance(Lnet/minecraft/world/level/block/state/BlockState;Lorg/spongepowered/asm/mixin/injection/callback/CallbackInfoReturnable;)V does use it's CallbackInfoReturnable
[08set.2026 23:14:46.869] [pool-19-thread-1/DEBUG] [mixin/]: fabric-content-registries-v0.mixins.json:FireBlockMixin from mod fabric_content_registries_v0->@Inject::getFabricSpreadChance(Lnet/minecraft/world/level/block/state/BlockState;Lorg/spongepowered/asm/mixin/injection/callback/CallbackInfoReturnable;)V does use it's CallbackInfoReturnable
[08set.2026 23:14:46.901] [pool-19-thread-1/DEBUG] [mixin/]: Mixing IBlockExtensionMixin from fabric-block-api-v1.mixins.json into net.neoforged.neoforge.common.extensions.IBlockExtension
[08set.2026 23:14:46.902] [pool-19-thread-1/DEBUG] [mixin/]: fabric-block-api-v1.mixins.json:IBlockExtensionMixin from mod fabric_block_api_v1: Class version 65 required is higher than the class version supported by the current version of Mixin (JAVA_17 supports class version 61)
[08set.2026 23:14:46.921] [pool-19-thread-1/DEBUG] [mixin/]: Mixing AbstractBlockAccessor from fabric-object-builder-v1.mixins.json into net.minecraft.world.level.block.state.BlockBehaviour
[08set.2026 23:14:46.921] [pool-19-thread-1/DEBUG] [mixin/]: fabric-object-builder-v1.mixins.json:AbstractBlockAccessor from mod fabric_object_builder_api_v1: Class version 65 required is higher than the class version supported by the current version of Mixin (JAVA_17 supports class version 61)
[08set.2026 23:14:46.927] [pool-19-thread-1/DEBUG] [mixin/]: Mixing BlockViewMixin from fabric-block-view-api-v2.mixins.json into net.minecraft.world.level.BlockGetter
[08set.2026 23:14:46.927] [pool-19-thread-1/DEBUG] [mixin/]: fabric-block-view-api-v2.mixins.json:BlockViewMixin from mod fabric_block_view_api_v2: Class version 65 required is higher than the class version supported by the current version of Mixin (JAVA_17 supports class version 61)
[08set.2026 23:14:46.931] [pool-19-thread-1/DEBUG] [mixin/]: Mixing IBlockStateExtensionMixin from fabric-rendering-fluids-v1.mixins.json into net.neoforged.neoforge.common.extensions.IBlockStateExtension
[08set.2026 23:14:46.931] [pool-19-thread-1/DEBUG] [mixin/]: fabric-rendering-fluids-v1.mixins.json:IBlockStateExtensionMixin from mod fabric_rendering_fluids_v1: Class version 65 required is higher than the class version supported by the current version of Mixin (JAVA_17 supports class version 61)
[08set.2026 23:14:46.931] [pool-19-thread-1/DEBUG] [mixin/]: Mixing IBlockStateExtensionMixin from fabric-block-api-v1.mixins.json into net.neoforged.neoforge.common.extensions.IBlockStateExtension
[08set.2026 23:14:46.932] [pool-19-thread-1/DEBUG] [mixin/]: fabric-block-api-v1.mixins.json:IBlockStateExtensionMixin from mod fabric_block_api_v1: Class version 65 required is higher than the class version supported by the current version of Mixin (JAVA_17 supports class version 61)
[08set.2026 23:14:46.933] [pool-19-thread-1/DEBUG] [mixin/]: fabric-rendering-fluids-v1.mixins.json:IBlockStateExtensionMixin from mod fabric_rendering_fluids_v1->@Inject::shouldDisplayFluidOverlay(Lnet/minecraft/world/level/BlockAndTintGetter;Lnet/minecraft/core/BlockPos;Lnet/minecraft/world/level/material/FluidState;Lorg/spongepowered/asm/mixin/injection/callback/CallbackInfoReturnable;)V does use it's CallbackInfoReturnable
[08set.2026 23:14:46.937] [pool-19-thread-1/DEBUG] [mixin/]: Mixing WorldViewMixin from fabric-block-view-api-v2.mixins.json into net.minecraft.world.level.LevelReader
[08set.2026 23:14:46.938] [pool-19-thread-1/DEBUG] [mixin/]: fabric-block-view-api-v2.mixins.json:WorldViewMixin from mod fabric_block_view_api_v2: Class version 65 required is higher than the class version supported by the current version of Mixin (JAVA_17 supports class version 61)
[08set.2026 23:14:46.938] [pool-19-thread-1/DEBUG] [mixin/]: Mixing WorldViewMixin from fabric-rendering-data-attachment-v1.mixins.json into net.minecraft.world.level.LevelReader
[08set.2026 23:14:46.938] [pool-19-thread-1/DEBUG] [mixin/]: fabric-rendering-data-attachment-v1.mixins.json:WorldViewMixin from mod fabric_rendering_data_attachment_v1: Class version 65 required is higher than the class version supported by the current version of Mixin (JAVA_17 supports class version 61)
[08set.2026 23:14:46.968] [pool-19-thread-1/DEBUG] [mixin/]: Mixing EntityMixin from fabric-entity-events-v1.mixins.json into net.minecraft.world.entity.Entity
[08set.2026 23:14:46.968] [pool-19-thread-1/DEBUG] [mixin/]: fabric-entity-events-v1.mixins.json:EntityMixin from mod fabric_entity_events_v1: Class version 65 required is higher than the class version supported by the current version of Mixin (JAVA_17 supports class version 61)
[08set.2026 23:14:46.969] [pool-19-thread-1/DEBUG] [mixin/]: Mixing common.EntityMixin from lodestone.mixins.json into net.minecraft.world.entity.Entity
[08set.2026 23:14:46.969] [pool-19-thread-1/DEBUG] [mixin/]: lodestone.mixins.json:common.EntityMixin from mod lodestone: Class version 65 required is higher than the class version supported by the current version of Mixin (JAVA_17 supports class version 61)
[08set.2026 23:14:46.971] [pool-19-thread-1/DEBUG] [mixin/]: Mixing client.GlowMixin from elementals.mixins.json into net.minecraft.world.entity.Entity
[08set.2026 23:14:46.971] [pool-19-thread-1/DEBUG] [mixin/]: elementals.mixins.json:client.GlowMixin from mod elementals: Class version 65 required is higher than the class version supported by the current version of Mixin (JAVA_18 supports class version 62)
[08set.2026 23:14:46.982] [pool-19-thread-1/DEBUG] [mixin/]: fabric-entity-events-v1.mixins.json:EntityMixin from mod fabric_entity_events_v1->@Inject::afterWorldChanged(Lnet/minecraft/world/level/portal/DimensionTransition;Lorg/spongepowered/asm/mixin/injection/callback/CallbackInfoReturnable;)V does use it's CallbackInfoReturnable
[08set.2026 23:14:46.982] [pool-19-thread-1/DEBUG] [mixin/]: fabric-entity-events-v1.mixins.json:EntityMixin from mod fabric_entity_events_v1->@Inject::afterWorldChanged(Lnet/minecraft/world/level/portal/DimensionTransition;Lorg/spongepowered/asm/mixin/injection/callback/CallbackInfoReturnable;)V does use it's CallbackInfoReturnable
[08set.2026 23:14:46.982] [pool-19-thread-1/DEBUG] [mixin/]: fabric-entity-events-v1.mixins.json:EntityMixin from mod fabric_entity_events_v1->@Inject::afterWorldChanged(Lnet/minecraft/world/level/portal/DimensionTransition;Lorg/spongepowered/asm/mixin/injection/callback/CallbackInfoReturnable;)V does use it's CallbackInfoReturnable
[08set.2026 23:14:46.982] [pool-19-thread-1/DEBUG] [mixin/]: fabric-entity-events-v1.mixins.json:EntityMixin from mod fabric_entity_events_v1->@Inject::afterEntityTeleportedToWorld(Lnet/minecraft/server/level/ServerLevel;DDDLjava/util/Set;FFLorg/spongepowered/asm/mixin/injection/callback/CallbackInfoReturnable;FLnet/minecraft/world/entity/Entity;)V doesn't use it's CallbackInfoReturnable
[08set.2026 23:14:46.982] [pool-19-thread-1/DEBUG] [mixin/]: fabric-entity-events-v1.mixins.json:EntityMixin from mod fabric_entity_events_v1->@Inject::afterEntityTeleportedToWorld(Lnet/minecraft/server/level/ServerLevel;DDDLjava/util/Set;FFLorg/spongepowered/asm/mixin/injection/callback/CallbackInfoReturnable;FLnet/minecraft/world/entity/Entity;)V has 0 override(s) in child classes
[08set.2026 23:14:46.982] [pool-19-thread-1/DEBUG] [mixin/]: fabric-entity-events-v1.mixins.json:EntityMixin from mod fabric_entity_events_v1->@Inject::afterEntityTeleportedToWorld(Lnet/minecraft/server/level/ServerLevel;DDDLjava/util/Set;FFLorg/spongepowered/asm/mixin/injection/callback/CallbackInfoReturnable;FLnet/minecraft/world/entity/Entity;)V won't be passed a CallbackInfoReturnable as a result
[08set.2026 23:14:46.982] [pool-19-thread-1/DEBUG] [mixin/]: lodestone.mixins.json:common.EntityMixin from mod lodestone->@Inject::lodestone$CallExtendedStepSound(Lnet/minecraft/core/BlockPos;Lnet/minecraft/world/level/block/state/BlockState;Lorg/spongepowered/asm/mixin/injection/callback/CallbackInfo;)V doesn't use it's CallbackInfo
[08set.2026 23:14:46.983] [pool-19-thread-1/DEBUG] [mixin/]: lodestone.mixins.json:common.EntityMixin from mod lodestone->@Inject::lodestone$CallExtendedStepSound(Lnet/minecraft/core/BlockPos;Lnet/minecraft/world/level/block/state/BlockState;Lorg/spongepowered/asm/mixin/injection/callback/CallbackInfo;)V has 0 override(s) in child classes
[08set.2026 23:14:46.983] [pool-19-thread-1/DEBUG] [mixin/]: lodestone.mixins.json:common.EntityMixin from mod lodestone->@Inject::lodestone$CallExtendedStepSound(Lnet/minecraft/core/BlockPos;Lnet/minecraft/world/level/block/state/BlockState;Lorg/spongepowered/asm/mixin/injection/callback/CallbackInfo;)V won't be passed a CallbackInfo as a result
[08set.2026 23:14:46.983] [pool-19-thread-1/DEBUG] [mixin/]: elementals.mixins.json:client.GlowMixin from mod elementals->@Inject::render(Lorg/spongepowered/asm/mixin/injection/callback/CallbackInfoReturnable;)V does use it's CallbackInfoReturnable
[08set.2026 23:14:46.983] [pool-19-thread-1/DEBUG] [mixin/]: elementals.mixins.json:client.GlowMixin from mod elementals->@Inject::elementals$teamColor(Lorg/spongepowered/asm/mixin/injection/callback/CallbackInfoReturnable;)V does use it's CallbackInfoReturnable
[08set.2026 23:14:46.994] [pool-19-thread-1/DEBUG] [mixin/]: Mixing AttachmentHolderAccessor from fabric-data-attachment-api-v1.mixins.json into net.neoforged.neoforge.attachment.AttachmentHolder
[08set.2026 23:14:46.995] [pool-19-thread-1/DEBUG] [mixin/]: fabric-data-attachment-api-v1.mixins.json:AttachmentHolderAccessor from mod fabric_data_attachment_api_v1: Class version 65 required is higher than the class version supported by the current version of Mixin (JAVA_17 supports class version 61)
[08set.2026 23:14:46.996] [pool-19-thread-1/DEBUG] [mixin/]: Mixing IAttachmentHolderMixin from fabric-data-attachment-api-v1.mixins.json into net.neoforged.neoforge.attachment.IAttachmentHolder
[08set.2026 23:14:46.996] [pool-19-thread-1/DEBUG] [mixin/]: fabric-data-attachment-api-v1.mixins.json:IAttachmentHolderMixin from mod fabric_data_attachment_api_v1: Class version 65 required is higher than the class version supported by the current version of Mixin (JAVA_17 supports class version 61)
[08set.2026 23:14:47.001] [pool-19-thread-1/DEBUG] [mixin/]: Mixing PlayerEntityMixin from fabric-entity-events-v1.mixins.json into net.minecraft.world.entity.player.Player
[08set.2026 23:14:47.001] [pool-19-thread-1/DEBUG] [mixin/]: fabric-entity-events-v1.mixins.json:PlayerEntityMixin from mod fabric_entity_events_v1: Class version 65 required is higher than the class version supported by the current version of Mixin (JAVA_17 supports class version 61)
[08set.2026 23:14:47.003] [pool-19-thread-1/DEBUG] [mixin/]: Mixing elytra.PlayerEntityMixin from fabric-entity-events-v1.mixins.json into net.minecraft.world.entity.player.Player
[08set.2026 23:14:47.003] [pool-19-thread-1/DEBUG] [mixin/]: fabric-entity-events-v1.mixins.json:elytra.PlayerEntityMixin from mod fabric_entity_events_v1: Class version 65 required is higher than the class version supported by the current version of Mixin (JAVA_17 supports class version 61)
[08set.2026 23:14:47.004] [pool-19-thread-1/DEBUG] [mixin/]: Mixing PlayerEntityMixin from elementals.mixins.json into net.minecraft.world.entity.player.Player
[08set.2026 23:14:47.004] [pool-19-thread-1/DEBUG] [mixin/]: elementals.mixins.json:PlayerEntityMixin from mod elementals: Class version 65 required is higher than the class version supported by the current version of Mixin (JAVA_18 supports class version 62)
[08set.2026 23:14:47.028] [pool-19-thread-1/DEBUG] [mixin/]: fabric-entity-events-v1.mixins.json:PlayerEntityMixin from mod fabric_entity_events_v1->@Inject::onIsSleepingLongEnough(Lorg/spongepowered/asm/mixin/injection/callback/CallbackInfoReturnable;)V does use it's CallbackInfoReturnable
[08set.2026 23:14:47.029] [pool-19-thread-1/DEBUG] [mixin/]: fabric-entity-events-v1.mixins.json:elytra.PlayerEntityMixin from mod fabric_entity_events_v1->@Inject::injectElytraCheck(Lorg/spongepowered/asm/mixin/injection/callback/CallbackInfoReturnable;)V does use it's CallbackInfoReturnable
[08set.2026 23:14:47.029] [pool-19-thread-1/DEBUG] [mixin/]: elementals.mixins.json:PlayerEntityMixin from mod elementals->@Inject::fall(FFLnet/minecraft/world/damagesource/DamageSource;Lorg/spongepowered/asm/mixin/injection/callback/CallbackInfoReturnable;)V does use it's CallbackInfoReturnable
[08set.2026 23:14:47.029] [pool-19-thread-1/DEBUG] [mixin/]: elementals.mixins.json:PlayerEntityMixin from mod elementals->@Inject::tick(Lorg/spongepowered/asm/mixin/injection/callback/CallbackInfo;)V doesn't use it's CallbackInfo
[08set.2026 23:14:47.029] [pool-19-thread-1/DEBUG] [mixin/]: elementals.mixins.json:PlayerEntityMixin from mod elementals->@Inject::tick(Lorg/spongepowered/asm/mixin/injection/callback/CallbackInfo;)V has 0 override(s) in child classes
[08set.2026 23:14:47.029] [pool-19-thread-1/DEBUG] [mixin/]: elementals.mixins.json:PlayerEntityMixin from mod elementals->@Inject::tick(Lorg/spongepowered/asm/mixin/injection/callback/CallbackInfo;)V won't be passed a CallbackInfo as a result
[08set.2026 23:14:47.029] [pool-19-thread-1/DEBUG] [mixin/]: elementals.mixins.json:PlayerEntityMixin from mod elementals->@Inject::restrictBlockBreaking(Lnet/minecraft/world/level/Level;Lnet/minecraft/core/BlockPos;Lnet/minecraft/world/level/GameType;Lorg/spongepowered/asm/mixin/injection/callback/CallbackInfoReturnable;)V does use it's CallbackInfoReturnable
[08set.2026 23:14:47.029] [pool-19-thread-1/DEBUG] [mixin/]: elementals.mixins.json:PlayerEntityMixin from mod elementals->@Inject::tryFallFlyingGlider(Lorg/spongepowered/asm/mixin/injection/callback/CallbackInfoReturnable;)V does use it's CallbackInfoReturnable
[08set.2026 23:14:47.041] [pool-19-thread-1/DEBUG] [mixin/]: Mixing common.LivingEntityMixin from geckolib.mixins.json into net.minecraft.world.entity.LivingEntity
[08set.2026 23:14:47.041] [pool-19-thread-1/DEBUG] [mixin/]: geckolib.mixins.json:common.LivingEntityMixin from mod geckolib: Class version 65 required is higher than the class version supported by the current version of Mixin (JAVA_17 supports class version 61)
[08set.2026 23:14:47.042] [pool-19-thread-1/DEBUG] [mixin/]: Mixing LivingEntityMixin from fabric-item-api-v1.mixins.json into net.minecraft.world.entity.LivingEntity
[08set.2026 23:14:47.042] [pool-19-thread-1/DEBUG] [mixin/]: fabric-item-api-v1.mixins.json:LivingEntityMixin from mod fabric_item_api_v1: Class version 65 required is higher than the class version supported by the current version of Mixin (JAVA_17 supports class version 61)
[08set.2026 23:14:47.043] [pool-19-thread-1/DEBUG] [mixin/]: Mixing LivingEntityMixin from fabric-block-api-v1.mixins.json into net.minecraft.world.entity.LivingEntity
[08set.2026 23:14:47.043] [pool-19-thread-1/DEBUG] [mixin/]: fabric-block-api-v1.mixins.json:LivingEntityMixin from mod fabric_block_api_v1: Class version 65 required is higher than the class version supported by the current version of Mixin (JAVA_17 supports class version 61)
[08set.2026 23:14:47.045] [pool-19-thread-1/DEBUG] [mixin/]: Mixing LivingEntityMixin from fabric-entity-events-v1.mixins.json into net.minecraft.world.entity.LivingEntity
[08set.2026 23:14:47.046] [pool-19-thread-1/DEBUG] [mixin/]: fabric-entity-events-v1.mixins.json:LivingEntityMixin from mod fabric_entity_events_v1: Class version 65 required is higher than the class version supported by the current version of Mixin (JAVA_17 supports class version 61)
[08set.2026 23:14:47.050] [pool-19-thread-1/DEBUG] [mixin/]: Mixing elytra.LivingEntityMixin from fabric-entity-events-v1.mixins.json into net.minecraft.world.entity.LivingEntity
[08set.2026 23:14:47.050] [pool-19-thread-1/DEBUG] [mixin/]: fabric-entity-events-v1.mixins.json:elytra.LivingEntityMixin from mod fabric_entity_events_v1: Class version 65 required is higher than the class version supported by the current version of Mixin (JAVA_17 supports class version 61)
[08set.2026 23:14:47.051] [pool-19-thread-1/DEBUG] [mixin/]: Mixing common.LivingEntityMixin from lodestone.mixins.json into net.minecraft.world.entity.LivingEntity
[08set.2026 23:14:47.052] [pool-19-thread-1/DEBUG] [mixin/]: lodestone.mixins.json:common.LivingEntityMixin from mod lodestone: Class version 65 required is higher than the class version supported by the current version of Mixin (JAVA_17 supports class version 61)
[08set.2026 23:14:47.052] [pool-19-thread-1/DEBUG] [mixin/]: Mixing ElementalsLivingEntityAccessor from elementals.mixins.json into net.minecraft.world.entity.LivingEntity
[08set.2026 23:14:47.053] [pool-19-thread-1/DEBUG] [mixin/]: elementals.mixins.json:ElementalsLivingEntityAccessor from mod elementals: Class version 65 required is higher than the class version supported by the current version of Mixin (JAVA_18 supports class version 62)
[08set.2026 23:14:47.053] [pool-19-thread-1/DEBUG] [mixin/]: Mixing LivingEntityMixin from elementals.mixins.json into net.minecraft.world.entity.LivingEntity
[08set.2026 23:14:47.053] [pool-19-thread-1/DEBUG] [mixin/]: elementals.mixins.json:LivingEntityMixin from mod elementals: Class version 65 required is higher than the class version supported by the current version of Mixin (JAVA_18 supports class version 62)
[08set.2026 23:14:47.105] [pool-19-thread-1/DEBUG] [mixin/]: fabric-item-api-v1.mixins.json:LivingEntityMixin from mod fabric_item_api_v1->@Inject::storeLivingEntity(Lnet/minecraft/world/item/ItemStack;Lorg/spongepowered/asm/mixin/injection/callback/CallbackInfoReturnable;)V doesn't use it's CallbackInfoReturnable
[08set.2026 23:14:47.105] [pool-19-thread-1/DEBUG] [mixin/]: fabric-item-api-v1.mixins.json:LivingEntityMixin from mod fabric_item_api_v1->@Inject::storeLivingEntity(Lnet/minecraft/world/item/ItemStack;Lorg/spongepowered/asm/mixin/injection/callback/CallbackInfoReturnable;)V has 0 override(s) in child classes
[08set.2026 23:14:47.105] [pool-19-thread-1/DEBUG] [mixin/]: fabric-item-api-v1.mixins.json:LivingEntityMixin from mod fabric_item_api_v1->@Inject::storeLivingEntity(Lnet/minecraft/world/item/ItemStack;Lorg/spongepowered/asm/mixin/injection/callback/CallbackInfoReturnable;)V won't be passed a CallbackInfoReturnable as a result
[08set.2026 23:14:47.105] [pool-19-thread-1/DEBUG] [mixin/]: fabric-item-api-v1.mixins.json:LivingEntityMixin from mod fabric_item_api_v1->@Inject::resetLivingEntity(Lnet/minecraft/world/item/ItemStack;Lorg/spongepowered/asm/mixin/injection/callback/CallbackInfoReturnable;)V doesn't use it's CallbackInfoReturnable
[08set.2026 23:14:47.105] [pool-19-thread-1/DEBUG] [mixin/]: fabric-item-api-v1.mixins.json:LivingEntityMixin from mod fabric_item_api_v1->@Inject::resetLivingEntity(Lnet/minecraft/world/item/ItemStack;Lorg/spongepowered/asm/mixin/injection/callback/CallbackInfoReturnable;)V has 0 override(s) in child classes
[08set.2026 23:14:47.105] [pool-19-thread-1/DEBUG] [mixin/]: fabric-item-api-v1.mixins.json:LivingEntityMixin from mod fabric_item_api_v1->@Inject::resetLivingEntity(Lnet/minecraft/world/item/ItemStack;Lorg/spongepowered/asm/mixin/injection/callback/CallbackInfoReturnable;)V won't be passed a CallbackInfoReturnable as a result
[08set.2026 23:14:47.109] [pool-19-thread-1/DEBUG] [mixin/]: fabric-block-api-v1.mixins.json:LivingEntityMixin from mod fabric_block_api_v1->@Inject::allowTaggedBlocksForTrapdoorClimbing(Lnet/minecraft/core/BlockPos;Lnet/minecraft/world/level/block/state/BlockState;Lorg/spongepowered/asm/mixin/injection/callback/CallbackInfoReturnable;)V does use it's CallbackInfoReturnable
[08set.2026 23:14:47.112] [pool-19-thread-1/DEBUG] [mixin/]: fabric-entity-events-v1.mixins.json:LivingEntityMixin from mod fabric_entity_events_v1->@Inject::notifyDeath(Lnet/minecraft/world/damagesource/DamageSource;Lorg/spongepowered/asm/mixin/injection/callback/CallbackInfo;)V doesn't use it's CallbackInfo
[08set.2026 23:14:47.113] [pool-19-thread-1/DEBUG] [mixin/]: fabric-entity-events-v1.mixins.json:LivingEntityMixin from mod fabric_entity_events_v1->@Inject::notifyDeath(Lnet/minecraft/world/damagesource/DamageSource;Lorg/spongepowered/asm/mixin/injection/callback/CallbackInfo;)V has 0 override(s) in child classes
[08set.2026 23:14:47.113] [pool-19-thread-1/DEBUG] [mixin/]: fabric-entity-events-v1.mixins.json:LivingEntityMixin from mod fabric_entity_events_v1->@Inject::notifyDeath(Lnet/minecraft/world/damagesource/DamageSource;Lorg/spongepowered/asm/mixin/injection/callback/CallbackInfo;)V won't be passed a CallbackInfo as a result
[08set.2026 23:14:47.113] [pool-19-thread-1/DEBUG] [mixin/]: fabric-entity-events-v1.mixins.json:LivingEntityMixin from mod fabric_entity_events_v1->@Inject::onSleep(Lnet/minecraft/core/BlockPos;Lorg/spongepowered/asm/mixin/injection/callback/CallbackInfo;)V doesn't use it's CallbackInfo
[08set.2026 23:14:47.113] [pool-19-thread-1/DEBUG] [mixin/]: fabric-entity-events-v1.mixins.json:LivingEntityMixin from mod fabric_entity_events_v1->@Inject::onSleep(Lnet/minecraft/core/BlockPos;Lorg/spongepowered/asm/mixin/injection/callback/CallbackInfo;)V has 0 override(s) in child classes
[08set.2026 23:14:47.113] [pool-19-thread-1/DEBUG] [mixin/]: fabric-entity-events-v1.mixins.json:LivingEntityMixin from mod fabric_entity_events_v1->@Inject::onSleep(Lnet/minecraft/core/BlockPos;Lorg/spongepowered/asm/mixin/injection/callback/CallbackInfo;)V won't be passed a CallbackInfo as a result
[08set.2026 23:14:47.113] [pool-19-thread-1/DEBUG] [mixin/]: fabric-entity-events-v1.mixins.json:LivingEntityMixin from mod fabric_entity_events_v1->@Inject::onWakeUp(Lorg/spongepowered/asm/mixin/injection/callback/CallbackInfo;)V doesn't use it's CallbackInfo
[08set.2026 23:14:47.113] [pool-19-thread-1/DEBUG] [mixin/]: fabric-entity-events-v1.mixins.json:LivingEntityMixin from mod fabric_entity_events_v1->@Inject::onWakeUp(Lorg/spongepowered/asm/mixin/injection/callback/CallbackInfo;)V has 0 override(s) in child classes
[08set.2026 23:14:47.114] [pool-19-thread-1/DEBUG] [mixin/]: fabric-entity-events-v1.mixins.json:LivingEntityMixin from mod fabric_entity_events_v1->@Inject::onWakeUp(Lorg/spongepowered/asm/mixin/injection/callback/CallbackInfo;)V won't be passed a CallbackInfo as a result
[08set.2026 23:14:47.114] [pool-19-thread-1/DEBUG] [mixin/]: fabric-entity-events-v1.mixins.json:LivingEntityMixin from mod fabric_entity_events_v1->@Inject::onIsSleepingInBed(Lnet/minecraft/core/BlockPos;Lorg/spongepowered/asm/mixin/injection/callback/CallbackInfoReturnable;)V does use it's CallbackInfoReturnable
[08set.2026 23:14:47.115] [pool-19-thread-1/DEBUG] [mixin/]: fabric-entity-events-v1.mixins.json:elytra.LivingEntityMixin from mod fabric_entity_events_v1->@Inject::injectElytraTick(Lorg/spongepowered/asm/mixin/injection/callback/CallbackInfo;)V does use it's CallbackInfo
[08set.2026 23:14:47.115] [pool-19-thread-1/DEBUG] [mixin/]: lodestone.mixins.json:common.LivingEntityMixin from mod lodestone->@Inject::lodestone$CallExtendedStepSound(Lorg/spongepowered/asm/mixin/injection/callback/CallbackInfo;)V doesn't use it's CallbackInfo
[08set.2026 23:14:47.115] [pool-19-thread-1/DEBUG] [mixin/]: lodestone.mixins.json:common.LivingEntityMixin from mod lodestone->@Inject::lodestone$CallExtendedStepSound(Lorg/spongepowered/asm/mixin/injection/callback/CallbackInfo;)V has 0 override(s) in child classes
[08set.2026 23:14:47.116] [pool-19-thread-1/DEBUG] [mixin/]: lodestone.mixins.json:common.LivingEntityMixin from mod lodestone->@Inject::lodestone$CallExtendedStepSound(Lorg/spongepowered/asm/mixin/injection/callback/CallbackInfo;)V won't be passed a CallbackInfo as a result
[08set.2026 23:14:47.116] [pool-19-thread-1/DEBUG] [mixin/]: elementals.mixins.json:LivingEntityMixin from mod elementals->@Inject::onDamage(Lnet/minecraft/world/damagesource/DamageSource;FLorg/spongepowered/asm/mixin/injection/callback/CallbackInfoReturnable;)V doesn't use it's CallbackInfoReturnable
[08set.2026 23:14:47.116] [pool-19-thread-1/DEBUG] [mixin/]: elementals.mixins.json:LivingEntityMixin from mod elementals->@Inject::onDamage(Lnet/minecraft/world/damagesource/DamageSource;FLorg/spongepowered/asm/mixin/injection/callback/CallbackInfoReturnable;)V has 0 override(s) in child classes
[08set.2026 23:14:47.116] [pool-19-thread-1/DEBUG] [mixin/]: elementals.mixins.json:LivingEntityMixin from mod elementals->@Inject::onDamage(Lnet/minecraft/world/damagesource/DamageSource;FLorg/spongepowered/asm/mixin/injection/callback/CallbackInfoReturnable;)V won't be passed a CallbackInfoReturnable as a result
[08set.2026 23:14:47.116] [pool-19-thread-1/DEBUG] [mixin/]: elementals.mixins.json:LivingEntityMixin from mod elementals->@Inject::applyArmor(Lnet/minecraft/world/damagesource/DamageSource;FLorg/spongepowered/asm/mixin/injection/callback/CallbackInfoReturnable;)V does use it's CallbackInfoReturnable
[08set.2026 23:14:47.116] [pool-19-thread-1/DEBUG] [mixin/]: elementals.mixins.json:LivingEntityMixin from mod elementals->@Inject::bypassesEnchantsAndEffect(Lnet/minecraft/world/damagesource/DamageSource;FLorg/spongepowered/asm/mixin/injection/callback/CallbackInfoReturnable;)V does use it's CallbackInfoReturnable
[08set.2026 23:14:47.116] [pool-19-thread-1/DEBUG] [mixin/]: elementals.mixins.json:LivingEntityMixin from mod elementals->@Inject::clearEffects(Lorg/spongepowered/asm/mixin/injection/callback/CallbackInfoReturnable;)V doesn't use it's CallbackInfoReturnable
[08set.2026 23:14:47.116] [pool-19-thread-1/DEBUG] [mixin/]: elementals.mixins.json:LivingEntityMixin from mod elementals->@Inject::clearEffects(Lorg/spongepowered/asm/mixin/injection/callback/CallbackInfoReturnable;)V has 0 override(s) in child classes
[08set.2026 23:14:47.116] [pool-19-thread-1/DEBUG] [mixin/]: elementals.mixins.json:LivingEntityMixin from mod elementals->@Inject::clearEffects(Lorg/spongepowered/asm/mixin/injection/callback/CallbackInfoReturnable;)V won't be passed a CallbackInfoReturnable as a result
[08set.2026 23:14:47.116] [pool-19-thread-1/DEBUG] [mixin/]: elementals.mixins.json:LivingEntityMixin from mod elementals->@Inject::removeEffect(Lnet/minecraft/world/effect/MobEffectInstance;Lorg/spongepowered/asm/mixin/injection/callback/CallbackInfo;)V doesn't use it's CallbackInfo
[08set.2026 23:14:47.116] [pool-19-thread-1/DEBUG] [mixin/]: elementals.mixins.json:LivingEntityMixin from mod elementals->@Inject::removeEffect(Lnet/minecraft/world/effect/MobEffectInstance;Lorg/spongepowered/asm/mixin/injection/callback/CallbackInfo;)V has 0 override(s) in child classes
[08set.2026 23:14:47.116] [pool-19-thread-1/DEBUG] [mixin/]: elementals.mixins.json:LivingEntityMixin from mod elementals->@Inject::removeEffect(Lnet/minecraft/world/effect/MobEffectInstance;Lorg/spongepowered/asm/mixin/injection/callback/CallbackInfo;)V won't be passed a CallbackInfo as a result
[08set.2026 23:14:47.116] [pool-19-thread-1/DEBUG] [mixin/]: elementals.mixins.json:LivingEntityMixin from mod elementals->@Inject::fallFlying(Lorg/spongepowered/asm/mixin/injection/callback/CallbackInfo;)V does use it's CallbackInfo
[08set.2026 23:14:47.173] [pool-19-thread-1/DEBUG] [mixin/]: Mixing WorldMixin from fabric-lifecycle-events-v1.mixins.json into net.minecraft.world.level.Level
[08set.2026 23:14:47.173] [pool-19-thread-1/DEBUG] [mixin/]: fabric-lifecycle-events-v1.mixins.json:WorldMixin from mod fabric_lifecycle_events_v1: Class version 65 required is higher than the class version supported by the current version of Mixin (JAVA_17 supports class version 61)
[08set.2026 23:14:47.189] [pool-19-thread-1/DEBUG] [mixin/]: Mixing ServerWorldMixin from fabric-api-lookup-api-v1.mixins.json into net.minecraft.server.level.ServerLevel
[08set.2026 23:14:47.189] [pool-19-thread-1/DEBUG] [mixin/]: fabric-api-lookup-api-v1.mixins.json:ServerWorldMixin from mod fabric_api_lookup_api_v1: Class version 65 required is higher than the class version supported by the current version of Mixin (JAVA_17 supports class version 61)
[08set.2026 23:14:47.190] [pool-19-thread-1/DEBUG] [mixin/]: Renaming synthetic method lambda$fabric_invalidateCache$5(Ljava/util/Map$Entry;)Z to md61b50d$fabric_api_lookup_api_v1$lambda$fabric_invalidateCache$5$0 in fabric-api-lookup-api-v1.mixins.json:ServerWorldMixin from mod fabric_api_lookup_api_v1
[08set.2026 23:14:47.190] [pool-19-thread-1/DEBUG] [mixin/]: Renaming synthetic method lambda$fabric_invalidateCache$4(Ljava/lang/ref/WeakReference;)Z to md61b50d$fabric_api_lookup_api_v1$lambda$fabric_invalidateCache$4$1 in fabric-api-lookup-api-v1.mixins.json:ServerWorldMixin from mod fabric_api_lookup_api_v1
[08set.2026 23:14:47.190] [pool-19-thread-1/DEBUG] [mixin/]: Renaming synthetic method lambda$fabric_invalidateCache$3(Ljava/lang/ref/WeakReference;)V to md61b50d$fabric_api_lookup_api_v1$lambda$fabric_invalidateCache$3$2 in fabric-api-lookup-api-v1.mixins.json:ServerWorldMixin from mod fabric_api_lookup_api_v1
[08set.2026 23:14:47.190] [pool-19-thread-1/DEBUG] [mixin/]: Renaming synthetic method lambda$fabric_invalidateCache$2(Ljava/lang/ref/WeakReference;)Z to md61b50d$fabric_api_lookup_api_v1$lambda$fabric_invalidateCache$2$3 in fabric-api-lookup-api-v1.mixins.json:ServerWorldMixin from mod fabric_api_lookup_api_v1
[08set.2026 23:14:47.190] [pool-19-thread-1/DEBUG] [mixin/]: Renaming synthetic method lambda$fabric_registerCache$1(Ljava/lang/ref/WeakReference;)Z to md61b50d$fabric_api_lookup_api_v1$lambda$fabric_registerCache$1$4 in fabric-api-lookup-api-v1.mixins.json:ServerWorldMixin from mod fabric_api_lookup_api_v1
[08set.2026 23:14:47.190] [pool-19-thread-1/DEBUG] [mixin/]: Renaming synthetic method lambda$fabric_registerCache$0(Lnet/minecraft/core/BlockPos;)Ljava/util/List; to md61b50d$fabric_api_lookup_api_v1$lambda$fabric_registerCache$0$5 in fabric-api-lookup-api-v1.mixins.json:ServerWorldMixin from mod fabric_api_lookup_api_v1
[08set.2026 23:14:47.200] [pool-19-thread-1/DEBUG] [mixin/]: Mixing ServerWorldMixin from fabric-lifecycle-events-v1.mixins.json into net.minecraft.server.level.ServerLevel
[08set.2026 23:14:47.201] [pool-19-thread-1/DEBUG] [mixin/]: fabric-lifecycle-events-v1.mixins.json:ServerWorldMixin from mod fabric_lifecycle_events_v1: Class version 65 required is higher than the class version supported by the current version of Mixin (JAVA_17 supports class version 61)
[08set.2026 23:14:47.207] [pool-19-thread-1/DEBUG] [mixin/]: fabric-lifecycle-events-v1.mixins.json:ServerWorldMixin from mod fabric_lifecycle_events_v1->@Inject::startWorldTick(Ljava/util/function/BooleanSupplier;Lorg/spongepowered/asm/mixin/injection/callback/CallbackInfo;)V doesn't use it's CallbackInfo
[08set.2026 23:14:47.207] [pool-19-thread-1/DEBUG] [mixin/]: fabric-lifecycle-events-v1.mixins.json:ServerWorldMixin from mod fabric_lifecycle_events_v1->@Inject::startWorldTick(Ljava/util/function/BooleanSupplier;Lorg/spongepowered/asm/mixin/injection/callback/CallbackInfo;)V has 0 override(s) in child classes
[08set.2026 23:14:47.207] [pool-19-thread-1/DEBUG] [mixin/]: fabric-lifecycle-events-v1.mixins.json:ServerWorldMixin from mod fabric_lifecycle_events_v1->@Inject::startWorldTick(Ljava/util/function/BooleanSupplier;Lorg/spongepowered/asm/mixin/injection/callback/CallbackInfo;)V won't be passed a CallbackInfo as a result
[08set.2026 23:14:47.221] [pool-19-thread-1/DEBUG] [mixin/]: Mixing ItemEntityMixin from elementals.mixins.json into net.minecraft.world.entity.item.ItemEntity
[08set.2026 23:14:47.222] [pool-19-thread-1/DEBUG] [mixin/]: elementals.mixins.json:ItemEntityMixin from mod elementals: Class version 65 required is higher than the class version supported by the current version of Mixin (JAVA_18 supports class version 62)
[08set.2026 23:14:47.230] [pool-19-thread-1/DEBUG] [mixin/]: elementals.mixins.json:ItemEntityMixin from mod elementals->@Inject::onDamage(Lnet/minecraft/world/damagesource/DamageSource;FLorg/spongepowered/asm/mixin/injection/callback/CallbackInfoReturnable;)V does use it's CallbackInfoReturnable
[08set.2026 23:14:47.261] [pool-19-thread-1/DEBUG] [mixin/]: Mixing AbstractBlockSettingsAccessor from fabric-object-builder-v1.mixins.json into net.minecraft.world.level.block.state.BlockBehaviour$Properties
[08set.2026 23:14:47.262] [pool-19-thread-1/DEBUG] [mixin/]: fabric-object-builder-v1.mixins.json:AbstractBlockSettingsAccessor from mod fabric_object_builder_api_v1: Class version 65 required is higher than the class version supported by the current version of Mixin (JAVA_17 supports class version 61)
[08set.2026 23:14:47.456] [pool-19-thread-1/DEBUG] [mixin/]: Mixing DetectorRailBlockMixin from fabric-object-builder-v1.mixins.json into net.minecraft.world.level.block.DetectorRailBlock
[08set.2026 23:14:47.456] [pool-19-thread-1/DEBUG] [mixin/]: fabric-object-builder-v1.mixins.json:DetectorRailBlockMixin from mod fabric_object_builder_api_v1: Class version 65 required is higher than the class version supported by the current version of Mixin (JAVA_17 supports class version 61)
[08set.2026 23:14:47.457] [pool-19-thread-1/DEBUG] [mixin/]: Renaming synthetic method lambda$getCustomComparatorOutput$0(Lnet/minecraft/world/entity/Entity;)Z to md61b50d$fabric_object_builder_api_v1$lambda$getCustomComparatorOutput$0$0 in fabric-object-builder-v1.mixins.json:DetectorRailBlockMixin from mod fabric_object_builder_api_v1
[08set.2026 23:14:47.462] [pool-19-thread-1/DEBUG] [mixin/]: fabric-object-builder-v1.mixins.json:DetectorRailBlockMixin from mod fabric_object_builder_api_v1->@Inject::getCustomComparatorOutput(Lnet/minecraft/world/level/block/state/BlockState;Lnet/minecraft/world/level/Level;Lnet/minecraft/core/BlockPos;Lorg/spongepowered/asm/mixin/injection/callback/CallbackInfoReturnable;)V does use it's CallbackInfoReturnable
[08set.2026 23:14:47.598] [pool-19-thread-1/DEBUG] [mixin/]: Mixing OxidizableMixin from fabric-content-registries-v0.mixins.json into net.minecraft.world.level.block.WeatheringCopper
[08set.2026 23:14:47.598] [pool-19-thread-1/DEBUG] [mixin/]: fabric-content-registries-v0.mixins.json:OxidizableMixin from mod fabric_content_registries_v0: Class version 65 required is higher than the class version supported by the current version of Mixin (JAVA_17 supports class version 61)
[08set.2026 23:14:47.600] [pool-19-thread-1/DEBUG] [mixin/]: fabric-content-registries-v0.mixins.json:OxidizableMixin from mod fabric_content_registries_v0->@Inject::createOxidationLevelIncreasesMap(Lorg/spongepowered/asm/mixin/injection/callback/CallbackInfoReturnable;)V does use it's CallbackInfoReturnable
[08set.2026 23:14:47.654] [pool-19-thread-1/DEBUG] [mixin/]: Mixing EntityTypeMixin from fabric-object-builder-v1.mixins.json into net.minecraft.world.entity.EntityType
[08set.2026 23:14:47.655] [pool-19-thread-1/DEBUG] [mixin/]: fabric-object-builder-v1.mixins.json:EntityTypeMixin from mod fabric_object_builder_api_v1: Class version 65 required is higher than the class version supported by the current version of Mixin (JAVA_17 supports class version 61)
[08set.2026 23:14:47.656] [pool-19-thread-1/DEBUG] [mixin/]: fabric-object-builder-v1.mixins.json:EntityTypeMixin from mod fabric_object_builder_api_v1->@Inject::alwaysUpdateVelocity(Lorg/spongepowered/asm/mixin/injection/callback/CallbackInfoReturnable;)V does use it's CallbackInfoReturnable
[08set.2026 23:14:47.681] [pool-19-thread-1/DEBUG] [mixin/]: Mixing FluidMixin from fabric-transfer-api-v1.mixins.json into net.minecraft.world.level.material.Fluid
[08set.2026 23:14:47.682] [pool-19-thread-1/DEBUG] [mixin/]: fabric-transfer-api-v1.mixins.json:FluidMixin from mod fabric_transfer_api_v1: Class version 65 required is higher than the class version supported by the current version of Mixin (JAVA_17 supports class version 61)
[08set.2026 23:14:47.684] [pool-19-thread-1/DEBUG] [mixin/]: fabric-transfer-api-v1.mixins.json:FluidMixin from mod fabric_transfer_api_v1->@Inject::hookGetBucketFillSound(Lorg/spongepowered/asm/mixin/injection/callback/CallbackInfoReturnable;)V does use it's CallbackInfoReturnable
[08set.2026 23:14:47.701] [pool-19-thread-1/DEBUG] [mixin/]: Mixing ComponentMapBuilderMixin from fabric-item-api-v1.mixins.json into net.minecraft.core.component.DataComponentMap$Builder
[08set.2026 23:14:47.702] [pool-19-thread-1/DEBUG] [mixin/]: fabric-item-api-v1.mixins.json:ComponentMapBuilderMixin from mod fabric_item_api_v1: Class version 65 required is higher than the class version supported by the current version of Mixin (JAVA_17 supports class version 61)
[08set.2026 23:14:47.761] [pool-19-thread-1/DEBUG] [mixin/]: Mixing BlockEntityMixin from fabric-block-view-api-v2.mixins.json into net.minecraft.world.level.block.entity.BlockEntity
[08set.2026 23:14:47.761] [pool-19-thread-1/DEBUG] [mixin/]: fabric-block-view-api-v2.mixins.json:BlockEntityMixin from mod fabric_block_view_api_v2: Class version 65 required is higher than the class version supported by the current version of Mixin (JAVA_17 supports class version 61)
[08set.2026 23:14:47.761] [pool-19-thread-1/DEBUG] [mixin/]: Mixing BlockEntityMixin from fabric-rendering-data-attachment-v1.mixins.json into net.minecraft.world.level.block.entity.BlockEntity
[08set.2026 23:14:47.761] [pool-19-thread-1/DEBUG] [mixin/]: fabric-rendering-data-attachment-v1.mixins.json:BlockEntityMixin from mod fabric_rendering_data_attachment_v1: Class version 65 required is higher than the class version supported by the current version of Mixin (JAVA_17 supports class version 61)
[08set.2026 23:14:47.793] [pool-19-thread-1/DEBUG] [mixin/]: Mixing NamedScreenHandlerFactoryMixin from fabric-screen-handler-api-v1.mixins.json into net.minecraft.world.MenuProvider
[08set.2026 23:14:47.793] [pool-19-thread-1/DEBUG] [mixin/]: fabric-screen-handler-api-v1.mixins.json:NamedScreenHandlerFactoryMixin from mod fabric_screen_handler_api_v1: Class version 65 required is higher than the class version supported by the current version of Mixin (JAVA_17 supports class version 61)
[08set.2026 23:14:47.797] [pool-19-thread-1/DEBUG] [mixin/]: Mixing LockableContainerBlockEntityMixin from fabric-transfer-api-v1.mixins.json into net.minecraft.world.level.block.entity.BaseContainerBlockEntity
[08set.2026 23:14:47.797] [pool-19-thread-1/DEBUG] [mixin/]: fabric-transfer-api-v1.mixins.json:LockableContainerBlockEntityMixin from mod fabric_transfer_api_v1: Class version 65 required is higher than the class version supported by the current version of Mixin (JAVA_17 supports class version 61)
[08set.2026 23:14:47.863] [pool-19-thread-1/DEBUG] [mixin/]: Mixing TagKeyMixin from fabric-convention-tags-api-v2.mixins.json into net.minecraft.tags.TagKey
[08set.2026 23:14:47.863] [pool-19-thread-1/DEBUG] [mixin/]: fabric-convention-tags-api-v2.mixins.json:TagKeyMixin from mod fabric_convention_tags_v2: Class version 65 required is higher than the class version supported by the current version of Mixin (JAVA_17 supports class version 61)
[08set.2026 23:14:47.978] [pool-19-thread-1/DEBUG] [mixin/]: Mixing MobEffectInstanceAccessor from elementals.mixins.json into net.minecraft.world.effect.MobEffectInstance
[08set.2026 23:14:47.978] [pool-19-thread-1/DEBUG] [mixin/]: elementals.mixins.json:MobEffectInstanceAccessor from mod elementals: Class version 65 required is higher than the class version supported by the current version of Mixin (JAVA_18 supports class version 62)
[08set.2026 23:14:48.010] [pool-19-thread-1/DEBUG] [mixin/]: Mixing SimpleParticleTypeAccessor from elementals.mixins.json into net.minecraft.core.particles.SimpleParticleType
[08set.2026 23:14:48.013] [pool-19-thread-1/DEBUG] [mixin/]: elementals.mixins.json:SimpleParticleTypeAccessor from mod elementals: Class version 65 required is higher than the class version supported by the current version of Mixin (JAVA_18 supports class version 62)
[08set.2026 23:14:48.014] [pool-19-thread-1/DEBUG] [mixin/]: Renaming @Invoker method callConstructor(Z)Lnet/minecraft/core/particles/SimpleParticleType; to callConstructor$elementals_$md$61b50d$0 in elementals.mixins.json:SimpleParticleTypeAccessor from mod elementals
[08set.2026 23:14:48.067] [pool-19-thread-1/DEBUG] [mixin/]: Mixing MobEntityMixin from fabric-entity-events-v1.mixins.json into net.minecraft.world.entity.Mob
[08set.2026 23:14:48.067] [pool-19-thread-1/DEBUG] [mixin/]: fabric-entity-events-v1.mixins.json:MobEntityMixin from mod fabric_entity_events_v1: Class version 65 required is higher than the class version supported by the current version of Mixin (JAVA_17 supports class version 61)
[08set.2026 23:14:48.176] [pool-19-thread-1/DEBUG] [mixin/]: Mixing BlockEntityTypeAccessor from neoforge.mixins.json into net.minecraft.world.level.block.entity.BlockEntityType
[08set.2026 23:14:48.177] [pool-19-thread-1/DEBUG] [mixin/]: Mixing BlockEntityTypeMixin from fabric-object-builder-v1.mixins.json into net.minecraft.world.level.block.entity.BlockEntityType
[08set.2026 23:14:48.177] [pool-19-thread-1/DEBUG] [mixin/]: fabric-object-builder-v1.mixins.json:BlockEntityTypeMixin from mod fabric_object_builder_api_v1: Class version 65 required is higher than the class version supported by the current version of Mixin (JAVA_17 supports class version 61)
[08set.2026 23:14:48.180] [pool-19-thread-1/DEBUG] [mixin/]: fabric-object-builder-v1.mixins.json:BlockEntityTypeMixin from mod fabric_object_builder_api_v1->@Inject::mutableBlocks(Lnet/minecraft/world/level/block/entity/BlockEntityType$BlockEntitySupplier;Ljava/util/Set;Lcom/mojang/datafixers/types/Type;Lorg/spongepowered/asm/mixin/injection/callback/CallbackInfo;)V doesn't use it's CallbackInfo
[08set.2026 23:14:48.180] [pool-19-thread-1/DEBUG] [mixin/]: fabric-object-builder-v1.mixins.json:BlockEntityTypeMixin from mod fabric_object_builder_api_v1->@Inject::mutableBlocks(Lnet/minecraft/world/level/block/entity/BlockEntityType$BlockEntitySupplier;Ljava/util/Set;Lcom/mojang/datafixers/types/Type;Lorg/spongepowered/asm/mixin/injection/callback/CallbackInfo;)V has 0 override(s) in child classes
[08set.2026 23:14:48.180] [pool-19-thread-1/DEBUG] [mixin/]: fabric-object-builder-v1.mixins.json:BlockEntityTypeMixin from mod fabric_object_builder_api_v1->@Inject::mutableBlocks(Lnet/minecraft/world/level/block/entity/BlockEntityType$BlockEntitySupplier;Ljava/util/Set;Lcom/mojang/datafixers/types/Type;Lorg/spongepowered/asm/mixin/injection/callback/CallbackInfo;)V won't be passed a CallbackInfo as a result
[08set.2026 23:14:48.221] [pool-19-thread-1/DEBUG] [mixin/]: Mixing common.AbstractContainerMenuMixin from geckolib.mixins.json into net.minecraft.world.inventory.AbstractContainerMenu
[08set.2026 23:14:48.221] [pool-19-thread-1/DEBUG] [mixin/]: geckolib.mixins.json:common.AbstractContainerMenuMixin from mod geckolib: Class version 65 required is higher than the class version supported by the current version of Mixin (JAVA_17 supports class version 61)
[08set.2026 23:14:48.236] [pool-19-thread-1/DEBUG] [mixin/]: Mixing AbstractFurnaceBlockEntityMixin from fabric-transfer-api-v1.mixins.json into net.minecraft.world.level.block.entity.AbstractFurnaceBlockEntity
[08set.2026 23:14:48.236] [pool-19-thread-1/DEBUG] [mixin/]: fabric-transfer-api-v1.mixins.json:AbstractFurnaceBlockEntityMixin from mod fabric_transfer_api_v1: Class version 65 required is higher than the class version supported by the current version of Mixin (JAVA_17 supports class version 61)
[08set.2026 23:14:48.238] [pool-19-thread-1/DEBUG] [mixin/]: Mixing FurnaceBlockEntityAccessor from elementals.mixins.json into net.minecraft.world.level.block.entity.AbstractFurnaceBlockEntity
[08set.2026 23:14:48.238] [pool-19-thread-1/DEBUG] [mixin/]: elementals.mixins.json:FurnaceBlockEntityAccessor from mod elementals: Class version 65 required is higher than the class version supported by the current version of Mixin (JAVA_18 supports class version 62)
[08set.2026 23:14:48.241] [pool-19-thread-1/DEBUG] [mixin/]: fabric-transfer-api-v1.mixins.json:AbstractFurnaceBlockEntityMixin from mod fabric_transfer_api_v1->@Inject::setStackSuppressUpdate(ILnet/minecraft/world/item/ItemStack;Lorg/spongepowered/asm/mixin/injection/callback/CallbackInfo;)V does use it's CallbackInfo
[08set.2026 23:14:48.334] [pool-19-thread-1/DEBUG] [mixin/]: Mixing JukeboxBlockEntityMixin from fabric-transfer-api-v1.mixins.json into net.minecraft.world.level.block.entity.JukeboxBlockEntity
[08set.2026 23:14:48.337] [pool-19-thread-1/DEBUG] [mixin/]: fabric-transfer-api-v1.mixins.json:JukeboxBlockEntityMixin from mod fabric_transfer_api_v1: Class version 65 required is higher than the class version supported by the current version of Mixin (JAVA_17 supports class version 61)
[08set.2026 23:14:48.344] [pool-19-thread-1/DEBUG] [mixin/]: fabric-transfer-api-v1.mixins.json:JukeboxBlockEntityMixin from mod fabric_transfer_api_v1->@Inject::setStackBypass(Lnet/minecraft/world/item/ItemStack;Lorg/spongepowered/asm/mixin/injection/callback/CallbackInfo;)V does use it's CallbackInfo
[08set.2026 23:14:48.501] [pool-19-thread-1/DEBUG] [mixin/]: Mixing common.ItemStackMixin from geckolib.mixins.json into net.minecraft.world.item.ItemStack
[08set.2026 23:14:48.501] [pool-19-thread-1/DEBUG] [mixin/]: geckolib.mixins.json:common.ItemStackMixin from mod geckolib: Class version 65 required is higher than the class version supported by the current version of Mixin (JAVA_17 supports class version 61)
[08set.2026 23:14:48.503] [pool-19-thread-1/DEBUG] [mixin/]: Mixing ItemStackMixin from fabric-item-api-v1.mixins.json into net.minecraft.world.item.ItemStack
[08set.2026 23:14:48.504] [pool-19-thread-1/DEBUG] [mixin/]: fabric-item-api-v1.mixins.json:ItemStackMixin from mod fabric_item_api_v1: Class version 65 required is higher than the class version supported by the current version of Mixin (JAVA_17 supports class version 61)
[08set.2026 23:14:48.504] [pool-19-thread-1/DEBUG] [mixin/]: Renaming synthetic method lambda$hookDamage$0(Lorg/apache/commons/lang3/mutable/MutableBoolean;Ljava/util/function/Consumer;)V to md61b50d$fabric_item_api_v1$lambda$hookDamage$0$0 in fabric-item-api-v1.mixins.json:ItemStackMixin from mod fabric_item_api_v1
[08set.2026 23:14:48.550] [pool-19-thread-1/DEBUG] [mixin/]: Mixing IItemStackExtensionMixin from fabric-entity-events-v1.mixins.json into net.neoforged.neoforge.common.extensions.IItemStackExtension
[08set.2026 23:14:48.550] [pool-19-thread-1/DEBUG] [mixin/]: fabric-entity-events-v1.mixins.json:IItemStackExtensionMixin from mod fabric_entity_events_v1: Class version 65 required is higher than the class version supported by the current version of Mixin (JAVA_17 supports class version 61)
[08set.2026 23:14:48.553] [pool-19-thread-1/DEBUG] [mixin/]: fabric-entity-events-v1.mixins.json:IItemStackExtensionMixin from mod fabric_entity_events_v1->@Inject::canElytraFly(Lnet/minecraft/world/entity/LivingEntity;Lorg/spongepowered/asm/mixin/injection/callback/CallbackInfoReturnable;)V does use it's CallbackInfoReturnable
[08set.2026 23:14:48.693] [pool-19-thread-1/DEBUG] [mixin/]: Mixing AnvilScreenHandlerMixin from fabric-item-api-v1.mixins.json into net.minecraft.world.inventory.AnvilMenu
[08set.2026 23:14:48.693] [pool-19-thread-1/DEBUG] [mixin/]: fabric-item-api-v1.mixins.json:AnvilScreenHandlerMixin from mod fabric_item_api_v1: Class version 65 required is higher than the class version supported by the current version of Mixin (JAVA_17 supports class version 61)
[08set.2026 23:14:48.990] [pool-19-thread-1/DEBUG] [mixin/]: Mixing SimpleInventoryMixin from fabric-transfer-api-v1.mixins.json into net.minecraft.world.SimpleContainer
[08set.2026 23:14:48.990] [pool-19-thread-1/DEBUG] [mixin/]: fabric-transfer-api-v1.mixins.json:SimpleInventoryMixin from mod fabric_transfer_api_v1: Class version 65 required is higher than the class version supported by the current version of Mixin (JAVA_17 supports class version 61)
[08set.2026 23:14:49.266] [pool-19-thread-1/DEBUG] [mixin/]: Mixing ServerPlayerEntityMixin from fabric-screen-handler-api-v1.mixins.json into net.minecraft.server.level.ServerPlayer
[08set.2026 23:14:49.267] [pool-19-thread-1/DEBUG] [mixin/]: fabric-screen-handler-api-v1.mixins.json:ServerPlayerEntityMixin from mod fabric_screen_handler_api_v1: Class version 65 required is higher than the class version supported by the current version of Mixin (JAVA_17 supports class version 61)
[08set.2026 23:14:49.268] [pool-19-thread-1/DEBUG] [mixin/]: Renaming synthetic method lambda$fabric_replaceExtraDataWriter$0(Lnet/fabricmc/fabric/api/screenhandler/v1/ExtendedScreenHandlerFactory;Lnet/fabricmc/fabric/api/screenhandler/v1/ExtendedScreenHandlerType;Lnet/minecraft/network/RegistryFriendlyByteBuf;)V to md61b50d$fabric_screen_handler_api_v1$lambda$fabric_replaceExtraDataWriter$0$0 in fabric-screen-handler-api-v1.mixins.json:ServerPlayerEntityMixin from mod fabric_screen_handler_api_v1
[08set.2026 23:14:49.270] [pool-19-thread-1/DEBUG] [mixin/]: Mixing ServerPlayerEntityMixin from fabric-entity-events-v1.mixins.json into net.minecraft.server.level.ServerPlayer
[08set.2026 23:14:49.270] [pool-19-thread-1/DEBUG] [mixin/]: fabric-entity-events-v1.mixins.json:ServerPlayerEntityMixin from mod fabric_entity_events_v1: Class version 65 required is higher than the class version supported by the current version of Mixin (JAVA_17 supports class version 61)
[08set.2026 23:14:49.273] [pool-19-thread-1/DEBUG] [mixin/]: Mixing ServerPlayerEntityMixin from elementals.mixins.json into net.minecraft.server.level.ServerPlayer
[08set.2026 23:14:49.274] [pool-19-thread-1/DEBUG] [mixin/]: elementals.mixins.json:ServerPlayerEntityMixin from mod elementals: Class version 65 required is higher than the class version supported by the current version of Mixin (JAVA_18 supports class version 62)
[08set.2026 23:14:49.289] [pool-19-thread-1/DEBUG] [mixin/]: fabric-entity-events-v1.mixins.json:ServerPlayerEntityMixin from mod fabric_entity_events_v1->@Inject::callOnKillForPlayer(Lnet/minecraft/world/damagesource/DamageSource;Lorg/spongepowered/asm/mixin/injection/callback/CallbackInfo;)V doesn't use it's CallbackInfo
[08set.2026 23:14:49.289] [pool-19-thread-1/DEBUG] [mixin/]: fabric-entity-events-v1.mixins.json:ServerPlayerEntityMixin from mod fabric_entity_events_v1->@Inject::callOnKillForPlayer(Lnet/minecraft/world/damagesource/DamageSource;Lorg/spongepowered/asm/mixin/injection/callback/CallbackInfo;)V has 0 override(s) in child classes
[08set.2026 23:14:49.289] [pool-19-thread-1/DEBUG] [mixin/]: fabric-entity-events-v1.mixins.json:ServerPlayerEntityMixin from mod fabric_entity_events_v1->@Inject::callOnKillForPlayer(Lnet/minecraft/world/damagesource/DamageSource;Lorg/spongepowered/asm/mixin/injection/callback/CallbackInfo;)V won't be passed a CallbackInfo as a result
[08set.2026 23:14:49.289] [pool-19-thread-1/DEBUG] [mixin/]: fabric-entity-events-v1.mixins.json:ServerPlayerEntityMixin from mod fabric_entity_events_v1->@Inject::notifyDeath(Lnet/minecraft/world/damagesource/DamageSource;Lorg/spongepowered/asm/mixin/injection/callback/CallbackInfo;)V doesn't use it's CallbackInfo
[08set.2026 23:14:49.289] [pool-19-thread-1/DEBUG] [mixin/]: fabric-entity-events-v1.mixins.json:ServerPlayerEntityMixin from mod fabric_entity_events_v1->@Inject::notifyDeath(Lnet/minecraft/world/damagesource/DamageSource;Lorg/spongepowered/asm/mixin/injection/callback/CallbackInfo;)V has 0 override(s) in child classes
[08set.2026 23:14:49.289] [pool-19-thread-1/DEBUG] [mixin/]: fabric-entity-events-v1.mixins.json:ServerPlayerEntityMixin from mod fabric_entity_events_v1->@Inject::notifyDeath(Lnet/minecraft/world/damagesource/DamageSource;Lorg/spongepowered/asm/mixin/injection/callback/CallbackInfo;)V won't be passed a CallbackInfo as a result
[08set.2026 23:14:49.290] [pool-19-thread-1/DEBUG] [mixin/]: fabric-entity-events-v1.mixins.json:ServerPlayerEntityMixin from mod fabric_entity_events_v1->@Inject::afterWorldChanged(Lnet/minecraft/server/level/ServerLevel;Lorg/spongepowered/asm/mixin/injection/callback/CallbackInfo;)V doesn't use it's CallbackInfo
[08set.2026 23:14:49.290] [pool-19-thread-1/DEBUG] [mixin/]: fabric-entity-events-v1.mixins.json:ServerPlayerEntityMixin from mod fabric_entity_events_v1->@Inject::afterWorldChanged(Lnet/minecraft/server/level/ServerLevel;Lorg/spongepowered/asm/mixin/injection/callback/CallbackInfo;)V has 0 override(s) in child classes
[08set.2026 23:14:49.290] [pool-19-thread-1/DEBUG] [mixin/]: fabric-entity-events-v1.mixins.json:ServerPlayerEntityMixin from mod fabric_entity_events_v1->@Inject::afterWorldChanged(Lnet/minecraft/server/level/ServerLevel;Lorg/spongepowered/asm/mixin/injection/callback/CallbackInfo;)V won't be passed a CallbackInfo as a result
[08set.2026 23:14:49.290] [pool-19-thread-1/DEBUG] [mixin/]: fabric-entity-events-v1.mixins.json:ServerPlayerEntityMixin from mod fabric_entity_events_v1->@Inject::onCopyFrom(Lnet/minecraft/server/level/ServerPlayer;ZLorg/spongepowered/asm/mixin/injection/callback/CallbackInfo;)V doesn't use it's CallbackInfo
[08set.2026 23:14:49.290] [pool-19-thread-1/DEBUG] [mixin/]: fabric-entity-events-v1.mixins.json:ServerPlayerEntityMixin from mod fabric_entity_events_v1->@Inject::onCopyFrom(Lnet/minecraft/server/level/ServerPlayer;ZLorg/spongepowered/asm/mixin/injection/callback/CallbackInfo;)V has 0 override(s) in child classes
[08set.2026 23:14:49.290] [pool-19-thread-1/DEBUG] [mixin/]: fabric-entity-events-v1.mixins.json:ServerPlayerEntityMixin from mod fabric_entity_events_v1->@Inject::onCopyFrom(Lnet/minecraft/server/level/ServerPlayer;ZLorg/spongepowered/asm/mixin/injection/callback/CallbackInfo;)V won't be passed a CallbackInfo as a result
[08set.2026 23:14:49.290] [pool-19-thread-1/DEBUG] [mixin/]: fabric-entity-events-v1.mixins.json:ServerPlayerEntityMixin from mod fabric_entity_events_v1->@Inject::onTrySleepDirectionCheck(Lnet/minecraft/core/BlockPos;Lorg/spongepowered/asm/mixin/injection/callback/CallbackInfoReturnable;Lnet/minecraft/core/Direction;)V does use it's CallbackInfoReturnable
[08set.2026 23:14:49.290] [pool-19-thread-1/DEBUG] [mixin/]: elementals.mixins.json:ServerPlayerEntityMixin from mod elementals->@Inject::onDeath(Lnet/minecraft/world/damagesource/DamageSource;Lorg/spongepowered/asm/mixin/injection/callback/CallbackInfo;)V doesn't use it's CallbackInfo
[08set.2026 23:14:49.290] [pool-19-thread-1/DEBUG] [mixin/]: elementals.mixins.json:ServerPlayerEntityMixin from mod elementals->@Inject::onDeath(Lnet/minecraft/world/damagesource/DamageSource;Lorg/spongepowered/asm/mixin/injection/callback/CallbackInfo;)V has 0 override(s) in child classes
[08set.2026 23:14:49.290] [pool-19-thread-1/DEBUG] [mixin/]: elementals.mixins.json:ServerPlayerEntityMixin from mod elementals->@Inject::onDeath(Lnet/minecraft/world/damagesource/DamageSource;Lorg/spongepowered/asm/mixin/injection/callback/CallbackInfo;)V won't be passed a CallbackInfo as a result
[08set.2026 23:14:49.290] [pool-19-thread-1/DEBUG] [mixin/]: elementals.mixins.json:ServerPlayerEntityMixin from mod elementals->@Inject::onDamage(Lnet/minecraft/world/damagesource/DamageSource;FLorg/spongepowered/asm/mixin/injection/callback/CallbackInfoReturnable;)V does use it's CallbackInfoReturnable
[08set.2026 23:14:49.290] [pool-19-thread-1/DEBUG] [mixin/]: elementals.mixins.json:ServerPlayerEntityMixin from mod elementals->@Inject::init(Lnet/minecraft/world/MenuProvider;Lorg/spongepowered/asm/mixin/injection/callback/CallbackInfoReturnable;)V does use it's CallbackInfoReturnable
[08set.2026 23:14:49.958] [pool-19-thread-1/DEBUG] [mixin/]: Mixing ItemMixin from fabric-transfer-api-v1.mixins.json into net.minecraft.world.item.Item
[08set.2026 23:14:49.959] [pool-19-thread-1/DEBUG] [mixin/]: fabric-transfer-api-v1.mixins.json:ItemMixin from mod fabric_transfer_api_v1: Class version 65 required is higher than the class version supported by the current version of Mixin (JAVA_17 supports class version 61)
[08set.2026 23:14:49.960] [pool-19-thread-1/DEBUG] [mixin/]: Mixing ItemAccessor from fabric-item-api-v1.mixins.json into net.minecraft.world.item.Item
[08set.2026 23:14:49.960] [pool-19-thread-1/DEBUG] [mixin/]: fabric-item-api-v1.mixins.json:ItemAccessor from mod fabric_item_api_v1: Class version 65 required is higher than the class version supported by the current version of Mixin (JAVA_17 supports class version 61)
[08set.2026 23:14:49.960] [pool-19-thread-1/DEBUG] [mixin/]: Mixing ItemMixin from fabric-item-api-v1.mixins.json into net.minecraft.world.item.Item
[08set.2026 23:14:49.960] [pool-19-thread-1/DEBUG] [mixin/]: fabric-item-api-v1.mixins.json:ItemMixin from mod fabric_item_api_v1: Class version 65 required is higher than the class version supported by the current version of Mixin (JAVA_17 supports class version 61)
[08set.2026 23:14:49.963] [pool-19-thread-1/DEBUG] [mixin/]: fabric-item-api-v1.mixins.json:ItemMixin from mod fabric_item_api_v1->@Inject::onConstruct(Lnet/minecraft/world/item/Item$Properties;Lorg/spongepowered/asm/mixin/injection/callback/CallbackInfo;)V doesn't use it's CallbackInfo
[08set.2026 23:14:49.963] [pool-19-thread-1/DEBUG] [mixin/]: fabric-item-api-v1.mixins.json:ItemMixin from mod fabric_item_api_v1->@Inject::onConstruct(Lnet/minecraft/world/item/Item$Properties;Lorg/spongepowered/asm/mixin/injection/callback/CallbackInfo;)V has 0 override(s) in child classes
[08set.2026 23:14:49.963] [pool-19-thread-1/DEBUG] [mixin/]: fabric-item-api-v1.mixins.json:ItemMixin from mod fabric_item_api_v1->@Inject::onConstruct(Lnet/minecraft/world/item/Item$Properties;Lorg/spongepowered/asm/mixin/injection/callback/CallbackInfo;)V won't be passed a CallbackInfo as a result
[08set.2026 23:14:49.965] [pool-19-thread-1/DEBUG] [mixin/]: Mixing IItemExtensionMixin from fabric-item-api-v1.mixins.json into net.neoforged.neoforge.common.extensions.IItemExtension
[08set.2026 23:14:49.965] [pool-19-thread-1/DEBUG] [mixin/]: fabric-item-api-v1.mixins.json:IItemExtensionMixin from mod fabric_item_api_v1: Class version 65 required is higher than the class version supported by the current version of Mixin (JAVA_17 supports class version 61)
[08set.2026 23:14:49.965] [pool-19-thread-1/DEBUG] [mixin/]: Renaming synthetic method lambda$hasCraftingRemainingItem$1(Lnet/minecraft/world/item/ItemStack;)Lnet/minecraft/world/item/ItemStack; to md61b50d$fabric_item_api_v1$lambda$hasCraftingRemainingItem$1$0 in fabric-item-api-v1.mixins.json:IItemExtensionMixin from mod fabric_item_api_v1
[08set.2026 23:14:49.965] [pool-19-thread-1/DEBUG] [mixin/]: Renaming synthetic method lambda$getCraftingRemainingItem$0(Lnet/minecraft/world/item/ItemStack;)Lnet/minecraft/world/item/ItemStack; to md61b50d$fabric_item_api_v1$lambda$getCraftingRemainingItem$0$1 in fabric-item-api-v1.mixins.json:IItemExtensionMixin from mod fabric_item_api_v1
[08set.2026 23:14:49.967] [pool-19-thread-1/DEBUG] [mixin/]: Mixing IItemExtensionClientMixin from fabric-item-api-v1.client.mixins.json into net.neoforged.neoforge.common.extensions.IItemExtension
[08set.2026 23:14:49.967] [pool-19-thread-1/DEBUG] [mixin/]: fabric-item-api-v1.client.mixins.json:IItemExtensionClientMixin from mod fabric_item_api_v1: Class version 65 required is higher than the class version supported by the current version of Mixin (JAVA_17 supports class version 61)
[08set.2026 23:14:49.967] [pool-19-thread-1/DEBUG] [mixin/]: Renaming synthetic method lambda$shouldCauseReequipAnimation$0(Lnet/minecraft/world/entity/player/Player;Lnet/minecraft/world/InteractionHand;Lnet/minecraft/world/item/ItemStack;Lnet/minecraft/world/item/ItemStack;)Ljava/lang/Boolean; to md61b50d$fabric_item_api_v1$lambda$shouldCauseReequipAnimation$0$2 in fabric-item-api-v1.client.mixins.json:IItemExtensionClientMixin from mod fabric_item_api_v1
[08set.2026 23:14:49.971] [pool-19-thread-1/DEBUG] [mixin/]: fabric-item-api-v1.mixins.json:IItemExtensionMixin from mod fabric_item_api_v1->@Inject::getCraftingRemainingItem(Lnet/minecraft/world/item/ItemStack;Lorg/spongepowered/asm/mixin/injection/callback/CallbackInfoReturnable;)V does use it's CallbackInfoReturnable
[08set.2026 23:14:49.972] [pool-19-thread-1/DEBUG] [mixin/]: fabric-item-api-v1.mixins.json:IItemExtensionMixin from mod fabric_item_api_v1->@Inject::hasCraftingRemainingItem(Lnet/minecraft/world/item/ItemStack;Lorg/spongepowered/asm/mixin/injection/callback/CallbackInfoReturnable;)V does use it's CallbackInfoReturnable
[08set.2026 23:14:49.972] [pool-19-thread-1/DEBUG] [mixin/]: fabric-item-api-v1.mixins.json:IItemExtensionMixin from mod fabric_item_api_v1->@Inject::getEquipmentSlot(Lnet/minecraft/world/item/ItemStack;Lorg/spongepowered/asm/mixin/injection/callback/CallbackInfoReturnable;)V does use it's CallbackInfoReturnable
[08set.2026 23:14:49.972] [pool-19-thread-1/DEBUG] [mixin/]: fabric-item-api-v1.client.mixins.json:IItemExtensionClientMixin from mod fabric_item_api_v1->@Inject::shouldCauseBlockBreakReset(Lnet/minecraft/world/item/ItemStack;Lnet/minecraft/world/item/ItemStack;Lorg/spongepowered/asm/mixin/injection/callback/CallbackInfoReturnable;)V does use it's CallbackInfoReturnable
[08set.2026 23:14:49.972] [pool-19-thread-1/DEBUG] [mixin/]: fabric-item-api-v1.client.mixins.json:IItemExtensionClientMixin from mod fabric_item_api_v1->@Inject::shouldCauseBlockBreakReset(Lnet/minecraft/world/item/ItemStack;Lnet/minecraft/world/item/ItemStack;Lorg/spongepowered/asm/mixin/injection/callback/CallbackInfoReturnable;)V does use it's CallbackInfoReturnable
[08set.2026 23:14:49.975] [pool-19-thread-1/DEBUG] [mixin/]: Mixing common.BlockItemMixin from lodestone.mixins.json into net.minecraft.world.item.BlockItem
[08set.2026 23:14:49.976] [pool-19-thread-1/DEBUG] [mixin/]: lodestone.mixins.json:common.BlockItemMixin from mod lodestone: Class version 65 required is higher than the class version supported by the current version of Mixin (JAVA_17 supports class version 61)
[08set.2026 23:14:49.978] [pool-19-thread-1/DEBUG] [mixin/]: lodestone.mixins.json:common.BlockItemMixin from mod lodestone->@Inject::lodestone$CallExtendedStepSound(Lnet/minecraft/world/item/context/BlockPlaceContext;Lorg/spongepowered/asm/mixin/injection/callback/CallbackInfoReturnable;)V doesn't use it's CallbackInfoReturnable
[08set.2026 23:14:49.978] [pool-19-thread-1/DEBUG] [mixin/]: lodestone.mixins.json:common.BlockItemMixin from mod lodestone->@Inject::lodestone$CallExtendedStepSound(Lnet/minecraft/world/item/context/BlockPlaceContext;Lorg/spongepowered/asm/mixin/injection/callback/CallbackInfoReturnable;)V has 0 override(s) in child classes
[08set.2026 23:14:49.979] [pool-19-thread-1/DEBUG] [mixin/]: lodestone.mixins.json:common.BlockItemMixin from mod lodestone->@Inject::lodestone$CallExtendedStepSound(Lnet/minecraft/world/item/context/BlockPlaceContext;Lorg/spongepowered/asm/mixin/injection/callback/CallbackInfoReturnable;)V won't be passed a CallbackInfoReturnable as a result
[08set.2026 23:14:49.988] [pool-19-thread-1/DEBUG] [mixin/]: Mixing ShovelItemAccessor from fabric-content-registries-v0.mixins.json into net.minecraft.world.item.ShovelItem
[08set.2026 23:14:49.988] [pool-19-thread-1/DEBUG] [mixin/]: fabric-content-registries-v0.mixins.json:ShovelItemAccessor from mod fabric_content_registries_v0: Class version 65 required is higher than the class version supported by the current version of Mixin (JAVA_17 supports class version 61)
[08set.2026 23:14:49.989] [pool-19-thread-1/DEBUG] [mixin/]: Renaming @Accessor method getPathStates()Ljava/util/Map; to getPathStates$fabric_content_registries_v0_$md$61b50d$0 in fabric-content-registries-v0.mixins.json:ShovelItemAccessor from mod fabric_content_registries_v0
[08set.2026 23:14:49.991] [pool-19-thread-1/DEBUG] [mixin/]: Mixing AxeItemAccessor from fabric-content-registries-v0.mixins.json into net.minecraft.world.item.AxeItem
[08set.2026 23:14:49.991] [pool-19-thread-1/DEBUG] [mixin/]: fabric-content-registries-v0.mixins.json:AxeItemAccessor from mod fabric_content_registries_v0: Class version 65 required is higher than the class version supported by the current version of Mixin (JAVA_17 supports class version 61)
[08set.2026 23:14:49.991] [pool-19-thread-1/DEBUG] [mixin/]: Renaming @Accessor method getStrippedBlocks()Ljava/util/Map; to getStrippedBlocks$fabric_content_registries_v0_$md$61b50d$0 in fabric-content-registries-v0.mixins.json:AxeItemAccessor from mod fabric_content_registries_v0
[08set.2026 23:14:49.991] [pool-19-thread-1/DEBUG] [mixin/]: Renaming @Accessor method setStrippedBlocks(Ljava/util/Map;)V to setStrippedBlocks$fabric_content_registries_v0_$md$61b50d$1 in fabric-content-registries-v0.mixins.json:AxeItemAccessor from mod fabric_content_registries_v0
[08set.2026 23:14:49.992] [pool-19-thread-1/DEBUG] [mixin/]: Mixing HoeItemAccessor from fabric-content-registries-v0.mixins.json into net.minecraft.world.item.HoeItem
[08set.2026 23:14:49.992] [pool-19-thread-1/DEBUG] [mixin/]: fabric-content-registries-v0.mixins.json:HoeItemAccessor from mod fabric_content_registries_v0: Class version 65 required is higher than the class version supported by the current version of Mixin (JAVA_17 supports class version 61)
[08set.2026 23:14:49.993] [pool-19-thread-1/DEBUG] [mixin/]: Renaming @Accessor method getTillingActions()Ljava/util/Map; to getTillingActions$fabric_content_registries_v0_$md$61b50d$0 in fabric-content-registries-v0.mixins.json:HoeItemAccessor from mod fabric_content_registries_v0
[08set.2026 23:14:49.995] [pool-19-thread-1/DEBUG] [mixin/]: Mixing BucketItemMixin from fabric-transfer-api-v1.mixins.json into net.minecraft.world.item.BucketItem
[08set.2026 23:14:49.995] [pool-19-thread-1/DEBUG] [mixin/]: fabric-transfer-api-v1.mixins.json:BucketItemMixin from mod fabric_transfer_api_v1: Class version 65 required is higher than the class version supported by the current version of Mixin (JAVA_17 supports class version 61)
[08set.2026 23:14:50.018] [pool-19-thread-1/DEBUG] [mixin/]: Mixing HoneycombItemMixin from fabric-content-registries-v0.mixins.json into net.minecraft.world.item.HoneycombItem
[08set.2026 23:14:50.019] [pool-19-thread-1/DEBUG] [mixin/]: fabric-content-registries-v0.mixins.json:HoneycombItemMixin from mod fabric_content_registries_v0: Class version 65 required is higher than the class version supported by the current version of Mixin (JAVA_17 supports class version 61)
[08set.2026 23:14:50.020] [pool-19-thread-1/DEBUG] [mixin/]: fabric-content-registries-v0.mixins.json:HoneycombItemMixin from mod fabric_content_registries_v0->@Inject::createUnwaxedToWaxedMap(Lorg/spongepowered/asm/mixin/injection/callback/CallbackInfoReturnable;)V does use it's CallbackInfoReturnable
[08set.2026 23:14:50.056] [pool-19-thread-1/DEBUG] [mixin/]: Mixing client.ClientPlayerEntityMixin from elementals.mixins.json into net.minecraft.client.player.LocalPlayer
[08set.2026 23:14:50.056] [pool-19-thread-1/DEBUG] [mixin/]: elementals.mixins.json:client.ClientPlayerEntityMixin from mod elementals: Class version 65 required is higher than the class version supported by the current version of Mixin (JAVA_18 supports class version 62)
[08set.2026 23:14:50.058] [pool-19-thread-1/DEBUG] [mixin/]: elementals.mixins.json:client.ClientPlayerEntityMixin from mod elementals->@Inject::render(Lorg/spongepowered/asm/mixin/injection/callback/CallbackInfo;)V doesn't use it's CallbackInfo
[08set.2026 23:14:50.058] [pool-19-thread-1/DEBUG] [mixin/]: elementals.mixins.json:client.ClientPlayerEntityMixin from mod elementals->@Inject::render(Lorg/spongepowered/asm/mixin/injection/callback/CallbackInfo;)V has 0 override(s) in child classes
[08set.2026 23:14:50.058] [pool-19-thread-1/DEBUG] [mixin/]: elementals.mixins.json:client.ClientPlayerEntityMixin from mod elementals->@Inject::render(Lorg/spongepowered/asm/mixin/injection/callback/CallbackInfo;)V won't be passed a CallbackInfo as a result
[08set.2026 23:14:50.058] [pool-19-thread-1/DEBUG] [mixin/]: elementals.mixins.json:client.ClientPlayerEntityMixin from mod elementals->@Inject::onDamage(Lnet/minecraft/world/damagesource/DamageSource;FLorg/spongepowered/asm/mixin/injection/callback/CallbackInfoReturnable;)V does use it's CallbackInfoReturnable
[08set.2026 23:14:50.058] [pool-19-thread-1/DEBUG] [mixin/]: elementals.mixins.json:client.ClientPlayerEntityMixin from mod elementals->@Inject::canStartSprinting(Lorg/spongepowered/asm/mixin/injection/callback/CallbackInfoReturnable;)V does use it's CallbackInfoReturnable
[08set.2026 23:14:50.065] [pool-19-thread-1/DEBUG] [mixin/]: Mixing ItemSettingsMixin from fabric-item-api-v1.mixins.json into net.minecraft.world.item.Item$Properties
[08set.2026 23:14:50.065] [pool-19-thread-1/DEBUG] [mixin/]: fabric-item-api-v1.mixins.json:ItemSettingsMixin from mod fabric_item_api_v1: Class version 65 required is higher than the class version supported by the current version of Mixin (JAVA_17 supports class version 61)
[08set.2026 23:14:50.091] [pool-19-thread-1/DEBUG] [mixin/]: Mixing RegistryManagerAccessor from fabric-registry-sync-v0.mixins.json into net.neoforged.neoforge.registries.RegistryManager
[08set.2026 23:14:50.091] [pool-19-thread-1/DEBUG] [mixin/]: fabric-registry-sync-v0.mixins.json:RegistryManagerAccessor from mod fabric_registry_sync_v0: Class version 65 required is higher than the class version supported by the current version of Mixin (JAVA_17 supports class version 61)
[08set.2026 23:14:50.091] [pool-19-thread-1/DEBUG] [mixin/]: Renaming @Invoker method invokeTrackModdedRegistry(Lnet/minecraft/resources/ResourceLocation;)V to invokeTrackModdedRegistry$fabric_registry_sync_v0_$md$61b50d$0 in fabric-registry-sync-v0.mixins.json:RegistryManagerAccessor from mod fabric_registry_sync_v0
[08set.2026 23:14:50.105] [pool-19-thread-1/DEBUG] [io.netty.util.internal.PlatformDependent0/]: -Dio.netty.noUnsafe: false
[08set.2026 23:14:50.105] [pool-19-thread-1/DEBUG] [io.netty.util.internal.PlatformDependent0/]: Java version: 21
[08set.2026 23:14:50.106] [pool-19-thread-1/DEBUG] [io.netty.util.internal.PlatformDependent0/]: sun.misc.Unsafe.theUnsafe: available
[08set.2026 23:14:50.106] [pool-19-thread-1/DEBUG] [io.netty.util.internal.PlatformDependent0/]: sun.misc.Unsafe.copyMemory: available
[08set.2026 23:14:50.106] [pool-19-thread-1/DEBUG] [io.netty.util.internal.PlatformDependent0/]: sun.misc.Unsafe.storeFence: available
[08set.2026 23:14:50.107] [pool-19-thread-1/DEBUG] [io.netty.util.internal.PlatformDependent0/]: java.nio.Buffer.address: available
[08set.2026 23:14:50.107] [pool-19-thread-1/DEBUG] [io.netty.util.internal.PlatformDependent0/]: direct buffer constructor: unavailable: Reflective setAccessible(true) disabled
[08set.2026 23:14:50.108] [pool-19-thread-1/DEBUG] [io.netty.util.internal.PlatformDependent0/]: java.nio.Bits.unaligned: available, true
[08set.2026 23:14:50.109] [pool-19-thread-1/DEBUG] [io.netty.util.internal.PlatformDependent0/]: jdk.internal.misc.Unsafe.allocateUninitializedArray(int): unavailable: class io.netty.util.internal.PlatformDependent0$7 (in module io.netty.common) cannot access class jdk.internal.misc.Unsafe (in module java.base) because module java.base does not export jdk.internal.misc to module io.netty.common
[08set.2026 23:14:50.109] [pool-19-thread-1/DEBUG] [io.netty.util.internal.PlatformDependent0/]: java.nio.DirectByteBuffer.<init>(long, {int,long}): unavailable
[08set.2026 23:14:50.109] [pool-19-thread-1/DEBUG] [io.netty.util.internal.PlatformDependent/]: sun.misc.Unsafe: available
[08set.2026 23:14:50.110] [pool-19-thread-1/DEBUG] [io.netty.util.internal.PlatformDependent/]: maxDirectMemory: 4133486592 bytes (maybe)
[08set.2026 23:14:50.110] [pool-19-thread-1/DEBUG] [io.netty.util.internal.PlatformDependent/]: -Dio.netty.tmpdir: C:\Users\Vinicius\AppData\Local\Temp (java.io.tmpdir)
[08set.2026 23:14:50.110] [pool-19-thread-1/DEBUG] [io.netty.util.internal.PlatformDependent/]: -Dio.netty.bitMode: 64 (sun.arch.data.model)
[08set.2026 23:14:50.110] [pool-19-thread-1/DEBUG] [io.netty.util.internal.PlatformDependent/]: Platform: Windows
[08set.2026 23:14:50.111] [pool-19-thread-1/DEBUG] [io.netty.util.internal.PlatformDependent/]: -Dio.netty.maxDirectMemory: -1 bytes
[08set.2026 23:14:50.111] [pool-19-thread-1/DEBUG] [io.netty.util.internal.PlatformDependent/]: -Dio.netty.uninitializedArrayAllocationThreshold: -1
[08set.2026 23:14:50.112] [pool-19-thread-1/DEBUG] [io.netty.util.internal.CleanerJava9/]: java.nio.ByteBuffer.cleaner(): available
[08set.2026 23:14:50.112] [pool-19-thread-1/DEBUG] [io.netty.util.internal.PlatformDependent/]: -Dio.netty.noPreferDirect: false
[08set.2026 23:14:50.198] [pool-19-thread-1/DEBUG] [mixin/]: Mixing BundleContentsComponentAccessor from fabric-transfer-api-v1.mixins.json into net.minecraft.world.item.component.BundleContents
[08set.2026 23:14:50.199] [pool-19-thread-1/DEBUG] [mixin/]: fabric-transfer-api-v1.mixins.json:BundleContentsComponentAccessor from mod fabric_transfer_api_v1: Class version 65 required is higher than the class version supported by the current version of Mixin (JAVA_17 supports class version 61)
[08set.2026 23:14:50.199] [pool-19-thread-1/DEBUG] [mixin/]: Renaming @Invoker method getOccupancy(Lnet/minecraft/world/item/ItemStack;)Lorg/apache/commons/lang3/math/Fraction; to getOccupancy$fabric_transfer_api_v1_$md$61b50d$0 in fabric-transfer-api-v1.mixins.json:BundleContentsComponentAccessor from mod fabric_transfer_api_v1
[08set.2026 23:14:50.252] [pool-19-thread-1/DEBUG] [mixin/]: Mixing WorldChunkMixin from fabric-lifecycle-events-v1.client.mixins.json into net.minecraft.world.level.chunk.LevelChunk
[08set.2026 23:14:50.253] [pool-19-thread-1/DEBUG] [mixin/]: fabric-lifecycle-events-v1.client.mixins.json:WorldChunkMixin from mod fabric_lifecycle_events_v1: Class version 65 required is higher than the class version supported by the current version of Mixin (JAVA_17 supports class version 61)
[08set.2026 23:14:50.261] [pool-19-thread-1/DEBUG] [mixin/]: fabric-lifecycle-events-v1.client.mixins.json:WorldChunkMixin from mod fabric_lifecycle_events_v1->@Inject::onLoadBlockEntity(Lnet/minecraft/world/level/block/entity/BlockEntity;Lorg/spongepowered/asm/mixin/injection/callback/CallbackInfo;)V doesn't use it's CallbackInfo
[08set.2026 23:14:50.261] [pool-19-thread-1/DEBUG] [mixin/]: fabric-lifecycle-events-v1.client.mixins.json:WorldChunkMixin from mod fabric_lifecycle_events_v1->@Inject::onLoadBlockEntity(Lnet/minecraft/world/level/block/entity/BlockEntity;Lorg/spongepowered/asm/mixin/injection/callback/CallbackInfo;)V has 0 override(s) in child classes
[08set.2026 23:14:50.261] [pool-19-thread-1/DEBUG] [mixin/]: fabric-lifecycle-events-v1.client.mixins.json:WorldChunkMixin from mod fabric_lifecycle_events_v1->@Inject::onLoadBlockEntity(Lnet/minecraft/world/level/block/entity/BlockEntity;Lorg/spongepowered/asm/mixin/injection/callback/CallbackInfo;)V won't be passed a CallbackInfo as a result
[08set.2026 23:14:50.261] [pool-19-thread-1/DEBUG] [mixin/]: fabric-lifecycle-events-v1.client.mixins.json:WorldChunkMixin from mod fabric_lifecycle_events_v1->@Inject::onRemoveBlockEntity(Lnet/minecraft/world/level/block/entity/BlockEntity;Lorg/spongepowered/asm/mixin/injection/callback/CallbackInfo;)V doesn't use it's CallbackInfo
[08set.2026 23:14:50.261] [pool-19-thread-1/DEBUG] [mixin/]: fabric-lifecycle-events-v1.client.mixins.json:WorldChunkMixin from mod fabric_lifecycle_events_v1->@Inject::onRemoveBlockEntity(Lnet/minecraft/world/level/block/entity/BlockEntity;Lorg/spongepowered/asm/mixin/injection/callback/CallbackInfo;)V has 0 override(s) in child classes
[08set.2026 23:14:50.262] [pool-19-thread-1/DEBUG] [mixin/]: fabric-lifecycle-events-v1.client.mixins.json:WorldChunkMixin from mod fabric_lifecycle_events_v1->@Inject::onRemoveBlockEntity(Lnet/minecraft/world/level/block/entity/BlockEntity;Lorg/spongepowered/asm/mixin/injection/callback/CallbackInfo;)V won't be passed a CallbackInfo as a result
[08set.2026 23:14:50.262] [pool-19-thread-1/DEBUG] [mixin/]: fabric-lifecycle-events-v1.client.mixins.json:WorldChunkMixin from mod fabric_lifecycle_events_v1->@Inject::onRemoveBlockEntity(Lnet/minecraft/core/BlockPos;Lorg/spongepowered/asm/mixin/injection/callback/CallbackInfo;Lnet/minecraft/world/level/block/entity/BlockEntity;)V doesn't use it's CallbackInfo
[08set.2026 23:14:50.262] [pool-19-thread-1/DEBUG] [mixin/]: fabric-lifecycle-events-v1.client.mixins.json:WorldChunkMixin from mod fabric_lifecycle_events_v1->@Inject::onRemoveBlockEntity(Lnet/minecraft/core/BlockPos;Lorg/spongepowered/asm/mixin/injection/callback/CallbackInfo;Lnet/minecraft/world/level/block/entity/BlockEntity;)V has 0 override(s) in child classes
[08set.2026 23:14:50.262] [pool-19-thread-1/DEBUG] [mixin/]: fabric-lifecycle-events-v1.client.mixins.json:WorldChunkMixin from mod fabric_lifecycle_events_v1->@Inject::onRemoveBlockEntity(Lnet/minecraft/core/BlockPos;Lorg/spongepowered/asm/mixin/injection/callback/CallbackInfo;Lnet/minecraft/world/level/block/entity/BlockEntity;)V won't be passed a CallbackInfo as a result
[08set.2026 23:14:50.285] [pool-19-thread-1/DEBUG] [mixin/]: Mixing ContainerComponentAccessor from fabric-transfer-api-v1.mixins.json into net.minecraft.world.item.component.ItemContainerContents
[08set.2026 23:14:50.286] [pool-19-thread-1/DEBUG] [mixin/]: fabric-transfer-api-v1.mixins.json:ContainerComponentAccessor from mod fabric_transfer_api_v1: Class version 65 required is higher than the class version supported by the current version of Mixin (JAVA_17 supports class version 61)
[08set.2026 23:14:50.422] [pool-19-thread-1/DEBUG] [mixin/]: Mixing EntityTypeBuilderMixin from fabric-object-builder-v1.mixins.json into net.minecraft.world.entity.EntityType$Builder
[08set.2026 23:14:50.423] [pool-19-thread-1/DEBUG] [mixin/]: fabric-object-builder-v1.mixins.json:EntityTypeBuilderMixin from mod fabric_object_builder_api_v1: Class version 65 required is higher than the class version supported by the current version of Mixin (JAVA_17 supports class version 61)
[08set.2026 23:14:50.428] [pool-19-thread-1/DEBUG] [mixin/]: fabric-object-builder-v1.mixins.json:EntityTypeBuilderMixin from mod fabric_object_builder_api_v1->@Inject::applyChildBuilders(Ljava/lang/String;Lorg/spongepowered/asm/mixin/injection/callback/CallbackInfoReturnable;)V does use it's CallbackInfoReturnable
[08set.2026 23:14:50.480] [pool-19-thread-1/DEBUG] [mixin/]: Mixing NearestAttackableTargetGoalMixin from elementals.mixins.json into net.minecraft.world.entity.ai.goal.target.NearestAttackableTargetGoal
[08set.2026 23:14:50.483] [pool-19-thread-1/DEBUG] [mixin/]: elementals.mixins.json:NearestAttackableTargetGoalMixin from mod elementals: Class version 65 required is higher than the class version supported by the current version of Mixin (JAVA_18 supports class version 62)
[08set.2026 23:14:50.484] [pool-19-thread-1/DEBUG] [mixin/]: Renaming synthetic method lambda$findClosestTargetIncludeDecoys$0(Ldev/saperate/elementals/entities/common/DecoyPlayerEntity;)Z to md61b50d$elementals$lambda$findClosestTargetIncludeDecoys$0$0 in elementals.mixins.json:NearestAttackableTargetGoalMixin from mod elementals
[08set.2026 23:14:50.493] [pool-19-thread-1/DEBUG] [mixin/]: elementals.mixins.json:NearestAttackableTargetGoalMixin from mod elementals->@Inject::init(Lnet/minecraft/world/entity/Mob;Ljava/lang/Class;ZLjava/util/function/Predicate;Lorg/spongepowered/asm/mixin/injection/callback/CallbackInfo;)V doesn't use it's CallbackInfo
[08set.2026 23:14:50.494] [pool-19-thread-1/DEBUG] [mixin/]: elementals.mixins.json:NearestAttackableTargetGoalMixin from mod elementals->@Inject::init(Lnet/minecraft/world/entity/Mob;Ljava/lang/Class;ZLjava/util/function/Predicate;Lorg/spongepowered/asm/mixin/injection/callback/CallbackInfo;)V has 0 override(s) in child classes
[08set.2026 23:14:50.494] [pool-19-thread-1/DEBUG] [mixin/]: elementals.mixins.json:NearestAttackableTargetGoalMixin from mod elementals->@Inject::init(Lnet/minecraft/world/entity/Mob;Ljava/lang/Class;ZLjava/util/function/Predicate;Lorg/spongepowered/asm/mixin/injection/callback/CallbackInfo;)V won't be passed a CallbackInfo as a result
[08set.2026 23:14:50.494] [pool-19-thread-1/DEBUG] [mixin/]: elementals.mixins.json:NearestAttackableTargetGoalMixin from mod elementals->@Inject::findClosestTargetIncludeDecoys(Lorg/spongepowered/asm/mixin/injection/callback/CallbackInfo;)V does use it's CallbackInfo
[08set.2026 23:14:50.725] [pool-19-thread-1/DEBUG] [mixin/]: Mixing VillagerEntityAccessor from fabric-content-registries-v0.mixins.json into net.minecraft.world.entity.npc.Villager
[08set.2026 23:14:50.725] [pool-19-thread-1/DEBUG] [mixin/]: fabric-content-registries-v0.mixins.json:VillagerEntityAccessor from mod fabric_content_registries_v0: Class version 65 required is higher than the class version supported by the current version of Mixin (JAVA_17 supports class version 61)
[08set.2026 23:14:50.726] [pool-19-thread-1/DEBUG] [mixin/]: Renaming @Accessor method fabric_setItemFoodValues(Ljava/util/Map;)V to fabric_setItemFoodValues$fabric_content_registries_v0_$md$61b50d$0 in fabric-content-registries-v0.mixins.json:VillagerEntityAccessor from mod fabric_content_registries_v0
[08set.2026 23:14:50.726] [pool-19-thread-1/DEBUG] [mixin/]: Renaming @Accessor method fabric_setGatherableItems(Ljava/util/Set;)V to fabric_setGatherableItems$fabric_content_registries_v0_$md$61b50d$1 in fabric-content-registries-v0.mixins.json:VillagerEntityAccessor from mod fabric_content_registries_v0
[08set.2026 23:14:50.726] [pool-19-thread-1/DEBUG] [mixin/]: Renaming @Accessor method fabric_getGatherableItems()Ljava/util/Set; to fabric_getGatherableItems$fabric_content_registries_v0_$md$61b50d$2 in fabric-content-registries-v0.mixins.json:VillagerEntityAccessor from mod fabric_content_registries_v0
[08set.2026 23:14:50.790] [pool-19-thread-1/DEBUG] [mixin/]: Mixing ingredient.IngredientMixin from fabric-recipe-api-v1.mixins.json into net.minecraft.world.item.crafting.Ingredient
[08set.2026 23:14:50.791] [pool-19-thread-1/DEBUG] [mixin/]: fabric-recipe-api-v1.mixins.json:ingredient.IngredientMixin from mod fabric_recipe_api_v1: Class version 65 required is higher than the class version supported by the current version of Mixin (JAVA_17 supports class version 61)
[08set.2026 23:14:51.171] [pool-19-thread-1/DEBUG] [mixin/]: Mixing EntitySelectorReaderMixin from fabric-command-api-v2.mixins.json into net.minecraft.commands.arguments.selector.EntitySelectorParser
[08set.2026 23:14:51.172] [pool-19-thread-1/DEBUG] [mixin/]: fabric-command-api-v2.mixins.json:EntitySelectorReaderMixin from mod fabric_command_api_v2: Class version 65 required is higher than the class version supported by the current version of Mixin (JAVA_17 supports class version 61)
[08set.2026 23:14:51.196] [pool-19-thread-1/DEBUG] [mixin/]: Mixing BlockEntityTypeBuilderMixin from fabric-object-builder-v1.mixins.json into net.minecraft.world.level.block.entity.BlockEntityType$Builder
[08set.2026 23:14:51.196] [pool-19-thread-1/DEBUG] [mixin/]: fabric-object-builder-v1.mixins.json:BlockEntityTypeBuilderMixin from mod fabric_object_builder_api_v1: Class version 65 required is higher than the class version supported by the current version of Mixin (JAVA_17 supports class version 61)
[08set.2026 23:14:51.254] [pool-19-thread-1/DEBUG] [mixin/]: Mixing ingredient.CraftingHelperMixin from fabric-recipe-api-v1.mixins.json into net.neoforged.neoforge.common.crafting.CraftingHelper
[08set.2026 23:14:51.254] [pool-19-thread-1/DEBUG] [mixin/]: fabric-recipe-api-v1.mixins.json:ingredient.CraftingHelperMixin from mod fabric_recipe_api_v1: Class version 65 required is higher than the class version supported by the current version of Mixin (JAVA_17 supports class version 61)
[08set.2026 23:14:51.384] [pool-19-thread-1/DEBUG] [mixin/]: Mixing EnchantRandomlyLootFunctionMixin from fabric-item-api-v1.mixins.json into net.minecraft.world.level.storage.loot.functions.EnchantRandomlyFunction
[08set.2026 23:14:51.385] [pool-19-thread-1/DEBUG] [mixin/]: fabric-item-api-v1.mixins.json:EnchantRandomlyLootFunctionMixin from mod fabric_item_api_v1: Class version 65 required is higher than the class version supported by the current version of Mixin (JAVA_17 supports class version 61)
[08set.2026 23:14:51.479] [pool-19-thread-1/DEBUG] [mixin/]: Mixing LootTableAccessor from fabric-loot-api-v3.mixins.json into net.minecraft.world.level.storage.loot.LootTable
[08set.2026 23:14:51.479] [pool-19-thread-1/DEBUG] [mixin/]: fabric-loot-api-v3.mixins.json:LootTableAccessor from mod fabric_loot_api_v3: Class version 65 required is higher than the class version supported by the current version of Mixin (JAVA_17 supports class version 61)
[08set.2026 23:14:51.483] [pool-19-thread-1/DEBUG] [mixin/]: Mixing LootPoolAccessor from fabric-loot-api-v3.mixins.json into net.minecraft.world.level.storage.loot.LootPool
[08set.2026 23:14:51.483] [pool-19-thread-1/DEBUG] [mixin/]: fabric-loot-api-v3.mixins.json:LootPoolAccessor from mod fabric_loot_api_v3: Class version 65 required is higher than the class version supported by the current version of Mixin (JAVA_17 supports class version 61)
[08set.2026 23:14:51.769] [pool-19-thread-1/DEBUG] [mixin/]: Mixing StructureTemplateManagerMixin from fabric-gametest-api-v1.mixins.json into net.minecraft.world.level.levelgen.structure.templatesystem.StructureTemplateManager
[08set.2026 23:14:51.769] [pool-19-thread-1/DEBUG] [mixin/]: fabric-gametest-api-v1.mixins.json:StructureTemplateManagerMixin from mod fabric_gametest_api_v1: Class version 65 required is higher than the class version supported by the current version of Mixin (JAVA_17 supports class version 61)
[08set.2026 23:14:51.778] [pool-19-thread-1/DEBUG] [mixin/]: fabric-gametest-api-v1.mixins.json:StructureTemplateManagerMixin from mod fabric_gametest_api_v1->@Inject::addFabricTemplateProvider(Lnet/minecraft/server/packs/resources/ResourceManager;Lnet/minecraft/world/level/storage/LevelStorageSource$LevelStorageAccess;Lcom/mojang/datafixers/DataFixer;Lnet/minecraft/core/HolderGetter;Lorg/spongepowered/asm/mixin/injection/callback/CallbackInfo;Lcom/google/common/collect/ImmutableList$Builder;)V doesn't use it's CallbackInfo
[08set.2026 23:14:51.778] [pool-19-thread-1/DEBUG] [mixin/]: fabric-gametest-api-v1.mixins.json:StructureTemplateManagerMixin from mod fabric_gametest_api_v1->@Inject::addFabricTemplateProvider(Lnet/minecraft/server/packs/resources/ResourceManager;Lnet/minecraft/world/level/storage/LevelStorageSource$LevelStorageAccess;Lcom/mojang/datafixers/DataFixer;Lnet/minecraft/core/HolderGetter;Lorg/spongepowered/asm/mixin/injection/callback/CallbackInfo;Lcom/google/common/collect/ImmutableList$Builder;)V has 0 override(s) in child classes
[08set.2026 23:14:51.778] [pool-19-thread-1/DEBUG] [mixin/]: fabric-gametest-api-v1.mixins.json:StructureTemplateManagerMixin from mod fabric_gametest_api_v1->@Inject::addFabricTemplateProvider(Lnet/minecraft/server/packs/resources/ResourceManager;Lnet/minecraft/world/level/storage/LevelStorageSource$LevelStorageAccess;Lcom/mojang/datafixers/DataFixer;Lnet/minecraft/core/HolderGetter;Lorg/spongepowered/asm/mixin/injection/callback/CallbackInfo;Lcom/google/common/collect/ImmutableList$Builder;)V won't be passed a CallbackInfo as a result
[08set.2026 23:14:51.923] [pool-19-thread-1/DEBUG] [mixin/]: Mixing BiomeSourceMixin from fabric-biome-api-v1.mixins.json into net.minecraft.world.level.biome.BiomeSource
[08set.2026 23:14:51.923] [pool-19-thread-1/DEBUG] [mixin/]: fabric-biome-api-v1.mixins.json:BiomeSourceMixin from mod fabric_biome_api_v1: Class version 65 required is higher than the class version supported by the current version of Mixin (JAVA_17 supports class version 61)
[08set.2026 23:14:51.971] [pool-19-thread-1/DEBUG] [mixin/]: Mixing NetherBiomePresetMixin from fabric-biome-api-v1.mixins.json into net.minecraft.world.level.biome.MultiNoiseBiomeSourceParameterList$Preset$1
[08set.2026 23:14:51.971] [pool-19-thread-1/DEBUG] [mixin/]: fabric-biome-api-v1.mixins.json:NetherBiomePresetMixin from mod fabric_biome_api_v1: Class version 65 required is higher than the class version supported by the current version of Mixin (JAVA_17 supports class version 61)
[08set.2026 23:14:51.973] [pool-19-thread-1/DEBUG] [mixin/]: fabric-biome-api-v1.mixins.json:NetherBiomePresetMixin from mod fabric_biome_api_v1->@Inject::apply(Ljava/util/function/Function;Lorg/spongepowered/asm/mixin/injection/callback/CallbackInfoReturnable;)V does use it's CallbackInfoReturnable
[08set.2026 23:14:51.975] [pool-19-thread-1/DEBUG] [mixin/]: Mixing TheEndBiomeSourceMixin from fabric-biome-api-v1.mixins.json into net.minecraft.world.level.biome.TheEndBiomeSource
[08set.2026 23:14:51.976] [pool-19-thread-1/DEBUG] [mixin/]: fabric-biome-api-v1.mixins.json:TheEndBiomeSourceMixin from mod fabric_biome_api_v1: Class version 65 required is higher than the class version supported by the current version of Mixin (JAVA_17 supports class version 61)
[08set.2026 23:14:51.976] [pool-19-thread-1/DEBUG] [mixin/]: Renaming synthetic method lambda$init$1(Lnet/minecraft/core/HolderGetter;)Lnet/fabricmc/fabric/impl/biome/TheEndBiomeData$Overrides; to md61b50d$fabric_biome_api_v1$lambda$init$1$0 in fabric-biome-api-v1.mixins.json:TheEndBiomeSourceMixin from mod fabric_biome_api_v1
[08set.2026 23:14:51.976] [pool-19-thread-1/DEBUG] [mixin/]: Renaming synthetic method lambda$modifyCodec$0(Lcom/mojang/serialization/codecs/RecordCodecBuilder$Instance;)Lcom/mojang/datafixers/kinds/App; to md61b50d$fabric_biome_api_v1$lambda$modifyCodec$0$1 in fabric-biome-api-v1.mixins.json:TheEndBiomeSourceMixin from mod fabric_biome_api_v1
[08set.2026 23:14:51.982] [pool-19-thread-1/DEBUG] [mixin/]: fabric-biome-api-v1.mixins.json:TheEndBiomeSourceMixin from mod fabric_biome_api_v1->@Inject::modifyCodec(Lorg/spongepowered/asm/mixin/injection/callback/CallbackInfo;)V doesn't use it's CallbackInfo
[08set.2026 23:14:51.982] [pool-19-thread-1/DEBUG] [mixin/]: fabric-biome-api-v1.mixins.json:TheEndBiomeSourceMixin from mod fabric_biome_api_v1->@Inject::rememberLookup(Lnet/minecraft/core/HolderGetter;Lorg/spongepowered/asm/mixin/injection/callback/CallbackInfoReturnable;)V doesn't use it's CallbackInfoReturnable
[08set.2026 23:14:51.982] [pool-19-thread-1/DEBUG] [mixin/]: fabric-biome-api-v1.mixins.json:TheEndBiomeSourceMixin from mod fabric_biome_api_v1->@Inject::clearLookup(Lnet/minecraft/core/HolderGetter;Lorg/spongepowered/asm/mixin/injection/callback/CallbackInfoReturnable;)V doesn't use it's CallbackInfoReturnable
[08set.2026 23:14:51.982] [pool-19-thread-1/DEBUG] [mixin/]: fabric-biome-api-v1.mixins.json:TheEndBiomeSourceMixin from mod fabric_biome_api_v1->@Inject::init(Lnet/minecraft/core/Holder;Lnet/minecraft/core/Holder;Lnet/minecraft/core/Holder;Lnet/minecraft/core/Holder;Lnet/minecraft/core/Holder;Lorg/spongepowered/asm/mixin/injection/callback/CallbackInfo;)V doesn't use it's CallbackInfo
[08set.2026 23:14:51.983] [pool-19-thread-1/DEBUG] [mixin/]: fabric-biome-api-v1.mixins.json:TheEndBiomeSourceMixin from mod fabric_biome_api_v1->@Inject::init(Lnet/minecraft/core/Holder;Lnet/minecraft/core/Holder;Lnet/minecraft/core/Holder;Lnet/minecraft/core/Holder;Lnet/minecraft/core/Holder;Lorg/spongepowered/asm/mixin/injection/callback/CallbackInfo;)V has 0 override(s) in child classes
[08set.2026 23:14:51.983] [pool-19-thread-1/DEBUG] [mixin/]: fabric-biome-api-v1.mixins.json:TheEndBiomeSourceMixin from mod fabric_biome_api_v1->@Inject::init(Lnet/minecraft/core/Holder;Lnet/minecraft/core/Holder;Lnet/minecraft/core/Holder;Lnet/minecraft/core/Holder;Lnet/minecraft/core/Holder;Lorg/spongepowered/asm/mixin/injection/callback/CallbackInfo;)V won't be passed a CallbackInfo as a result
[08set.2026 23:14:51.983] [pool-19-thread-1/DEBUG] [mixin/]: fabric-biome-api-v1.mixins.json:TheEndBiomeSourceMixin from mod fabric_biome_api_v1->@Inject::getWeightedEndBiome(IIILnet/minecraft/world/level/biome/Climate$Sampler;Lorg/spongepowered/asm/mixin/injection/callback/CallbackInfoReturnable;)V does use it's CallbackInfoReturnable
[08set.2026 23:14:51.983] [pool-19-thread-1/DEBUG] [mixin/]: fabric-biome-api-v1.mixins.json:TheEndBiomeSourceMixin from mod fabric_biome_api_v1->@Inject::getWeightedEndBiome(IIILnet/minecraft/world/level/biome/Climate$Sampler;Lorg/spongepowered/asm/mixin/injection/callback/CallbackInfoReturnable;)V does use it's CallbackInfoReturnable
[08set.2026 23:14:51.983] [pool-19-thread-1/DEBUG] [mixin/]: fabric-biome-api-v1.mixins.json:TheEndBiomeSourceMixin from mod fabric_biome_api_v1->@Inject::getWeightedEndBiome(IIILnet/minecraft/world/level/biome/Climate$Sampler;Lorg/spongepowered/asm/mixin/injection/callback/CallbackInfoReturnable;)V does use it's CallbackInfoReturnable
[08set.2026 23:14:51.983] [pool-19-thread-1/DEBUG] [mixin/]: fabric-biome-api-v1.mixins.json:TheEndBiomeSourceMixin from mod fabric_biome_api_v1->@Inject::getWeightedEndBiome(IIILnet/minecraft/world/level/biome/Climate$Sampler;Lorg/spongepowered/asm/mixin/injection/callback/CallbackInfoReturnable;)V does use it's CallbackInfoReturnable
[08set.2026 23:14:52.013] [pool-19-thread-1/DEBUG] [mixin/]: Mixing DebugChunkGeneratorAccessor from fabric-registry-sync-v0.mixins.json into net.minecraft.world.level.levelgen.DebugLevelSource
[08set.2026 23:14:52.015] [pool-19-thread-1/DEBUG] [mixin/]: fabric-registry-sync-v0.mixins.json:DebugChunkGeneratorAccessor from mod fabric_registry_sync_v0: Class version 65 required is higher than the class version supported by the current version of Mixin (JAVA_17 supports class version 61)
[08set.2026 23:14:52.015] [pool-19-thread-1/DEBUG] [mixin/]: Renaming @Accessor method setBLOCK_STATES(Ljava/util/List;)V to setBLOCK_STATES$fabric_registry_sync_v0_$md$61b50d$0 in fabric-registry-sync-v0.mixins.json:DebugChunkGeneratorAccessor from mod fabric_registry_sync_v0
[08set.2026 23:14:52.015] [pool-19-thread-1/DEBUG] [mixin/]: Renaming @Accessor method setX_SIDE_LENGTH(I)V to setX_SIDE_LENGTH$fabric_registry_sync_v0_$md$61b50d$1 in fabric-registry-sync-v0.mixins.json:DebugChunkGeneratorAccessor from mod fabric_registry_sync_v0
[08set.2026 23:14:52.015] [pool-19-thread-1/DEBUG] [mixin/]: Renaming @Accessor method setZ_SIDE_LENGTH(I)V to setZ_SIDE_LENGTH$fabric_registry_sync_v0_$md$61b50d$2 in fabric-registry-sync-v0.mixins.json:DebugChunkGeneratorAccessor from mod fabric_registry_sync_v0
[08set.2026 23:14:52.353] [main/DEBUG] [mixin/]: Mixing GameRulesAccessor from fabric-game-rule-api-v1.mixins.json into net.minecraft.world.level.GameRules
[08set.2026 23:14:52.353] [main/DEBUG] [mixin/]: fabric-game-rule-api-v1.mixins.json:GameRulesAccessor from mod fabric_game_rule_api_v1: Class version 65 required is higher than the class version supported by the current version of Mixin (JAVA_17 supports class version 61)
[08set.2026 23:14:52.353] [main/DEBUG] [mixin/]: Renaming @Accessor method getRuleTypes()Ljava/util/Map; to getRuleTypes$fabric_game_rule_api_v1_$md$61b50d$0 in fabric-game-rule-api-v1.mixins.json:GameRulesAccessor from mod fabric_game_rule_api_v1
[08set.2026 23:14:52.357] [main/DEBUG] [mixin/]: Mixing GameRulesKeyMixin from fabric-game-rule-api-v1.mixins.json into net.minecraft.world.level.GameRules$Key
[08set.2026 23:14:52.357] [main/DEBUG] [mixin/]: fabric-game-rule-api-v1.mixins.json:GameRulesKeyMixin from mod fabric_game_rule_api_v1: Class version 65 required is higher than the class version supported by the current version of Mixin (JAVA_17 supports class version 61)
[08set.2026 23:14:52.366] [main/DEBUG] [mixin/]: Mixing MinecraftServerMixin from fabric-resource-loader-v0.mixins.json into net.minecraft.server.MinecraftServer
[08set.2026 23:14:52.367] [main/DEBUG] [mixin/]: fabric-resource-loader-v0.mixins.json:MinecraftServerMixin from mod fabric_resource_loader_v0: Class version 65 required is higher than the class version supported by the current version of Mixin (JAVA_17 supports class version 61)
[08set.2026 23:14:52.368] [main/DEBUG] [mixin/]: Renaming synthetic method lambda$init$0(Lnet/minecraft/server/packs/PackResources;)Ljava/util/stream/Stream; to md61b50d$fabric_resource_loader_v0$lambda$init$0$0 in fabric-resource-loader-v0.mixins.json:MinecraftServerMixin from mod fabric_resource_loader_v0
[08set.2026 23:14:52.372] [main/DEBUG] [mixin/]: Mixing MinecraftServerMixin from fabric-message-api-v1.mixins.json into net.minecraft.server.MinecraftServer
[08set.2026 23:14:52.372] [main/DEBUG] [mixin/]: fabric-message-api-v1.mixins.json:MinecraftServerMixin from mod fabric_message_api_v1: Class version 65 required is higher than the class version supported by the current version of Mixin (JAVA_17 supports class version 61)
[08set.2026 23:14:52.372] [main/DEBUG] [mixin/]: Renaming synthetic method lambda$onGetChatDecorator$0(Lnet/minecraft/server/level/ServerPlayer;Lnet/minecraft/network/chat/Component;)Lnet/minecraft/network/chat/Component; to md61b50d$fabric_message_api_v1$lambda$onGetChatDecorator$0$1 in fabric-message-api-v1.mixins.json:MinecraftServerMixin from mod fabric_message_api_v1
[08set.2026 23:14:52.373] [main/DEBUG] [mixin/]: Mixing MinecraftServerMixin from fabric-lifecycle-events-v1.mixins.json into net.minecraft.server.MinecraftServer
[08set.2026 23:14:52.373] [main/DEBUG] [mixin/]: fabric-lifecycle-events-v1.mixins.json:MinecraftServerMixin from mod fabric_lifecycle_events_v1: Class version 65 required is higher than the class version supported by the current version of Mixin (JAVA_17 supports class version 61)
[08set.2026 23:14:52.374] [main/DEBUG] [mixin/]: Renaming synthetic method lambda$endResourceReload$0(Ljava/lang/Void;Ljava/lang/Throwable;)Ljava/lang/Void; to md61b50d$fabric_lifecycle_events_v1$lambda$endResourceReload$0$2 in fabric-lifecycle-events-v1.mixins.json:MinecraftServerMixin from mod fabric_lifecycle_events_v1
[08set.2026 23:14:52.385] [main/DEBUG] [mixin/]: fabric-resource-loader-v0.mixins.json:MinecraftServerMixin from mod fabric_resource_loader_v0->@Inject::init(Ljava/lang/Thread;Lnet/minecraft/world/level/storage/LevelStorageSource$LevelStorageAccess;Lnet/minecraft/server/packs/repository/PackRepository;Lnet/minecraft/server/WorldStem;Ljava/net/Proxy;Lcom/mojang/datafixers/DataFixer;Lnet/minecraft/server/Services;Lnet/minecraft/server/level/progress/ChunkProgressListenerFactory;Lorg/spongepowered/asm/mixin/injection/callback/CallbackInfo;)V doesn't use it's CallbackInfo
[08set.2026 23:14:52.385] [main/DEBUG] [mixin/]: fabric-resource-loader-v0.mixins.json:MinecraftServerMixin from mod fabric_resource_loader_v0->@Inject::init(Ljava/lang/Thread;Lnet/minecraft/world/level/storage/LevelStorageSource$LevelStorageAccess;Lnet/minecraft/server/packs/repository/PackRepository;Lnet/minecraft/server/WorldStem;Ljava/net/Proxy;Lcom/mojang/datafixers/DataFixer;Lnet/minecraft/server/Services;Lnet/minecraft/server/level/progress/ChunkProgressListenerFactory;Lorg/spongepowered/asm/mixin/injection/callback/CallbackInfo;)V has 0 override(s) in child classes
[08set.2026 23:14:52.385] [main/DEBUG] [mixin/]: fabric-resource-loader-v0.mixins.json:MinecraftServerMixin from mod fabric_resource_loader_v0->@Inject::init(Ljava/lang/Thread;Lnet/minecraft/world/level/storage/LevelStorageSource$LevelStorageAccess;Lnet/minecraft/server/packs/repository/PackRepository;Lnet/minecraft/server/WorldStem;Ljava/net/Proxy;Lcom/mojang/datafixers/DataFixer;Lnet/minecraft/server/Services;Lnet/minecraft/server/level/progress/ChunkProgressListenerFactory;Lorg/spongepowered/asm/mixin/injection/callback/CallbackInfo;)V won't be passed a CallbackInfo as a result
[08set.2026 23:14:52.385] [main/DEBUG] [mixin/]: fabric-message-api-v1.mixins.json:MinecraftServerMixin from mod fabric_message_api_v1->@Inject::onGetChatDecorator(Lorg/spongepowered/asm/mixin/injection/callback/CallbackInfoReturnable;)V does use it's CallbackInfoReturnable
[08set.2026 23:14:52.386] [main/DEBUG] [mixin/]: fabric-lifecycle-events-v1.mixins.json:MinecraftServerMixin from mod fabric_lifecycle_events_v1->@Inject::startResourceReload(Ljava/util/Collection;Lorg/spongepowered/asm/mixin/injection/callback/CallbackInfoReturnable;)V doesn't use it's CallbackInfoReturnable
[08set.2026 23:14:52.386] [main/DEBUG] [mixin/]: fabric-lifecycle-events-v1.mixins.json:MinecraftServerMixin from mod fabric_lifecycle_events_v1->@Inject::startResourceReload(Ljava/util/Collection;Lorg/spongepowered/asm/mixin/injection/callback/CallbackInfoReturnable;)V has 0 override(s) in child classes
[08set.2026 23:14:52.386] [main/DEBUG] [mixin/]: fabric-lifecycle-events-v1.mixins.json:MinecraftServerMixin from mod fabric_lifecycle_events_v1->@Inject::startResourceReload(Ljava/util/Collection;Lorg/spongepowered/asm/mixin/injection/callback/CallbackInfoReturnable;)V won't be passed a CallbackInfoReturnable as a result
[08set.2026 23:14:52.386] [main/DEBUG] [mixin/]: fabric-lifecycle-events-v1.mixins.json:MinecraftServerMixin from mod fabric_lifecycle_events_v1->@Inject::endResourceReload(Ljava/util/Collection;Lorg/spongepowered/asm/mixin/injection/callback/CallbackInfoReturnable;)V does use it's CallbackInfoReturnable
[08set.2026 23:14:52.386] [main/DEBUG] [mixin/]: fabric-lifecycle-events-v1.mixins.json:MinecraftServerMixin from mod fabric_lifecycle_events_v1->@Inject::startSave(ZZZLorg/spongepowered/asm/mixin/injection/callback/CallbackInfoReturnable;)V doesn't use it's CallbackInfoReturnable
[08set.2026 23:14:52.386] [main/DEBUG] [mixin/]: fabric-lifecycle-events-v1.mixins.json:MinecraftServerMixin from mod fabric_lifecycle_events_v1->@Inject::startSave(ZZZLorg/spongepowered/asm/mixin/injection/callback/CallbackInfoReturnable;)V has 0 override(s) in child classes
[08set.2026 23:14:52.386] [main/DEBUG] [mixin/]: fabric-lifecycle-events-v1.mixins.json:MinecraftServerMixin from mod fabric_lifecycle_events_v1->@Inject::startSave(ZZZLorg/spongepowered/asm/mixin/injection/callback/CallbackInfoReturnable;)V won't be passed a CallbackInfoReturnable as a result
[08set.2026 23:14:52.386] [main/DEBUG] [mixin/]: fabric-lifecycle-events-v1.mixins.json:MinecraftServerMixin from mod fabric_lifecycle_events_v1->@Inject::endSave(ZZZLorg/spongepowered/asm/mixin/injection/callback/CallbackInfoReturnable;)V doesn't use it's CallbackInfoReturnable
[08set.2026 23:14:52.386] [main/DEBUG] [mixin/]: fabric-lifecycle-events-v1.mixins.json:MinecraftServerMixin from mod fabric_lifecycle_events_v1->@Inject::endSave(ZZZLorg/spongepowered/asm/mixin/injection/callback/CallbackInfoReturnable;)V has 0 override(s) in child classes
[08set.2026 23:14:52.386] [main/DEBUG] [mixin/]: fabric-lifecycle-events-v1.mixins.json:MinecraftServerMixin from mod fabric_lifecycle_events_v1->@Inject::endSave(ZZZLorg/spongepowered/asm/mixin/injection/callback/CallbackInfoReturnable;)V won't be passed a CallbackInfoReturnable as a result
[08set.2026 23:14:52.399] [main/DEBUG] [mixin/]: Mixing GameRulesIntRuleAccessor from fabric-game-rule-api-v1.mixins.json into net.minecraft.world.level.GameRules$IntegerValue
[08set.2026 23:14:52.399] [main/DEBUG] [mixin/]: fabric-game-rule-api-v1.mixins.json:GameRulesIntRuleAccessor from mod fabric_game_rule_api_v1: Class version 65 required is higher than the class version supported by the current version of Mixin (JAVA_17 supports class version 61)
[08set.2026 23:14:52.737] [main/DEBUG] [mixin/]: Mixing EnchantmentBuilderAccessor from fabric-item-api-v1.mixins.json into net.minecraft.world.item.enchantment.Enchantment$Builder
[08set.2026 23:14:52.737] [main/DEBUG] [mixin/]: fabric-item-api-v1.mixins.json:EnchantmentBuilderAccessor from mod fabric_item_api_v1: Class version 65 required is higher than the class version supported by the current version of Mixin (JAVA_17 supports class version 61)
[08set.2026 23:14:52.823] [main/DEBUG] [mixin/]: Mixing DatapackCommandMixin from fabric-resource-loader-v0.mixins.json into net.minecraft.server.commands.DataPackCommand
[08set.2026 23:14:52.823] [main/DEBUG] [mixin/]: fabric-resource-loader-v0.mixins.json:DatapackCommandMixin from mod fabric_resource_loader_v0: Class version 65 required is higher than the class version supported by the current version of Mixin (JAVA_17 supports class version 61)
[08set.2026 23:14:52.823] [main/DEBUG] [mixin/]: Renaming synthetic method lambda$filterDisabledPackSuggestions$2(Lnet/minecraft/server/packs/repository/Pack;)Z to md61b50d$fabric_resource_loader_v0$lambda$filterDisabledPackSuggestions$2$0 in fabric-resource-loader-v0.mixins.json:DatapackCommandMixin from mod fabric_resource_loader_v0
[08set.2026 23:14:52.823] [main/DEBUG] [mixin/]: Renaming synthetic method lambda$filterEnabledPackSuggestions$1(Lnet/minecraft/server/packs/repository/Pack;)Z to md61b50d$fabric_resource_loader_v0$lambda$filterEnabledPackSuggestions$1$1 in fabric-resource-loader-v0.mixins.json:DatapackCommandMixin from mod fabric_resource_loader_v0
[08set.2026 23:14:52.823] [main/DEBUG] [mixin/]: Renaming synthetic method lambda$static$0(Ljava/lang/Object;)Lcom/mojang/brigadier/Message; to md61b50d$fabric_resource_loader_v0$lambda$static$0$2 in fabric-resource-loader-v0.mixins.json:DatapackCommandMixin from mod fabric_resource_loader_v0
[08set.2026 23:14:52.826] [main/DEBUG] [mixin/]: fabric-resource-loader-v0.mixins.json:DatapackCommandMixin from mod fabric_resource_loader_v0->@Inject::errorOnInternalPack(Lcom/mojang/brigadier/context/CommandContext;Ljava/lang/String;ZLorg/spongepowered/asm/mixin/injection/callback/CallbackInfoReturnable;)V doesn't use it's CallbackInfoReturnable
[08set.2026 23:14:52.837] [main/DEBUG] [mixin/]: Mixing EnchantCommandMixin from fabric-item-api-v1.mixins.json into net.minecraft.server.commands.EnchantCommand
[08set.2026 23:14:52.838] [main/DEBUG] [mixin/]: fabric-item-api-v1.mixins.json:EnchantCommandMixin from mod fabric_item_api_v1: Class version 65 required is higher than the class version supported by the current version of Mixin (JAVA_17 supports class version 61)
[08set.2026 23:14:52.850] [main/DEBUG] [mixin/]: Mixing GameRuleCommandAccessor from fabric-game-rule-api-v1.mixins.json into net.minecraft.server.commands.GameRuleCommand
[08set.2026 23:14:52.850] [main/DEBUG] [mixin/]: fabric-game-rule-api-v1.mixins.json:GameRuleCommandAccessor from mod fabric_game_rule_api_v1: Class version 65 required is higher than the class version supported by the current version of Mixin (JAVA_17 supports class version 61)
[08set.2026 23:14:52.850] [main/DEBUG] [mixin/]: Renaming @Invoker method invokeQueryRule(Lnet/minecraft/commands/CommandSourceStack;Lnet/minecraft/world/level/GameRules$Key;)I to invokeQueryRule$fabric_game_rule_api_v1_$md$61b50d$0 in fabric-game-rule-api-v1.mixins.json:GameRuleCommandAccessor from mod fabric_game_rule_api_v1
[08set.2026 23:14:52.852] [main/DEBUG] [mixin/]: Mixing GameRuleCommandVisitorMixin from fabric-game-rule-api-v1.mixins.json into net.minecraft.server.commands.GameRuleCommand$1
[08set.2026 23:14:52.852] [main/DEBUG] [mixin/]: fabric-game-rule-api-v1.mixins.json:GameRuleCommandVisitorMixin from mod fabric_game_rule_api_v1: Class version 65 required is higher than the class version supported by the current version of Mixin (JAVA_17 supports class version 61)
[08set.2026 23:14:52.854] [main/DEBUG] [mixin/]: fabric-game-rule-api-v1.mixins.json:GameRuleCommandVisitorMixin from mod fabric_game_rule_api_v1->@Inject::onRegisterCommand(Lnet/minecraft/world/level/GameRules$Key;Lnet/minecraft/world/level/GameRules$Type;Lorg/spongepowered/asm/mixin/injection/callback/CallbackInfo;)V does use it's CallbackInfo
[08set.2026 23:14:52.986] [main/DEBUG] [mixin/]: Mixing GameTestHooksMixin from fabric-gametest-api-v1.mixins.json into net.neoforged.neoforge.gametest.GameTestHooks
[08set.2026 23:14:52.986] [main/DEBUG] [mixin/]: fabric-gametest-api-v1.mixins.json:GameTestHooksMixin from mod fabric_gametest_api_v1: Class version 65 required is higher than the class version supported by the current version of Mixin (JAVA_17 supports class version 61)
[08set.2026 23:14:52.987] [main/DEBUG] [mixin/]: fabric-gametest-api-v1.mixins.json:GameTestHooksMixin from mod fabric_gametest_api_v1->@Inject::provideFabricTestNamespace(Ljava/lang/reflect/Method;Lorg/spongepowered/asm/mixin/injection/callback/CallbackInfoReturnable;)V does use it's CallbackInfoReturnable
[08set.2026 23:14:52.989] [main/DEBUG] [mixin/]: Mixing TestCommandMixin from fabric-gametest-api-v1.mixins.json into net.minecraft.gametest.framework.TestCommand
[08set.2026 23:14:52.989] [main/DEBUG] [mixin/]: fabric-gametest-api-v1.mixins.json:TestCommandMixin from mod fabric_gametest_api_v1: Class version 65 required is higher than the class version supported by the current version of Mixin (JAVA_17 supports class version 61)
[08set.2026 23:14:53.065] [main/WARN] [net.minecraft.commands.Commands/]: Ambiguity between arguments [teleport, location] and [teleport, destination] with inputs: [0.1 -0.5 .9, 0 0 0]
[08set.2026 23:14:53.066] [main/WARN] [net.minecraft.commands.Commands/]: Ambiguity between arguments [teleport, location] and [teleport, targets] with inputs: [0.1 -0.5 .9, 0 0 0]
[08set.2026 23:14:53.068] [main/WARN] [net.minecraft.commands.Commands/]: Ambiguity between arguments [teleport, destination] and [teleport, targets] with inputs: [Player, 0123, @e, dd12be42-52a9-4a91-a8a1-11c01849e498]
[08set.2026 23:14:53.069] [main/WARN] [net.minecraft.commands.Commands/]: Ambiguity between arguments [teleport, targets] and [teleport, destination] with inputs: [Player, 0123, dd12be42-52a9-4a91-a8a1-11c01849e498]
[08set.2026 23:14:53.070] [main/WARN] [net.minecraft.commands.Commands/]: Ambiguity between arguments [teleport, targets, location] and [teleport, targets, destination] with inputs: [0.1 -0.5 .9, 0 0 0]
[08set.2026 23:14:53.072] [main/DEBUG] [mixin/]: Mixing GameTestRegistryMixin from fabric-gametest-api-v1.mixins.json into net.minecraft.gametest.framework.GameTestRegistry
[08set.2026 23:14:53.072] [main/DEBUG] [mixin/]: fabric-gametest-api-v1.mixins.json:GameTestRegistryMixin from mod fabric_gametest_api_v1: Class version 65 required is higher than the class version supported by the current version of Mixin (JAVA_17 supports class version 61)
[08set.2026 23:14:53.108] [Render thread/DEBUG] [mixin/]: Mixing ScreenMixin from fabric-screen-api-v1.mixins.json into net.minecraft.client.gui.screens.Screen
[08set.2026 23:14:53.109] [Render thread/DEBUG] [mixin/]: fabric-screen-api-v1.mixins.json:ScreenMixin from mod fabric_screen_api_v1: Class version 65 required is higher than the class version supported by the current version of Mixin (JAVA_17 supports class version 61)
[08set.2026 23:14:53.113] [Render thread/DEBUG] [mixin/]: Mixing ScreenAccessor from fabric-screen-api-v1.mixins.json into net.minecraft.client.gui.screens.Screen
[08set.2026 23:14:53.113] [Render thread/DEBUG] [mixin/]: fabric-screen-api-v1.mixins.json:ScreenAccessor from mod fabric_screen_api_v1: Class version 65 required is higher than the class version supported by the current version of Mixin (JAVA_17 supports class version 61)
[08set.2026 23:14:53.119] [Render thread/DEBUG] [mixin/]: fabric-screen-api-v1.mixins.json:ScreenMixin from mod fabric_screen_api_v1->@Inject::beforeInitScreen(Lnet/minecraft/client/Minecraft;IILorg/spongepowered/asm/mixin/injection/callback/CallbackInfo;)V doesn't use it's CallbackInfo
[08set.2026 23:14:53.119] [Render thread/DEBUG] [mixin/]: fabric-screen-api-v1.mixins.json:ScreenMixin from mod fabric_screen_api_v1->@Inject::beforeInitScreen(Lnet/minecraft/client/Minecraft;IILorg/spongepowered/asm/mixin/injection/callback/CallbackInfo;)V has 0 override(s) in child classes
[08set.2026 23:14:53.119] [Render thread/DEBUG] [mixin/]: fabric-screen-api-v1.mixins.json:ScreenMixin from mod fabric_screen_api_v1->@Inject::beforeInitScreen(Lnet/minecraft/client/Minecraft;IILorg/spongepowered/asm/mixin/injection/callback/CallbackInfo;)V won't be passed a CallbackInfo as a result
[08set.2026 23:14:53.120] [Render thread/DEBUG] [mixin/]: fabric-screen-api-v1.mixins.json:ScreenMixin from mod fabric_screen_api_v1->@Inject::afterInitScreen(Lnet/minecraft/client/Minecraft;IILorg/spongepowered/asm/mixin/injection/callback/CallbackInfo;)V doesn't use it's CallbackInfo
[08set.2026 23:14:53.120] [Render thread/DEBUG] [mixin/]: fabric-screen-api-v1.mixins.json:ScreenMixin from mod fabric_screen_api_v1->@Inject::afterInitScreen(Lnet/minecraft/client/Minecraft;IILorg/spongepowered/asm/mixin/injection/callback/CallbackInfo;)V has 0 override(s) in child classes
[08set.2026 23:14:53.120] [Render thread/DEBUG] [mixin/]: fabric-screen-api-v1.mixins.json:ScreenMixin from mod fabric_screen_api_v1->@Inject::afterInitScreen(Lnet/minecraft/client/Minecraft;IILorg/spongepowered/asm/mixin/injection/callback/CallbackInfo;)V won't be passed a CallbackInfo as a result
[08set.2026 23:14:53.120] [Render thread/DEBUG] [mixin/]: fabric-screen-api-v1.mixins.json:ScreenMixin from mod fabric_screen_api_v1->@Inject::beforeResizeScreen(Lnet/minecraft/client/Minecraft;IILorg/spongepowered/asm/mixin/injection/callback/CallbackInfo;)V doesn't use it's CallbackInfo
[08set.2026 23:14:53.120] [Render thread/DEBUG] [mixin/]: fabric-screen-api-v1.mixins.json:ScreenMixin from mod fabric_screen_api_v1->@Inject::beforeResizeScreen(Lnet/minecraft/client/Minecraft;IILorg/spongepowered/asm/mixin/injection/callback/CallbackInfo;)V has 0 override(s) in child classes
[08set.2026 23:14:53.120] [Render thread/DEBUG] [mixin/]: fabric-screen-api-v1.mixins.json:ScreenMixin from mod fabric_screen_api_v1->@Inject::beforeResizeScreen(Lnet/minecraft/client/Minecraft;IILorg/spongepowered/asm/mixin/injection/callback/CallbackInfo;)V won't be passed a CallbackInfo as a result
[08set.2026 23:14:53.120] [Render thread/DEBUG] [mixin/]: fabric-screen-api-v1.mixins.json:ScreenMixin from mod fabric_screen_api_v1->@Inject::afterResizeScreen(Lnet/minecraft/client/Minecraft;IILorg/spongepowered/asm/mixin/injection/callback/CallbackInfo;)V doesn't use it's CallbackInfo
[08set.2026 23:14:53.120] [Render thread/DEBUG] [mixin/]: fabric-screen-api-v1.mixins.json:ScreenMixin from mod fabric_screen_api_v1->@Inject::afterResizeScreen(Lnet/minecraft/client/Minecraft;IILorg/spongepowered/asm/mixin/injection/callback/CallbackInfo;)V has 0 override(s) in child classes
[08set.2026 23:14:53.120] [Render thread/DEBUG] [mixin/]: fabric-screen-api-v1.mixins.json:ScreenMixin from mod fabric_screen_api_v1->@Inject::afterResizeScreen(Lnet/minecraft/client/Minecraft;IILorg/spongepowered/asm/mixin/injection/callback/CallbackInfo;)V won't be passed a CallbackInfo as a result
[08set.2026 23:14:53.142] [Render thread/DEBUG] [mixin/]: Mixing client.AbstractContainerScreenMixin from lodestone.mixins.json into net.minecraft.client.gui.screens.inventory.AbstractContainerScreen
[08set.2026 23:14:53.142] [Render thread/DEBUG] [mixin/]: lodestone.mixins.json:client.AbstractContainerScreenMixin from mod lodestone: Class version 65 required is higher than the class version supported by the current version of Mixin (JAVA_17 supports class version 61)
[08set.2026 23:14:53.154] [Render thread/DEBUG] [mixin/]: Mixing SinglePreparationResourceReloaderMixin from fabric-resource-conditions-api-v1.mixins.json into net.minecraft.server.packs.resources.SimplePreparableReloadListener
[08set.2026 23:14:53.154] [Render thread/DEBUG] [mixin/]: fabric-resource-conditions-api-v1.mixins.json:SinglePreparationResourceReloaderMixin from mod fabric_resource_conditions_api_v1: Class version 65 required is higher than the class version supported by the current version of Mixin (JAVA_17 supports class version 61)
[08set.2026 23:14:53.155] [Render thread/DEBUG] [mixin/]: fabric-resource-conditions-api-v1.mixins.json:SinglePreparationResourceReloaderMixin from mod fabric_resource_conditions_api_v1->@Inject::applyResourceConditions(Lnet/minecraft/server/packs/resources/ResourceManager;Lnet/minecraft/util/profiling/ProfilerFiller;Ljava/lang/Object;Lorg/spongepowered/asm/mixin/injection/callback/CallbackInfo;)V doesn't use it's CallbackInfo
[08set.2026 23:14:53.155] [Render thread/DEBUG] [mixin/]: fabric-resource-conditions-api-v1.mixins.json:SinglePreparationResourceReloaderMixin from mod fabric_resource_conditions_api_v1->@Inject::applyResourceConditions(Lnet/minecraft/server/packs/resources/ResourceManager;Lnet/minecraft/util/profiling/ProfilerFiller;Ljava/lang/Object;Lorg/spongepowered/asm/mixin/injection/callback/CallbackInfo;)V has 0 override(s) in child classes
[08set.2026 23:14:53.155] [Render thread/DEBUG] [mixin/]: fabric-resource-conditions-api-v1.mixins.json:SinglePreparationResourceReloaderMixin from mod fabric_resource_conditions_api_v1->@Inject::applyResourceConditions(Lnet/minecraft/server/packs/resources/ResourceManager;Lnet/minecraft/util/profiling/ProfilerFiller;Ljava/lang/Object;Lorg/spongepowered/asm/mixin/injection/callback/CallbackInfo;)V won't be passed a CallbackInfo as a result
[08set.2026 23:14:53.168] [Render thread/DEBUG] [mixin/]: Mixing VanillaResourcePackProviderMixin from fabric-resource-loader-v0.client.mixins.json into net.minecraft.server.packs.repository.BuiltInPackSource
[08set.2026 23:14:53.168] [Render thread/DEBUG] [mixin/]: fabric-resource-loader-v0.client.mixins.json:VanillaResourcePackProviderMixin from mod fabric_resource_loader_v0: Class version 65 required is higher than the class version supported by the current version of Mixin (JAVA_17 supports class version 61)
[08set.2026 23:14:53.169] [Render thread/DEBUG] [mixin/]: fabric-resource-loader-v0.client.mixins.json:VanillaResourcePackProviderMixin from mod fabric_resource_loader_v0->@Inject::addBuiltinResourcePacks(Ljava/util/function/Consumer;Lorg/spongepowered/asm/mixin/injection/callback/CallbackInfo;)V doesn't use it's CallbackInfo
[08set.2026 23:14:53.169] [Render thread/DEBUG] [mixin/]: fabric-resource-loader-v0.client.mixins.json:VanillaResourcePackProviderMixin from mod fabric_resource_loader_v0->@Inject::addBuiltinResourcePacks(Ljava/util/function/Consumer;Lorg/spongepowered/asm/mixin/injection/callback/CallbackInfo;)V has 0 override(s) in child classes
[08set.2026 23:14:53.169] [Render thread/DEBUG] [mixin/]: fabric-resource-loader-v0.client.mixins.json:VanillaResourcePackProviderMixin from mod fabric_resource_loader_v0->@Inject::addBuiltinResourcePacks(Ljava/util/function/Consumer;Lorg/spongepowered/asm/mixin/injection/callback/CallbackInfo;)V won't be passed a CallbackInfo as a result
[08set.2026 23:14:53.244] [Render thread/WARN] [net.minecraft.server.packs.VanillaPackResourcesBuilder/]: Assets URL 'union:/C:/Users/Vinicius/Desktop/ObsidianWakeAddon/build/moddev/artifacts/neoforge-21.1.235.jar%23189!/assets/.mcassetsroot' uses unexpected schema
[08set.2026 23:14:53.245] [Render thread/WARN] [net.minecraft.server.packs.VanillaPackResourcesBuilder/]: Assets URL 'union:/C:/Users/Vinicius/Desktop/ObsidianWakeAddon/build/moddev/artifacts/neoforge-21.1.235.jar%23189!/data/.mcassetsroot' uses unexpected schema
[08set.2026 23:14:53.290] [Render thread/DEBUG] [mixin/]: Mixing ResourcePackManagerMixin from fabric-resource-loader-v0.mixins.json into net.minecraft.server.packs.repository.PackRepository
[08set.2026 23:14:53.290] [Render thread/DEBUG] [mixin/]: fabric-resource-loader-v0.mixins.json:ResourcePackManagerMixin from mod fabric_resource_loader_v0: Class version 65 required is higher than the class version supported by the current version of Mixin (JAVA_17 supports class version 61)
[08set.2026 23:14:53.290] [Render thread/DEBUG] [mixin/]: Renaming synthetic method lambda$handleAutoDisable$0(Ljava/util/Set;Lnet/minecraft/server/packs/repository/Pack;)Z to md61b50d$fabric_resource_loader_v0$lambda$handleAutoDisable$0$0 in fabric-resource-loader-v0.mixins.json:ResourcePackManagerMixin from mod fabric_resource_loader_v0
[08set.2026 23:14:53.299] [Render thread/DEBUG] [mixin/]: fabric-resource-loader-v0.mixins.json:ResourcePackManagerMixin from mod fabric_resource_loader_v0->@Inject::construct([Lnet/minecraft/server/packs/repository/RepositorySource;Lorg/spongepowered/asm/mixin/injection/callback/CallbackInfo;)V doesn't use it's CallbackInfo
[08set.2026 23:14:53.299] [Render thread/DEBUG] [mixin/]: fabric-resource-loader-v0.mixins.json:ResourcePackManagerMixin from mod fabric_resource_loader_v0->@Inject::construct([Lnet/minecraft/server/packs/repository/RepositorySource;Lorg/spongepowered/asm/mixin/injection/callback/CallbackInfo;)V has 0 override(s) in child classes
[08set.2026 23:14:53.299] [Render thread/DEBUG] [mixin/]: fabric-resource-loader-v0.mixins.json:ResourcePackManagerMixin from mod fabric_resource_loader_v0->@Inject::construct([Lnet/minecraft/server/packs/repository/RepositorySource;Lorg/spongepowered/asm/mixin/injection/callback/CallbackInfo;)V won't be passed a CallbackInfo as a result
[08set.2026 23:14:53.299] [Render thread/DEBUG] [mixin/]: fabric-resource-loader-v0.mixins.json:ResourcePackManagerMixin from mod fabric_resource_loader_v0->@Inject::handleAutoEnableDisable(Ljava/util/Collection;Lorg/spongepowered/asm/mixin/injection/callback/CallbackInfoReturnable;)V doesn't use it's CallbackInfoReturnable
[08set.2026 23:14:53.299] [Render thread/DEBUG] [mixin/]: fabric-resource-loader-v0.mixins.json:ResourcePackManagerMixin from mod fabric_resource_loader_v0->@Inject::handleAutoEnableDisable(Ljava/util/Collection;Lorg/spongepowered/asm/mixin/injection/callback/CallbackInfoReturnable;)V has 0 override(s) in child classes
[08set.2026 23:14:53.300] [Render thread/DEBUG] [mixin/]: fabric-resource-loader-v0.mixins.json:ResourcePackManagerMixin from mod fabric_resource_loader_v0->@Inject::handleAutoEnableDisable(Ljava/util/Collection;Lorg/spongepowered/asm/mixin/injection/callback/CallbackInfoReturnable;)V won't be passed a CallbackInfoReturnable as a result
[08set.2026 23:14:53.300] [Render thread/DEBUG] [mixin/]: fabric-resource-loader-v0.mixins.json:ResourcePackManagerMixin from mod fabric_resource_loader_v0->@Inject::handleAutoEnable(Ljava/lang/String;Lorg/spongepowered/asm/mixin/injection/callback/CallbackInfoReturnable;)V doesn't use it's CallbackInfoReturnable
[08set.2026 23:14:53.300] [Render thread/DEBUG] [mixin/]: fabric-resource-loader-v0.mixins.json:ResourcePackManagerMixin from mod fabric_resource_loader_v0->@Inject::handleAutoEnable(Ljava/lang/String;Lorg/spongepowered/asm/mixin/injection/callback/CallbackInfoReturnable;)V has 0 override(s) in child classes
[08set.2026 23:14:53.300] [Render thread/DEBUG] [mixin/]: fabric-resource-loader-v0.mixins.json:ResourcePackManagerMixin from mod fabric_resource_loader_v0->@Inject::handleAutoEnable(Ljava/lang/String;Lorg/spongepowered/asm/mixin/injection/callback/CallbackInfoReturnable;)V won't be passed a CallbackInfoReturnable as a result
[08set.2026 23:14:53.300] [Render thread/DEBUG] [mixin/]: fabric-resource-loader-v0.mixins.json:ResourcePackManagerMixin from mod fabric_resource_loader_v0->@Inject::handleAutoDisable(Ljava/lang/String;Lorg/spongepowered/asm/mixin/injection/callback/CallbackInfoReturnable;)V doesn't use it's CallbackInfoReturnable
[08set.2026 23:14:53.300] [Render thread/DEBUG] [mixin/]: fabric-resource-loader-v0.mixins.json:ResourcePackManagerMixin from mod fabric_resource_loader_v0->@Inject::handleAutoDisable(Ljava/lang/String;Lorg/spongepowered/asm/mixin/injection/callback/CallbackInfoReturnable;)V has 0 override(s) in child classes
[08set.2026 23:14:53.300] [Render thread/DEBUG] [mixin/]: fabric-resource-loader-v0.mixins.json:ResourcePackManagerMixin from mod fabric_resource_loader_v0->@Inject::handleAutoDisable(Ljava/lang/String;Lorg/spongepowered/asm/mixin/injection/callback/CallbackInfoReturnable;)V won't be passed a CallbackInfoReturnable as a result
[08set.2026 23:14:53.305] [Render thread/INFO] [com.mojang.authlib.yggdrasil.YggdrasilAuthenticationService/]: Environment: Environment[sessionHost=https://sessionserver.mojang.com, servicesHost=https://api.minecraftservices.com, name=PROD]
[08set.2026 23:14:53.315] [Render thread/INFO] [net.minecraft.client.Minecraft/]: Setting user: Dev
[08set.2026 23:14:53.316] [Render thread/DEBUG] [mixin/]: Mixing KeyBindingAccessor from fabric-events-interaction-v0.client.mixins.json into net.minecraft.client.KeyMapping
[08set.2026 23:14:53.316] [Render thread/DEBUG] [mixin/]: fabric-events-interaction-v0.client.mixins.json:KeyBindingAccessor from mod fabric_events_interaction_v0: Class version 65 required is higher than the class version supported by the current version of Mixin (JAVA_17 supports class version 61)
[08set.2026 23:14:53.317] [Render thread/DEBUG] [mixin/]: Mixing KeyBindingAccessor from fabric-key-binding-api-v1.mixins.json into net.minecraft.client.KeyMapping
[08set.2026 23:14:53.317] [Render thread/DEBUG] [mixin/]: fabric-key-binding-api-v1.mixins.json:KeyBindingAccessor from mod fabric_key_binding_api_v1: Class version 65 required is higher than the class version supported by the current version of Mixin (JAVA_17 supports class version 61)
[08set.2026 23:14:53.317] [Render thread/DEBUG] [mixin/]: Renaming @Accessor method fabric_getCategoryMap()Ljava/util/Map; to fabric_getCategoryMap$fabric_key_binding_api_v1_$md$61b50d$0 in fabric-key-binding-api-v1.mixins.json:KeyBindingAccessor from mod fabric_key_binding_api_v1
[08set.2026 23:14:53.323] [Render thread/DEBUG] [mixin/]: Mixing GameOptionsMixin from fabric-resource-loader-v0.client.mixins.json into net.minecraft.client.Options
[08set.2026 23:14:53.324] [Render thread/DEBUG] [mixin/]: fabric-resource-loader-v0.client.mixins.json:GameOptionsMixin from mod fabric_resource_loader_v0: Class version 65 required is higher than the class version supported by the current version of Mixin (JAVA_17 supports class version 61)
[08set.2026 23:14:53.331] [Render thread/DEBUG] [mixin/]: fabric-resource-loader-v0.client.mixins.json:GameOptionsMixin from mod fabric_resource_loader_v0->@Inject::onLoad(Lorg/spongepowered/asm/mixin/injection/callback/CallbackInfo;)V doesn't use it's CallbackInfo
[08set.2026 23:14:53.331] [Render thread/DEBUG] [mixin/]: fabric-resource-loader-v0.client.mixins.json:GameOptionsMixin from mod fabric_resource_loader_v0->@Inject::onLoad(Lorg/spongepowered/asm/mixin/injection/callback/CallbackInfo;)V has 0 override(s) in child classes
[08set.2026 23:14:53.331] [Render thread/DEBUG] [mixin/]: fabric-resource-loader-v0.client.mixins.json:GameOptionsMixin from mod fabric_resource_loader_v0->@Inject::onLoad(Lorg/spongepowered/asm/mixin/injection/callback/CallbackInfo;)V won't be passed a CallbackInfo as a result
[08set.2026 23:14:53.340] [Render thread/DEBUG] [mixin/]: Mixing SoundInstanceMixin from fabric-sound-api-v1.mixins.json into net.minecraft.client.resources.sounds.SoundInstance
[08set.2026 23:14:53.340] [Render thread/DEBUG] [mixin/]: fabric-sound-api-v1.mixins.json:SoundInstanceMixin from mod fabric_sound_api_v1: Class version 65 required is higher than the class version supported by the current version of Mixin (JAVA_17 supports class version 61)
[08set.2026 23:14:53.495] [Render thread/DEBUG] [mixin/]: Mixing ResourcePackProfileMixin from fabric-resource-loader-v0.mixins.json into net.minecraft.server.packs.repository.Pack
[08set.2026 23:14:53.495] [Render thread/DEBUG] [mixin/]: fabric-resource-loader-v0.mixins.json:ResourcePackProfileMixin from mod fabric_resource_loader_v0: Class version 65 required is higher than the class version supported by the current version of Mixin (JAVA_17 supports class version 61)
[08set.2026 23:14:53.496] [Render thread/DEBUG] [mixin/]: Renaming synthetic method lambda$static$0(Ljava/util/Set;)Z to md61b50d$fabric_resource_loader_v0$lambda$static$0$0 in fabric-resource-loader-v0.mixins.json:ResourcePackProfileMixin from mod fabric_resource_loader_v0
[08set.2026 23:14:53.496] [Render thread/DEBUG] [mixin/]: Mixing ResourcePackProfileMixin from fabric-resource-conditions-api-v1.mixins.json into net.minecraft.server.packs.repository.Pack
[08set.2026 23:14:53.497] [Render thread/DEBUG] [mixin/]: fabric-resource-conditions-api-v1.mixins.json:ResourcePackProfileMixin from mod fabric_resource_conditions_api_v1: Class version 65 required is higher than the class version supported by the current version of Mixin (JAVA_17 supports class version 61)
[08set.2026 23:14:53.508] [Render thread/DEBUG] [mixin/]: fabric-resource-loader-v0.mixins.json:ResourcePackProfileMixin from mod fabric_resource_loader_v0->@Inject::onInit(Lnet/minecraft/server/packs/PackLocationInfo;Lnet/minecraft/server/packs/repository/Pack$ResourcesSupplier;Lnet/minecraft/server/packs/repository/Pack$Metadata;Lnet/minecraft/server/packs/PackSelectionConfig;Ljava/util/List;Lorg/spongepowered/asm/mixin/injection/callback/CallbackInfo;)V doesn't use it's CallbackInfo
[08set.2026 23:14:53.508] [Render thread/DEBUG] [mixin/]: fabric-resource-loader-v0.mixins.json:ResourcePackProfileMixin from mod fabric_resource_loader_v0->@Inject::onInit(Lnet/minecraft/server/packs/PackLocationInfo;Lnet/minecraft/server/packs/repository/Pack$ResourcesSupplier;Lnet/minecraft/server/packs/repository/Pack$Metadata;Lnet/minecraft/server/packs/PackSelectionConfig;Ljava/util/List;Lorg/spongepowered/asm/mixin/injection/callback/CallbackInfo;)V has 0 override(s) in child classes
[08set.2026 23:14:53.508] [Render thread/DEBUG] [mixin/]: fabric-resource-loader-v0.mixins.json:ResourcePackProfileMixin from mod fabric_resource_loader_v0->@Inject::onInit(Lnet/minecraft/server/packs/PackLocationInfo;Lnet/minecraft/server/packs/repository/Pack$ResourcesSupplier;Lnet/minecraft/server/packs/repository/Pack$Metadata;Lnet/minecraft/server/packs/PackSelectionConfig;Ljava/util/List;Lorg/spongepowered/asm/mixin/injection/callback/CallbackInfo;)V won't be passed a CallbackInfo as a result
[08set.2026 23:14:53.508] [Render thread/DEBUG] [mixin/]: fabric-resource-loader-v0.mixins.json:ResourcePackProfileMixin from mod fabric_resource_loader_v0->@Inject::onCreateResourcePack(Lorg/spongepowered/asm/mixin/injection/callback/CallbackInfoReturnable;)V does use it's CallbackInfoReturnable
[08set.2026 23:14:53.545] [Render thread/INFO] [net.minecraft.client.Minecraft/]: Backend library: LWJGL version 3.3.3+5
[08set.2026 23:14:53.682] [Render thread/DEBUG] [mixin/]: Mixing client.MouseMixin from elementals.mixins.json into net.minecraft.client.MouseHandler
[08set.2026 23:14:53.683] [Render thread/DEBUG] [mixin/]: elementals.mixins.json:client.MouseMixin from mod elementals: Class version 65 required is higher than the class version supported by the current version of Mixin (JAVA_18 supports class version 62)
[08set.2026 23:14:53.685] [Render thread/DEBUG] [mixin/]: elementals.mixins.json:client.MouseMixin from mod elementals->@Inject::onMouseButton(JIIILorg/spongepowered/asm/mixin/injection/callback/CallbackInfo;)V doesn't use it's CallbackInfo
[08set.2026 23:14:53.685] [Render thread/DEBUG] [mixin/]: elementals.mixins.json:client.MouseMixin from mod elementals->@Inject::onMouseButton(JIIILorg/spongepowered/asm/mixin/injection/callback/CallbackInfo;)V has 0 override(s) in child classes
[08set.2026 23:14:53.685] [Render thread/DEBUG] [mixin/]: elementals.mixins.json:client.MouseMixin from mod elementals->@Inject::onMouseButton(JIIILorg/spongepowered/asm/mixin/injection/callback/CallbackInfo;)V won't be passed a CallbackInfo as a result
[08set.2026 23:14:53.754] [Render thread/DEBUG] [mixin/]: Mixing LifecycledResourceManagerImplMixin from fabric-resource-loader-v0.mixins.json into net.minecraft.server.packs.resources.MultiPackResourceManager
[08set.2026 23:14:53.754] [Render thread/DEBUG] [mixin/]: fabric-resource-loader-v0.mixins.json:LifecycledResourceManagerImplMixin from mod fabric_resource_loader_v0: Class version 65 required is higher than the class version supported by the current version of Mixin (JAVA_17 supports class version 61)
[08set.2026 23:14:53.755] [Render thread/DEBUG] [mixin/]: fabric-resource-loader-v0.mixins.json:LifecycledResourceManagerImplMixin from mod fabric_resource_loader_v0->@Inject::init(Lnet/minecraft/server/packs/PackType;Ljava/util/List;Lorg/spongepowered/asm/mixin/injection/callback/CallbackInfo;)V doesn't use it's CallbackInfo
[08set.2026 23:14:53.756] [Render thread/DEBUG] [mixin/]: fabric-resource-loader-v0.mixins.json:LifecycledResourceManagerImplMixin from mod fabric_resource_loader_v0->@Inject::init(Lnet/minecraft/server/packs/PackType;Ljava/util/List;Lorg/spongepowered/asm/mixin/injection/callback/CallbackInfo;)V has 0 override(s) in child classes
[08set.2026 23:14:53.756] [Render thread/DEBUG] [mixin/]: fabric-resource-loader-v0.mixins.json:LifecycledResourceManagerImplMixin from mod fabric_resource_loader_v0->@Inject::init(Lnet/minecraft/server/packs/PackType;Ljava/util/List;Lorg/spongepowered/asm/mixin/injection/callback/CallbackInfo;)V won't be passed a CallbackInfo as a result
[08set.2026 23:14:53.801] [Render thread/DEBUG] [net.neoforged.fml.ModWorkManager/LOADING]: Using 16 threads for parallel mod-loading
[08set.2026 23:14:53.841] [Render thread/DEBUG] [net.neoforged.fml.javafmlmod.FMLModContainer/LOADING]: Creating FMLModContainer instance for [org.sinytra.fabric.transfer_api.generated.GeneratedEntryPoint]
[08set.2026 23:14:53.850] [Render thread/DEBUG] [net.neoforged.fml.javafmlmod.FMLModContainer/LOADING]: Creating FMLModContainer instance for [org.sinytra.fabric.renderer_api.generated.GeneratedEntryPoint]
[08set.2026 23:14:53.852] [Render thread/DEBUG] [net.neoforged.fml.javafmlmod.FMLModContainer/LOADING]: Creating FMLModContainer instance for [software.bernie.geckolib.GeckoLib]
[08set.2026 23:14:53.853] [Render thread/DEBUG] [net.neoforged.fml.javafmlmod.FMLModContainer/LOADING]: Creating FMLModContainer instance for [org.sinytra.fabric.item_api.generated.GeneratedEntryPoint]
[08set.2026 23:14:53.854] [Render thread/DEBUG] [net.neoforged.fml.javafmlmod.FMLModContainer/LOADING]: Creating FMLModContainer instance for [org.sinytra.fabric.model_loading_api.generated.GeneratedEntryPoint]
[08set.2026 23:14:53.855] [Render thread/DEBUG] [net.neoforged.fml.javafmlmod.FMLModContainer/LOADING]: Creating FMLModContainer instance for [org.sinytra.fabric.rendering_fluids.generated.GeneratedEntryPoint]
[08set.2026 23:14:53.855] [Render thread/DEBUG] [net.neoforged.fml.javafmlmod.FMLModContainer/LOADING]: Creating FMLModContainer instance for [commonnetwork.CommonNetworkNeoForge]
[08set.2026 23:14:53.856] [Render thread/DEBUG] [net.neoforged.fml.javafmlmod.FMLModContainer/LOADING]: Creating FMLModContainer instance for [org.sinytra.fabric.screen_handler_api.generated.GeneratedEntryPoint]
[08set.2026 23:14:53.857] [Render thread/DEBUG] [net.neoforged.fml.javafmlmod.FMLModContainer/LOADING]: Creating FMLModContainer instance for [org.sinytra.fabric.resource_loader.generated.GeneratedEntryPoint]
[08set.2026 23:14:53.858] [Render thread/DEBUG] [net.neoforged.fml.javafmlmod.FMLModContainer/LOADING]: Creating FMLModContainer instance for [org.sinytra.fabric.rendering.generated.GeneratedEntryPoint]
[08set.2026 23:14:53.859] [Render thread/DEBUG] [net.neoforged.fml.javafmlmod.FMLModContainer/LOADING]: Creating FMLModContainer instance for [org.sinytra.fabric.renderer_indigo.generated.GeneratedEntryPoint]
[08set.2026 23:14:53.859] [Render thread/DEBUG] [net.neoforged.fml.javafmlmod.FMLModContainer/LOADING]: Creating FMLModContainer instance for [org.sinytra.fabric.convention_tags_v1.generated.GeneratedEntryPoint]
[08set.2026 23:14:53.862] [Render thread/DEBUG] [net.neoforged.fml.javafmlmod.FMLModContainer/LOADING]: Creating FMLModContainer instance for [net.neoforged.neoforge.common.NeoForgeMod, net.neoforged.neoforge.client.ClientNeoForgeMod]
[08set.2026 23:14:53.868] [Render thread/DEBUG] [net.neoforged.fml.javafmlmod.FMLModContainer/LOADING]: Creating FMLModContainer instance for [org.sinytra.fabric.block_view_api.generated.GeneratedEntryPoint]
[08set.2026 23:14:53.869] [Render thread/DEBUG] [net.neoforged.fml.javafmlmod.FMLModContainer/LOADING]: Creating FMLModContainer instance for [org.sinytra.fabric.convention_tags.generated.GeneratedEntryPoint]
[08set.2026 23:14:53.869] [Render thread/DEBUG] [net.neoforged.fml.javafmlmod.FMLModContainer/LOADING]: Creating FMLModContainer instance for [org.sinytra.fabric.command_api.generated.GeneratedEntryPoint]
[08set.2026 23:14:53.870] [Render thread/DEBUG] [net.neoforged.fml.javafmlmod.FMLModContainer/LOADING]: Creating FMLModContainer instance for [org.sinytra.fabric.data_attachment_api.generated.GeneratedEntryPoint, net.fabricmc.fabric.impl.attachment.AttachmentModImpl]
[08set.2026 23:14:53.872] [Render thread/DEBUG] [net.neoforged.fml.javafmlmod.FMLModContainer/LOADING]: Creating FMLModContainer instance for [org.sinytra.fabric.screen_api.generated.GeneratedEntryPoint]
[08set.2026 23:14:53.872] [Render thread/DEBUG] [net.neoforged.fml.javafmlmod.FMLModContainer/LOADING]: Creating FMLModContainer instance for [org.sinytra.fabric.particles.generated.GeneratedEntryPoint]
[08set.2026 23:14:53.873] [Render thread/DEBUG] [net.neoforged.fml.lowcodemod.LowCodeModContainer/LOADING]: Creating LowCodeModContainer for fabric_api
[08set.2026 23:14:53.873] [Render thread/DEBUG] [net.neoforged.fml.lowcodemod.LowCodeModContainer/LOADING]: Creating LowCodeModContainer for forgified_fabric_api
[08set.2026 23:14:53.873] [Render thread/DEBUG] [net.neoforged.fml.javafmlmod.FMLModContainer/LOADING]: Creating FMLModContainer instance for [org.sinytra.fabric.content_registries.generated.GeneratedEntryPoint]
[08set.2026 23:14:53.874] [Render thread/DEBUG] [net.neoforged.fml.lowcodemod.LowCodeModContainer/LOADING]: Creating LowCodeModContainer for fabric_transitive_access_wideners_v1
[08set.2026 23:14:53.874] [Render thread/DEBUG] [net.neoforged.fml.javafmlmod.FMLModContainer/LOADING]: Creating FMLModContainer instance for [org.sinytra.fabric.game_rule_api.generated.GeneratedEntryPoint]
[08set.2026 23:14:53.875] [Render thread/DEBUG] [net.neoforged.fml.javafmlmod.FMLModContainer/LOADING]: Creating FMLModContainer instance for [org.sinytra.fabric.api_base.generated.GeneratedEntryPoint]
[08set.2026 23:14:53.875] [Render thread/DEBUG] [net.neoforged.fml.javafmlmod.FMLModContainer/LOADING]: Creating FMLModContainer instance for [org.sinytra.fabric.api_lookup_api.generated.GeneratedEntryPoint]
[08set.2026 23:14:53.876] [Render thread/DEBUG] [net.neoforged.fml.javafmlmod.FMLModContainer/LOADING]: Creating FMLModContainer instance for [org.sinytra.fabric.blockrenderlayer.generated.GeneratedEntryPoint]
[08set.2026 23:14:53.876] [Render thread/DEBUG] [net.neoforged.fml.javafmlmod.FMLModContainer/LOADING]: Creating FMLModContainer instance for [org.sinytra.fabric.block_api.generated.GeneratedEntryPoint]
[08set.2026 23:14:53.877] [Render thread/DEBUG] [net.neoforged.fml.javafmlmod.FMLModContainer/LOADING]: Creating FMLModContainer instance for [org.sinytra.fabric.resource_conditions_api.generated.GeneratedEntryPoint]
[08set.2026 23:14:53.878] [Render thread/DEBUG] [net.neoforged.fml.javafmlmod.FMLModContainer/LOADING]: Creating FMLModContainer instance for [org.sinytra.fabric.item_group_api.generated.GeneratedEntryPoint]
[08set.2026 23:14:53.878] [Render thread/DEBUG] [net.neoforged.fml.javafmlmod.FMLModContainer/LOADING]: Creating FMLModContainer instance for [org.sinytra.fabric.gametest_api.generated.GeneratedEntryPoint]
[08set.2026 23:14:53.879] [Render thread/DEBUG] [net.neoforged.fml.javafmlmod.FMLModContainer/LOADING]: Creating FMLModContainer instance for [org.sinytra.fabric.biome_api.FabricBiomeApiV1, org.sinytra.fabric.biome_api.generated.GeneratedEntryPoint]
[08set.2026 23:14:53.881] [Render thread/DEBUG] [net.neoforged.fml.javafmlmod.FMLModContainer/LOADING]: Creating FMLModContainer instance for [org.sinytra.fabric.entity_events.generated.GeneratedEntryPoint]
[08set.2026 23:14:53.881] [Render thread/DEBUG] [net.neoforged.fml.javafmlmod.FMLModContainer/LOADING]: Creating FMLModContainer instance for [org.sinytra.fabric.registry_sync.generated.GeneratedEntryPoint]
[08set.2026 23:14:53.882] [Render thread/DEBUG] [net.neoforged.fml.javafmlmod.FMLModContainer/LOADING]: Creating FMLModContainer instance for [org.sinytra.fabric.recipe_api.generated.GeneratedEntryPoint]
[08set.2026 23:14:53.883] [Render thread/DEBUG] [net.neoforged.fml.javafmlmod.FMLModContainer/LOADING]: Creating FMLModContainer instance for [org.sinytra.fabric.loot_api_v2.generated.GeneratedEntryPoint]
[08set.2026 23:14:53.884] [Render thread/DEBUG] [net.neoforged.fml.javafmlmod.FMLModContainer/LOADING]: Creating FMLModContainer instance for [org.sinytra.fabric.object_builder_api.generated.GeneratedEntryPoint]
[08set.2026 23:14:53.884] [Render thread/DEBUG] [net.neoforged.fml.javafmlmod.FMLModContainer/LOADING]: Creating FMLModContainer instance for [org.sinytra.fabric.loot_api.generated.GeneratedEntryPoint]
[08set.2026 23:14:53.885] [Render thread/DEBUG] [net.neoforged.fml.javafmlmod.FMLModContainer/LOADING]: Creating FMLModContainer instance for [org.sinytra.fabric.rendering_data_attachment_v1.generated.GeneratedEntryPoint]
[08set.2026 23:14:53.886] [Render thread/DEBUG] [net.neoforged.fml.javafmlmod.FMLModContainer/LOADING]: Creating FMLModContainer instance for [org.sinytra.fabric.networking_api.NetworkingEventHooks, org.sinytra.fabric.networking_api.generated.GeneratedEntryPoint]
[08set.2026 23:14:53.887] [Render thread/DEBUG] [net.neoforged.fml.javafmlmod.FMLModContainer/LOADING]: Creating FMLModContainer instance for [org.sinytra.fabric.sound_api.generated.GeneratedEntryPoint]
[08set.2026 23:14:53.888] [Render thread/DEBUG] [net.neoforged.fml.javafmlmod.FMLModContainer/LOADING]: Creating FMLModContainer instance for [team.lodestar.lodestone.LodestoneLib]
[08set.2026 23:14:53.889] [Render thread/DEBUG] [net.neoforged.fml.javafmlmod.FMLModContainer/LOADING]: Creating FMLModContainer instance for [org.sinytra.fabric.message_api.generated.GeneratedEntryPoint]
[08set.2026 23:14:53.891] [Render thread/DEBUG] [net.neoforged.fml.javafmlmod.FMLModContainer/LOADING]: Creating FMLModContainer instance for [dev.saperate.elementals.ElementalsNeoForge, dev.saperate.elementals.client.ElementalsForgeClient]
[08set.2026 23:14:53.892] [Render thread/DEBUG] [net.neoforged.fml.javafmlmod.FMLModContainer/LOADING]: Creating FMLModContainer instance for [com.elementals.morebendings.ElementalsMoreBendingsMod]
[08set.2026 23:14:53.895] [Render thread/DEBUG] [net.neoforged.fml.javafmlmod.FMLModContainer/LOADING]: Creating FMLModContainer instance for [org.sinytra.fabric.lifecycle_events.generated.GeneratedEntryPoint]
[08set.2026 23:14:53.896] [Render thread/DEBUG] [net.neoforged.fml.javafmlmod.FMLModContainer/LOADING]: Creating FMLModContainer instance for [org.sinytra.fabric.data_generation_api.generated.GeneratedEntryPoint]
[08set.2026 23:14:53.897] [Render thread/DEBUG] [net.neoforged.fml.javafmlmod.FMLModContainer/LOADING]: Creating FMLModContainer instance for [org.sinytra.fabric.events_interaction.generated.GeneratedEntryPoint]
[08set.2026 23:14:53.898] [Render thread/DEBUG] [net.neoforged.fml.javafmlmod.FMLModContainer/LOADING]: Creating FMLModContainer instance for [org.sinytra.fabric.key_binding_api.generated.GeneratedEntryPoint]
[08set.2026 23:14:53.899] [Render thread/DEBUG] [net.neoforged.fml.javafmlmod.FMLModContainer/LOADING]: Creating FMLModContainer instance for [org.sinytra.fabric.client_tags_api.generated.GeneratedEntryPoint]
[08set.2026 23:14:53.910] [modloading-worker-0/DEBUG] [net.neoforged.fml.javafmlmod.AutomaticEventSubscriber/LOADING]: Attempting to inject @EventBusSubscriber classes into the eventbus for fabric_renderer_api_v1
[08set.2026 23:14:53.910] [modloading-worker-0/DEBUG] [net.neoforged.fml.javafmlmod.AutomaticEventSubscriber/LOADING]: Attempting to inject @EventBusSubscriber classes into the eventbus for fabric_transfer_api_v1
[08set.2026 23:14:53.911] [modloading-worker-0/DEBUG] [net.neoforged.fml.javafmlmod.AutomaticEventSubscriber/LOADING]: Attempting to inject @EventBusSubscriber classes into the eventbus for fabric_item_api_v1
[08set.2026 23:14:53.912] [modloading-worker-0/DEBUG] [net.neoforged.fml.javafmlmod.AutomaticEventSubscriber/LOADING]: Attempting to inject @EventBusSubscriber classes into the eventbus for fabric_model_loading_api_v1
[08set.2026 23:14:53.914] [modloading-worker-0/DEBUG] [net.neoforged.fml.javafmlmod.AutomaticEventSubscriber/LOADING]: Scanning class net.fabricmc.fabric.impl.client.item.ClientItemEventHooks for @SubscribeEvent-annotated methods
[08set.2026 23:14:53.914] [modloading-worker-0/DEBUG] [net.neoforged.fml.javafmlmod.AutomaticEventSubscriber/LOADING]: Scanning class org.sinytra.fabric.transfer_api.TransferApiNeoCompat for @SubscribeEvent-annotated methods
[08set.2026 23:14:53.915] [modloading-worker-0/DEBUG] [net.neoforged.fml.javafmlmod.AutomaticEventSubscriber/LOADING]: Attempting to inject @EventBusSubscriber classes into the eventbus for fabric_screen_handler_api_v1
[08set.2026 23:14:53.916] [modloading-worker-0/DEBUG] [net.neoforged.fml.javafmlmod.AutomaticEventSubscriber/LOADING]: Attempting to inject @EventBusSubscriber classes into the eventbus for fabric_resource_loader_v0
[08set.2026 23:14:53.921] [modloading-worker-0/DEBUG] [net.neoforged.fml.javafmlmod.AutomaticEventSubscriber/LOADING]: Attempting to inject @EventBusSubscriber classes into the eventbus for fabric_block_view_api_v2
[08set.2026 23:14:53.922] [modloading-worker-0/DEBUG] [net.neoforged.fml.javafmlmod.AutomaticEventSubscriber/]: Subscribing @EventBusSubscriber class Lnet/fabricmc/fabric/impl/client/item/ClientItemEventHooks; to the game event bus
[08set.2026 23:14:53.923] [modloading-worker-0/DEBUG] [mixin/]: Mixing DataProviderMixin from fabric-resource-conditions-api-v1.mixins.json into net.minecraft.data.DataProvider
[08set.2026 23:14:53.923] [modloading-worker-0/DEBUG] [mixin/]: fabric-resource-conditions-api-v1.mixins.json:DataProviderMixin from mod fabric_resource_conditions_api_v1: Class version 65 required is higher than the class version supported by the current version of Mixin (JAVA_17 supports class version 61)
[08set.2026 23:14:53.924] [modloading-worker-0/DEBUG] [mixin/]: Mixing DataProviderMixin from fabric-data-generation-api-v1.mixins.json into net.minecraft.data.DataProvider
[08set.2026 23:14:53.924] [modloading-worker-0/DEBUG] [mixin/]: fabric-data-generation-api-v1.mixins.json:DataProviderMixin from mod fabric_data_generation_api_v1: Class version 65 required is higher than the class version supported by the current version of Mixin (JAVA_17 supports class version 61)
[08set.2026 23:14:53.943] [modloading-worker-0/DEBUG] [net.neoforged.fml.javafmlmod.AutomaticEventSubscriber/LOADING]: Attempting to inject @EventBusSubscriber classes into the eventbus for fabric_particles_v1
[08set.2026 23:14:53.943] [modloading-worker-0/DEBUG] [net.neoforged.fml.javafmlmod.AutomaticEventSubscriber/LOADING]: Attempting to inject @EventBusSubscriber classes into the eventbus for fabric_game_rule_api_v1
[08set.2026 23:14:53.943] [modloading-worker-0/DEBUG] [net.neoforged.fml.javafmlmod.AutomaticEventSubscriber/LOADING]: Attempting to inject @EventBusSubscriber classes into the eventbus for fabric_screen_api_v1
[08set.2026 23:14:53.943] [modloading-worker-0/DEBUG] [net.neoforged.fml.javafmlmod.AutomaticEventSubscriber/LOADING]: Attempting to inject @EventBusSubscriber classes into the eventbus for fabric_content_registries_v0
[08set.2026 23:14:53.943] [modloading-worker-0/DEBUG] [mixin/]: fabric-resource-conditions-api-v1.mixins.json:DataProviderMixin from mod fabric_resource_conditions_api_v1->@Inject::fabric_injectResourceConditionsSortOrder(Lit/unimi/dsi/fastutil/objects/Object2IntOpenHashMap;Lorg/spongepowered/asm/mixin/injection/callback/CallbackInfo;)V doesn't use it's CallbackInfo
[08set.2026 23:14:53.943] [modloading-worker-0/DEBUG] [net.neoforged.fml.javafmlmod.AutomaticEventSubscriber/LOADING]: Scanning class org.sinytra.fabric.screen_api.ScreenEventHooks for @SubscribeEvent-annotated methods
[08set.2026 23:14:53.943] [modloading-worker-0/DEBUG] [net.neoforged.fml.javafmlmod.AutomaticEventSubscriber/LOADING]: Scanning class net.fabricmc.fabric.impl.content.registry.FuelRegistryImpl for @SubscribeEvent-annotated methods
[08set.2026 23:14:53.943] [modloading-worker-0/DEBUG] [net.neoforged.fml.javafmlmod.AutomaticEventSubscriber/LOADING]: Scanning class net.fabricmc.fabric.impl.client.particle.ClientParticleEventHooks for @SubscribeEvent-annotated methods
[08set.2026 23:14:53.944] [modloading-worker-0/DEBUG] [mixin/]: fabric-data-generation-api-v1.mixins.json:DataProviderMixin from mod fabric_data_generation_api_v1->@Inject::addFabricKeySortOrders(Lit/unimi/dsi/fastutil/objects/Object2IntOpenHashMap;Lorg/spongepowered/asm/mixin/injection/callback/CallbackInfo;)V doesn't use it's CallbackInfo
[08set.2026 23:14:53.944] [modloading-worker-0/DEBUG] [net.neoforged.fml.javafmlmod.AutomaticEventSubscriber/LOADING]: Attempting to inject @EventBusSubscriber classes into the eventbus for fabric_api_base
[08set.2026 23:14:53.947] [modloading-worker-0/DEBUG] [net.neoforged.fml.javafmlmod.AutomaticEventSubscriber/]: Subscribing @EventBusSubscriber class Lnet/fabricmc/fabric/impl/client/particle/ClientParticleEventHooks; to the mod event bus of mod fabric_particles_v1
[08set.2026 23:14:53.950] [modloading-worker-0/DEBUG] [net.neoforged.fml.javafmlmod.AutomaticEventSubscriber/LOADING]: Attempting to inject @EventBusSubscriber classes into the eventbus for fabric_command_api_v2
[08set.2026 23:14:53.953] [modloading-worker-0/DEBUG] [net.neoforged.fml.javafmlmod.AutomaticEventSubscriber/LOADING]: Attempting to inject @EventBusSubscriber classes into the eventbus for fabric_blockrenderlayer_v1
[08set.2026 23:14:53.954] [modloading-worker-0/DEBUG] [net.neoforged.fml.javafmlmod.AutomaticEventSubscriber/LOADING]: Attempting to inject @EventBusSubscriber classes into the eventbus for fabric_block_api_v1
[08set.2026 23:14:53.955] [modloading-worker-0/DEBUG] [net.neoforged.fml.javafmlmod.AutomaticEventSubscriber/]: Subscribing @EventBusSubscriber class Lnet/fabricmc/fabric/impl/content/registry/FuelRegistryImpl; to the game event bus
[08set.2026 23:14:53.956] [modloading-worker-0/DEBUG] [net.neoforged.fml.javafmlmod.AutomaticEventSubscriber/LOADING]: Scanning class net.fabricmc.fabric.impl.item.DefaultItemComponentImpl for @SubscribeEvent-annotated methods
[08set.2026 23:14:53.956] [modloading-worker-0/DEBUG] [net.neoforged.fml.javafmlmod.AutomaticEventSubscriber/LOADING]: Attempting to inject @EventBusSubscriber classes into the eventbus for fabric_item_group_api_v1
[08set.2026 23:14:53.959] [modloading-worker-0/DEBUG] [net.neoforged.fml.javafmlmod.AutomaticEventSubscriber/LOADING]: Attempting to inject @EventBusSubscriber classes into the eventbus for fabric_gametest_api_v1
[08set.2026 23:14:53.960] [modloading-worker-0/DEBUG] [net.neoforged.fml.javafmlmod.AutomaticEventSubscriber/LOADING]: Scanning class net.fabricmc.fabric.api.registry.TillableBlockRegistry for @SubscribeEvent-annotated methods
[08set.2026 23:14:53.964] [modloading-worker-0/DEBUG] [net.neoforged.fml.javafmlmod.AutomaticEventSubscriber/]: Subscribing @EventBusSubscriber class Lorg/sinytra/fabric/transfer_api/TransferApiNeoCompat; to the mod event bus of mod fabric_transfer_api_v1
[08set.2026 23:14:53.964] [modloading-worker-0/DEBUG] [net.neoforged.fml.javafmlmod.AutomaticEventSubscriber/]: Subscribing @EventBusSubscriber class Lnet/fabricmc/fabric/api/registry/TillableBlockRegistry; to the game event bus
[08set.2026 23:14:53.965] [modloading-worker-0/DEBUG] [net.neoforged.fml.javafmlmod.AutomaticEventSubscriber/LOADING]: Attempting to inject @EventBusSubscriber classes into the eventbus for fabric_entity_events_v1
[08set.2026 23:14:53.965] [modloading-worker-0/DEBUG] [net.neoforged.fml.javafmlmod.AutomaticEventSubscriber/LOADING]: Scanning class net.fabricmc.fabric.impl.entity.event.EntityEventHooks for @SubscribeEvent-annotated methods
[08set.2026 23:14:53.966] [modloading-worker-0/DEBUG] [net.neoforged.fml.javafmlmod.AutomaticEventSubscriber/]: Subscribing @EventBusSubscriber class Lnet/fabricmc/fabric/impl/item/DefaultItemComponentImpl; to the mod event bus of mod fabric_item_api_v1
[08set.2026 23:14:53.969] [modloading-worker-0/DEBUG] [net.neoforged.fml.javafmlmod.AutomaticEventSubscriber/]: Subscribing @EventBusSubscriber class Lnet/fabricmc/fabric/impl/entity/event/EntityEventHooks; to the game event bus
[08set.2026 23:14:53.973] [modloading-worker-0/DEBUG] [net.neoforged.fml.javafmlmod.AutomaticEventSubscriber/LOADING]: Attempting to inject @EventBusSubscriber classes into the eventbus for fabric_registry_sync_v0
[08set.2026 23:14:53.974] [modloading-worker-0/DEBUG] [net.neoforged.fml.javafmlmod.AutomaticEventSubscriber/LOADING]: Attempting to inject @EventBusSubscriber classes into the eventbus for fabric_rendering_fluids_v1
[08set.2026 23:14:53.974] [modloading-worker-0/DEBUG] [net.neoforged.fml.javafmlmod.AutomaticEventSubscriber/LOADING]: Attempting to inject @EventBusSubscriber classes into the eventbus for fabric_object_builder_api_v1
[08set.2026 23:14:53.974] [modloading-worker-0/DEBUG] [net.neoforged.fml.javafmlmod.AutomaticEventSubscriber/LOADING]: Attempting to inject @EventBusSubscriber classes into the eventbus for fabric_loot_api_v3
[08set.2026 23:14:53.974] [modloading-worker-0/DEBUG] [net.neoforged.fml.javafmlmod.AutomaticEventSubscriber/LOADING]: Attempting to inject @EventBusSubscriber classes into the eventbus for fabric_rendering_data_attachment_v1
[08set.2026 23:14:53.975] [modloading-worker-0/DEBUG] [net.neoforged.fml.javafmlmod.AutomaticEventSubscriber/LOADING]: Attempting to inject @EventBusSubscriber classes into the eventbus for fabric_biome_api_v1
[08set.2026 23:14:53.975] [modloading-worker-0/DEBUG] [net.neoforged.fml.javafmlmod.AutomaticEventSubscriber/LOADING]: Attempting to inject @EventBusSubscriber classes into the eventbus for fabric_sound_api_v1
[08set.2026 23:14:53.977] [modloading-worker-0/DEBUG] [net.neoforged.fml.javafmlmod.AutomaticEventSubscriber/LOADING]: Attempting to inject @EventBusSubscriber classes into the eventbus for fabric_message_api_v1
[08set.2026 23:14:53.980] [modloading-worker-0/DEBUG] [net.neoforged.fml.javafmlmod.AutomaticEventSubscriber/LOADING]: Attempting to inject @EventBusSubscriber classes into the eventbus for fabric_convention_tags_v2
[08set.2026 23:14:53.980] [modloading-worker-0/DEBUG] [net.neoforged.fml.javafmlmod.AutomaticEventSubscriber/LOADING]: Attempting to inject @EventBusSubscriber classes into the eventbus for fabric_convention_tags_v1
[08set.2026 23:14:53.980] [modloading-worker-0/DEBUG] [net.neoforged.fml.javafmlmod.AutomaticEventSubscriber/LOADING]: Attempting to inject @EventBusSubscriber classes into the eventbus for fabric_data_generation_api_v1
[08set.2026 23:14:54.015] [modloading-worker-0/DEBUG] [GeckoLib/]: Loaded software.bernie.geckolib.platform.GeckoLibNeoForge@5e203e4a for service interface software.bernie.geckolib.service.GeckoLibPlatform
[08set.2026 23:14:54.015] [modloading-worker-0/INFO] [net.fabricmc.fabric.impl.client.indigo.Indigo/]: [Indigo] Registering Indigo renderer!
[08set.2026 23:14:54.016] [modloading-worker-0/DEBUG] [GeckoLib/]: Loaded software.bernie.geckolib.network.GeckoLibNetworkingNeoForge@675d689d for service interface software.bernie.geckolib.service.GeckoLibNetworking
[08set.2026 23:14:54.017] [modloading-worker-0/DEBUG] [net.neoforged.fml.javafmlmod.AutomaticEventSubscriber/LOADING]: Attempting to inject @EventBusSubscriber classes into the eventbus for fabric_networking_api_v1
[08set.2026 23:14:54.017] [modloading-worker-0/DEBUG] [net.neoforged.fml.javafmlmod.AutomaticEventSubscriber/LOADING]: Attempting to inject @EventBusSubscriber classes into the eventbus for fabric_api_lookup_api_v1
[08set.2026 23:14:54.018] [modloading-worker-0/DEBUG] [net.neoforged.fml.javafmlmod.AutomaticEventSubscriber/LOADING]: Attempting to inject @EventBusSubscriber classes into the eventbus for fabric_client_tags_api_v1
[08set.2026 23:14:54.020] [modloading-worker-0/DEBUG] [mixin/]: Mixing LootTableBuilderMixin from fabric-loot-api-v2.mixins.json into net.minecraft.world.level.storage.loot.LootTable$Builder
[08set.2026 23:14:54.020] [modloading-worker-0/DEBUG] [net.neoforged.fml.javafmlmod.AutomaticEventSubscriber/]: Subscribing @EventBusSubscriber class Lorg/sinytra/fabric/screen_api/ScreenEventHooks; to the game event bus
[08set.2026 23:14:54.020] [modloading-worker-0/DEBUG] [mixin/]: fabric-loot-api-v2.mixins.json:LootTableBuilderMixin from mod fabric_loot_api_v2: Class version 65 required is higher than the class version supported by the current version of Mixin (JAVA_17 supports class version 61)
[08set.2026 23:14:54.021] [modloading-worker-0/DEBUG] [mixin/]: Mixing LootTableBuilderMixin from fabric-loot-api-v3.mixins.json into net.minecraft.world.level.storage.loot.LootTable$Builder
[08set.2026 23:14:54.021] [modloading-worker-0/DEBUG] [mixin/]: fabric-loot-api-v3.mixins.json:LootTableBuilderMixin from mod fabric_loot_api_v3: Class version 65 required is higher than the class version supported by the current version of Mixin (JAVA_17 supports class version 61)
[08set.2026 23:14:54.027] [modloading-worker-0/DEBUG] [mixin/]: Mixing ClientConnectionMixin from fabric-networking-api-v1.mixins.json into net.minecraft.network.Connection
[08set.2026 23:14:54.029] [modloading-worker-0/DEBUG] [mixin/]: fabric-networking-api-v1.mixins.json:ClientConnectionMixin from mod fabric_networking_api_v1: Class version 65 required is higher than the class version supported by the current version of Mixin (JAVA_17 supports class version 61)
[08set.2026 23:14:54.035] [modloading-worker-0/DEBUG] [mixin/]: fabric-networking-api-v1.mixins.json:ClientConnectionMixin from mod fabric_networking_api_v1->@Inject::checkPacket(Lnet/minecraft/network/protocol/Packet;Lnet/minecraft/network/PacketSendListener;ZLorg/spongepowered/asm/mixin/injection/callback/CallbackInfo;)V doesn't use it's CallbackInfo
[08set.2026 23:14:54.036] [modloading-worker-0/DEBUG] [mixin/]: fabric-networking-api-v1.mixins.json:ClientConnectionMixin from mod fabric_networking_api_v1->@Inject::checkPacket(Lnet/minecraft/network/protocol/Packet;Lnet/minecraft/network/PacketSendListener;ZLorg/spongepowered/asm/mixin/injection/callback/CallbackInfo;)V has 0 override(s) in child classes
[08set.2026 23:14:54.036] [modloading-worker-0/DEBUG] [mixin/]: fabric-networking-api-v1.mixins.json:ClientConnectionMixin from mod fabric_networking_api_v1->@Inject::checkPacket(Lnet/minecraft/network/protocol/Packet;Lnet/minecraft/network/PacketSendListener;ZLorg/spongepowered/asm/mixin/injection/callback/CallbackInfo;)V won't be passed a CallbackInfo as a result
[08set.2026 23:14:54.036] [modloading-worker-0/DEBUG] [mixin/]: fabric-networking-api-v1.mixins.json:ClientConnectionMixin from mod fabric_networking_api_v1->@Inject::checkPacket(Lnet/minecraft/network/protocol/Packet;Lnet/minecraft/network/PacketSendListener;ZLorg/spongepowered/asm/mixin/injection/callback/CallbackInfo;)V doesn't use it's CallbackInfo
[08set.2026 23:14:54.036] [modloading-worker-0/DEBUG] [mixin/]: fabric-networking-api-v1.mixins.json:ClientConnectionMixin from mod fabric_networking_api_v1->@Inject::checkPacket(Lnet/minecraft/network/protocol/Packet;Lnet/minecraft/network/PacketSendListener;ZLorg/spongepowered/asm/mixin/injection/callback/CallbackInfo;)V has 0 override(s) in child classes
[08set.2026 23:14:54.036] [modloading-worker-0/DEBUG] [mixin/]: fabric-networking-api-v1.mixins.json:ClientConnectionMixin from mod fabric_networking_api_v1->@Inject::checkPacket(Lnet/minecraft/network/protocol/Packet;Lnet/minecraft/network/PacketSendListener;ZLorg/spongepowered/asm/mixin/injection/callback/CallbackInfo;)V won't be passed a CallbackInfo as a result
[08set.2026 23:14:54.036] [modloading-worker-0/DEBUG] [mixin/]: fabric-networking-api-v1.mixins.json:ClientConnectionMixin from mod fabric_networking_api_v1->@Inject::unwatchAddon(Lnet/minecraft/network/ProtocolInfo;Lnet/minecraft/network/PacketListener;Lorg/spongepowered/asm/mixin/injection/callback/CallbackInfo;)V doesn't use it's CallbackInfo
[08set.2026 23:14:54.036] [modloading-worker-0/DEBUG] [mixin/]: fabric-networking-api-v1.mixins.json:ClientConnectionMixin from mod fabric_networking_api_v1->@Inject::unwatchAddon(Lnet/minecraft/network/ProtocolInfo;Lnet/minecraft/network/PacketListener;Lorg/spongepowered/asm/mixin/injection/callback/CallbackInfo;)V has 0 override(s) in child classes
[08set.2026 23:14:54.036] [modloading-worker-0/DEBUG] [mixin/]: fabric-networking-api-v1.mixins.json:ClientConnectionMixin from mod fabric_networking_api_v1->@Inject::unwatchAddon(Lnet/minecraft/network/ProtocolInfo;Lnet/minecraft/network/PacketListener;Lorg/spongepowered/asm/mixin/injection/callback/CallbackInfo;)V won't be passed a CallbackInfo as a result
[08set.2026 23:14:54.036] [modloading-worker-0/DEBUG] [mixin/]: fabric-networking-api-v1.mixins.json:ClientConnectionMixin from mod fabric_networking_api_v1->@Inject::disconnectAddon(Lio/netty/channel/ChannelHandlerContext;Lorg/spongepowered/asm/mixin/injection/callback/CallbackInfo;)V doesn't use it's CallbackInfo
[08set.2026 23:14:54.036] [modloading-worker-0/DEBUG] [mixin/]: fabric-networking-api-v1.mixins.json:ClientConnectionMixin from mod fabric_networking_api_v1->@Inject::disconnectAddon(Lio/netty/channel/ChannelHandlerContext;Lorg/spongepowered/asm/mixin/injection/callback/CallbackInfo;)V has 0 override(s) in child classes
[08set.2026 23:14:54.036] [modloading-worker-0/DEBUG] [mixin/]: fabric-networking-api-v1.mixins.json:ClientConnectionMixin from mod fabric_networking_api_v1->@Inject::disconnectAddon(Lio/netty/channel/ChannelHandlerContext;Lorg/spongepowered/asm/mixin/injection/callback/CallbackInfo;)V won't be passed a CallbackInfo as a result
[08set.2026 23:14:54.036] [modloading-worker-0/DEBUG] [mixin/]: fabric-networking-api-v1.mixins.json:ClientConnectionMixin from mod fabric_networking_api_v1->@Inject::disconnectAddon(Lorg/spongepowered/asm/mixin/injection/callback/CallbackInfo;)V doesn't use it's CallbackInfo
[08set.2026 23:14:54.036] [modloading-worker-0/DEBUG] [mixin/]: fabric-networking-api-v1.mixins.json:ClientConnectionMixin from mod fabric_networking_api_v1->@Inject::disconnectAddon(Lorg/spongepowered/asm/mixin/injection/callback/CallbackInfo;)V has 0 override(s) in child classes
[08set.2026 23:14:54.036] [modloading-worker-0/DEBUG] [mixin/]: fabric-networking-api-v1.mixins.json:ClientConnectionMixin from mod fabric_networking_api_v1->@Inject::disconnectAddon(Lorg/spongepowered/asm/mixin/injection/callback/CallbackInfo;)V won't be passed a CallbackInfo as a result
[08set.2026 23:14:54.042] [modloading-worker-0/DEBUG] [net.neoforged.fml.javafmlmod.AutomaticEventSubscriber/LOADING]: Attempting to inject @EventBusSubscriber classes into the eventbus for fabric_key_binding_api_v1
[08set.2026 23:14:54.049] [modloading-worker-0/DEBUG] [Elementals/]: Loaded dev.saperate.elementals.platform.NeoForgePlatformHelper@25bc6843 for service interface dev.saperate.elementals.platform.services.IPlatformHelper
[08set.2026 23:14:54.049] [modloading-worker-0/DEBUG] [Elementals/]: Loaded dev.saperate.elementals.platform.NeoForgeRegistryHelper@35a9b1b0 for service interface dev.saperate.elementals.platform.services.IRegistryHelper
[08set.2026 23:14:54.051] [modloading-worker-0/DEBUG] [net.neoforged.fml.javafmlmod.AutomaticEventSubscriber/LOADING]: Attempting to inject @EventBusSubscriber classes into the eventbus for fabric_data_attachment_api_v1
[08set.2026 23:14:54.052] [modloading-worker-0/DEBUG] [net.neoforged.fml.javafmlmod.AutomaticEventSubscriber/LOADING]: Attempting to inject @EventBusSubscriber classes into the eventbus for fabric_rendering_v1
[08set.2026 23:14:54.055] [modloading-worker-0/DEBUG] [net.neoforged.fml.javafmlmod.AutomaticEventSubscriber/LOADING]: Attempting to inject @EventBusSubscriber classes into the eventbus for fabric_events_interaction_v0
[08set.2026 23:14:54.055] [modloading-worker-0/DEBUG] [net.neoforged.fml.javafmlmod.AutomaticEventSubscriber/LOADING]: Scanning class net.fabricmc.fabric.impl.event.interaction.InteractionEventHooks for @SubscribeEvent-annotated methods
[08set.2026 23:14:54.056] [modloading-worker-0/DEBUG] [Elementals/]: Loaded dev.saperate.elementals.platform.NeoForgeEventsHelper@6fed5c1a for service interface dev.saperate.elementals.platform.services.IEventsHelper
[08set.2026 23:14:54.056] [modloading-worker-0/DEBUG] [net.neoforged.fml.javafmlmod.AutomaticEventSubscriber/LOADING]: Attempting to inject @EventBusSubscriber classes into the eventbus for fabric_loot_api_v2
[08set.2026 23:14:54.060] [modloading-worker-0/DEBUG] [net.neoforged.fml.javafmlmod.AutomaticEventSubscriber/]: Subscribing @EventBusSubscriber class Lnet/fabricmc/fabric/impl/event/interaction/InteractionEventHooks; to the game event bus
[08set.2026 23:14:54.062] [modloading-worker-0/DEBUG] [net.neoforged.fml.javafmlmod.AutomaticEventSubscriber/LOADING]: Attempting to inject @EventBusSubscriber classes into the eventbus for geckolib
[08set.2026 23:14:54.064] [modloading-worker-0/INFO] [elementals/]: Initialising the cool stuff...
[08set.2026 23:14:54.074] [modloading-worker-0/DEBUG] [net.neoforged.fml.javafmlmod.AutomaticEventSubscriber/LOADING]: Attempting to inject @EventBusSubscriber classes into the eventbus for fabric_recipe_api_v1
[08set.2026 23:14:54.081] [modloading-worker-0/DEBUG] [net.neoforged.neoforge.internal.versions.neoforge.NeoForgeVersion/CORE]: Found NeoForge version 21.1.235
[08set.2026 23:14:54.082] [modloading-worker-0/DEBUG] [net.neoforged.neoforge.internal.versions.neoforge.NeoForgeVersion/CORE]: Found FML version 4.0.42
[08set.2026 23:14:54.082] [modloading-worker-0/INFO] [net.neoforged.neoforge.common.NeoForgeMod/NEOFORGE-MOD]: NeoForge mod loading, version 21.1.235, for MC 1.21.1
[08set.2026 23:14:54.085] [modloading-worker-0/DEBUG] [net.neoforged.fml.javafmlmod.AutomaticEventSubscriber/LOADING]: Attempting to inject @EventBusSubscriber classes into the eventbus for fabric_resource_conditions_api_v1
[08set.2026 23:14:54.085] [modloading-worker-0/DEBUG] [mixin/]: Mixing client.GameRendererMixin from lodestone.mixins.json into net.minecraft.client.renderer.GameRenderer
[08set.2026 23:14:54.085] [modloading-worker-0/DEBUG] [net.neoforged.fml.javafmlmod.AutomaticEventSubscriber/LOADING]: Attempting to inject @EventBusSubscriber classes into the eventbus for commonnetworking
[08set.2026 23:14:54.085] [modloading-worker-0/DEBUG] [mixin/]: lodestone.mixins.json:client.GameRendererMixin from mod lodestone: Class version 65 required is higher than the class version supported by the current version of Mixin (JAVA_17 supports class version 61)
[08set.2026 23:14:54.097] [modloading-worker-0/DEBUG] [mixin/]: Mixing client.GameRendererMixin from elementals.mixins.json into net.minecraft.client.renderer.GameRenderer
[08set.2026 23:14:54.098] [modloading-worker-0/DEBUG] [mixin/]: elementals.mixins.json:client.GameRendererMixin from mod elementals: Class version 65 required is higher than the class version supported by the current version of Mixin (JAVA_18 supports class version 62)
[08set.2026 23:14:54.126] [modloading-worker-0/DEBUG] [mixin/]: lodestone.mixins.json:client.GameRendererMixin from mod lodestone->@Inject::lodestone$injectionResizeListener(IILorg/spongepowered/asm/mixin/injection/callback/CallbackInfo;)V doesn't use it's CallbackInfo
[08set.2026 23:14:54.127] [modloading-worker-0/DEBUG] [mixin/]: lodestone.mixins.json:client.GameRendererMixin from mod lodestone->@Inject::lodestone$injectionResizeListener(IILorg/spongepowered/asm/mixin/injection/callback/CallbackInfo;)V has 0 override(s) in child classes
[08set.2026 23:14:54.127] [modloading-worker-0/DEBUG] [mixin/]: lodestone.mixins.json:client.GameRendererMixin from mod lodestone->@Inject::lodestone$injectionResizeListener(IILorg/spongepowered/asm/mixin/injection/callback/CallbackInfo;)V won't be passed a CallbackInfo as a result
[08set.2026 23:14:54.128] [modloading-worker-0/DEBUG] [mixin/]: lodestone.mixins.json:client.GameRendererMixin from mod lodestone->@Inject::lodestone$beforeRenderLevel(Lnet/minecraft/client/DeltaTracker;Lorg/spongepowered/asm/mixin/injection/callback/CallbackInfo;)V doesn't use it's CallbackInfo
[08set.2026 23:14:54.128] [modloading-worker-0/DEBUG] [mixin/]: lodestone.mixins.json:client.GameRendererMixin from mod lodestone->@Inject::lodestone$beforeRenderLevel(Lnet/minecraft/client/DeltaTracker;Lorg/spongepowered/asm/mixin/injection/callback/CallbackInfo;)V has 0 override(s) in child classes
[08set.2026 23:14:54.128] [modloading-worker-0/DEBUG] [mixin/]: lodestone.mixins.json:client.GameRendererMixin from mod lodestone->@Inject::lodestone$beforeRenderLevel(Lnet/minecraft/client/DeltaTracker;Lorg/spongepowered/asm/mixin/injection/callback/CallbackInfo;)V won't be passed a CallbackInfo as a result
[08set.2026 23:14:54.129] [modloading-worker-0/DEBUG] [mixin/]: ArgsClassGenerator assigning org.spongepowered.asm.synthetic.args.Args$1 for descriptor (FFF)V
[08set.2026 23:14:54.131] [modloading-worker-0/DEBUG] [mixin/]: lodestone.mixins.json:client.GameRendererMixin from mod lodestone->@Inject::lodestone$clearViewBob(Lorg/spongepowered/asm/mixin/injection/callback/CallbackInfo;)V doesn't use it's CallbackInfo
[08set.2026 23:14:54.131] [modloading-worker-0/DEBUG] [mixin/]: lodestone.mixins.json:client.GameRendererMixin from mod lodestone->@Inject::lodestone$clearViewBob(Lorg/spongepowered/asm/mixin/injection/callback/CallbackInfo;)V has 0 override(s) in child classes
[08set.2026 23:14:54.131] [modloading-worker-0/DEBUG] [mixin/]: lodestone.mixins.json:client.GameRendererMixin from mod lodestone->@Inject::lodestone$clearViewBob(Lorg/spongepowered/asm/mixin/injection/callback/CallbackInfo;)V won't be passed a CallbackInfo as a result
[08set.2026 23:14:54.131] [modloading-worker-0/DEBUG] [mixin/]: elementals.mixins.json:client.GameRendererMixin from mod elementals->@Inject::onCamEntitySet(Lnet/minecraft/world/entity/Entity;Lorg/spongepowered/asm/mixin/injection/callback/CallbackInfo;)V doesn't use it's CallbackInfo
[08set.2026 23:14:54.131] [modloading-worker-0/DEBUG] [mixin/]: elementals.mixins.json:client.GameRendererMixin from mod elementals->@Inject::onCamEntitySet(Lnet/minecraft/world/entity/Entity;Lorg/spongepowered/asm/mixin/injection/callback/CallbackInfo;)V has 0 override(s) in child classes
[08set.2026 23:14:54.132] [modloading-worker-0/DEBUG] [mixin/]: elementals.mixins.json:client.GameRendererMixin from mod elementals->@Inject::onCamEntitySet(Lnet/minecraft/world/entity/Entity;Lorg/spongepowered/asm/mixin/injection/callback/CallbackInfo;)V won't be passed a CallbackInfo as a result
[08set.2026 23:14:54.132] [modloading-worker-0/DEBUG] [mixin/]: elementals.mixins.json:client.GameRendererMixin from mod elementals->@Inject::render(Lnet/minecraft/client/DeltaTracker;ZLorg/spongepowered/asm/mixin/injection/callback/CallbackInfo;)V doesn't use it's CallbackInfo
[08set.2026 23:14:54.132] [modloading-worker-0/DEBUG] [mixin/]: elementals.mixins.json:client.GameRendererMixin from mod elementals->@Inject::render(Lnet/minecraft/client/DeltaTracker;ZLorg/spongepowered/asm/mixin/injection/callback/CallbackInfo;)V has 0 override(s) in child classes
[08set.2026 23:14:54.132] [modloading-worker-0/DEBUG] [mixin/]: elementals.mixins.json:client.GameRendererMixin from mod elementals->@Inject::render(Lnet/minecraft/client/DeltaTracker;ZLorg/spongepowered/asm/mixin/injection/callback/CallbackInfo;)V won't be passed a CallbackInfo as a result
[08set.2026 23:14:54.132] [modloading-worker-0/DEBUG] [mixin/]: elementals.mixins.json:client.GameRendererMixin from mod elementals->@Inject::render(Lorg/spongepowered/asm/mixin/injection/callback/CallbackInfo;)V does use it's CallbackInfo
[08set.2026 23:14:54.146] [modloading-worker-0/DEBUG] [net.neoforged.fml.javafmlmod.AutomaticEventSubscriber/LOADING]: Attempting to inject @EventBusSubscriber classes into the eventbus for fabric_lifecycle_events_v1
[08set.2026 23:14:54.176] [modloading-worker-0/DEBUG] [net.neoforged.fml.config.ConfigTracker/CONFIG]: Config file lodestone-client.toml for lodestone tracking
[08set.2026 23:14:54.179] [modloading-worker-0/DEBUG] [net.neoforged.fml.config.ConfigTracker/CONFIG]: Config file neoforge-client.toml for neoforge tracking
[08set.2026 23:14:54.180] [modloading-worker-0/DEBUG] [net.neoforged.fml.config.ConfigTracker/CONFIG]: Config file neoforge-server.toml for neoforge tracking
[08set.2026 23:14:54.180] [modloading-worker-0/DEBUG] [net.neoforged.fml.config.ConfigTracker/CONFIG]: Config file neoforge-common.toml for neoforge tracking
[08set.2026 23:14:54.181] [modloading-worker-0/DEBUG] [mixin/]: Mixing shader.ShaderProgramMixin from fabric-rendering-v1.mixins.json into net.minecraft.client.renderer.ShaderInstance
[08set.2026 23:14:54.181] [modloading-worker-0/DEBUG] [mixin/]: fabric-rendering-v1.mixins.json:shader.ShaderProgramMixin from mod fabric_rendering_v1: Class version 65 required is higher than the class version supported by the current version of Mixin (JAVA_17 supports class version 61)
[08set.2026 23:14:54.183] [modloading-worker-0/DEBUG] [mixin/]: Mixing client.ShaderInstanceMixin from lodestone.mixins.json into net.minecraft.client.renderer.ShaderInstance
[08set.2026 23:14:54.183] [modloading-worker-0/DEBUG] [mixin/]: lodestone.mixins.json:client.ShaderInstanceMixin from mod lodestone: Class version 65 required is higher than the class version supported by the current version of Mixin (JAVA_17 supports class version 61)
[08set.2026 23:14:54.211] [modloading-worker-0/DEBUG] [mixin/]: fabric-rendering-v1.mixins.json:shader.ShaderProgramMixin from mod fabric_rendering_v1->@Inject::captureProgramName(Lnet/minecraft/server/packs/resources/ResourceProvider;Lcom/mojang/blaze3d/shaders/Program$Type;Ljava/lang/String;Lorg/spongepowered/asm/mixin/injection/callback/CallbackInfoReturnable;)V doesn't use it's CallbackInfoReturnable
[08set.2026 23:14:54.211] [modloading-worker-0/DEBUG] [mixin/]: fabric-rendering-v1.mixins.json:shader.ShaderProgramMixin from mod fabric_rendering_v1->@Inject::releaseProgramName(Lnet/minecraft/server/packs/resources/ResourceProvider;Lcom/mojang/blaze3d/shaders/Program$Type;Ljava/lang/String;Lorg/spongepowered/asm/mixin/injection/callback/CallbackInfoReturnable;)V doesn't use it's CallbackInfoReturnable
[08set.2026 23:14:54.211] [modloading-worker-0/DEBUG] [mixin/]: lodestone.mixins.json:client.ShaderInstanceMixin from mod lodestone->@Inject::lodestone$setGeometryProgram(Lnet/minecraft/server/packs/resources/ResourceProvider;Lnet/minecraft/resources/ResourceLocation;Lcom/mojang/blaze3d/vertex/VertexFormat;Lorg/spongepowered/asm/mixin/injection/callback/CallbackInfo;)V doesn't use it's CallbackInfo
[08set.2026 23:14:54.211] [modloading-worker-0/DEBUG] [mixin/]: lodestone.mixins.json:client.ShaderInstanceMixin from mod lodestone->@Inject::lodestone$setGeometryProgram(Lnet/minecraft/server/packs/resources/ResourceProvider;Lnet/minecraft/resources/ResourceLocation;Lcom/mojang/blaze3d/vertex/VertexFormat;Lorg/spongepowered/asm/mixin/injection/callback/CallbackInfo;)V has 0 override(s) in child classes
[08set.2026 23:14:54.211] [modloading-worker-0/DEBUG] [mixin/]: lodestone.mixins.json:client.ShaderInstanceMixin from mod lodestone->@Inject::lodestone$setGeometryProgram(Lnet/minecraft/server/packs/resources/ResourceProvider;Lnet/minecraft/resources/ResourceLocation;Lcom/mojang/blaze3d/vertex/VertexFormat;Lorg/spongepowered/asm/mixin/injection/callback/CallbackInfo;)V won't be passed a CallbackInfo as a result
[08set.2026 23:14:54.211] [modloading-worker-0/DEBUG] [mixin/]: lodestone.mixins.json:client.ShaderInstanceMixin from mod lodestone->@Inject::attachToProgram(Lorg/spongepowered/asm/mixin/injection/callback/CallbackInfo;)V doesn't use it's CallbackInfo
[08set.2026 23:14:54.211] [modloading-worker-0/DEBUG] [mixin/]: lodestone.mixins.json:client.ShaderInstanceMixin from mod lodestone->@Inject::attachToProgram(Lorg/spongepowered/asm/mixin/injection/callback/CallbackInfo;)V has 0 override(s) in child classes
[08set.2026 23:14:54.211] [modloading-worker-0/DEBUG] [mixin/]: lodestone.mixins.json:client.ShaderInstanceMixin from mod lodestone->@Inject::attachToProgram(Lorg/spongepowered/asm/mixin/injection/callback/CallbackInfo;)V won't be passed a CallbackInfo as a result
[08set.2026 23:14:54.211] [modloading-worker-0/DEBUG] [mixin/]: lodestone.mixins.json:client.ShaderInstanceMixin from mod lodestone->@Inject::close(Lorg/spongepowered/asm/mixin/injection/callback/CallbackInfo;)V doesn't use it's CallbackInfo
[08set.2026 23:14:54.211] [modloading-worker-0/DEBUG] [mixin/]: lodestone.mixins.json:client.ShaderInstanceMixin from mod lodestone->@Inject::close(Lorg/spongepowered/asm/mixin/injection/callback/CallbackInfo;)V has 0 override(s) in child classes
[08set.2026 23:14:54.211] [modloading-worker-0/DEBUG] [mixin/]: lodestone.mixins.json:client.ShaderInstanceMixin from mod lodestone->@Inject::close(Lorg/spongepowered/asm/mixin/injection/callback/CallbackInfo;)V won't be passed a CallbackInfo as a result
[08set.2026 23:14:54.227] [modloading-worker-0/DEBUG] [mixin/]: Mixing AttachmentTypeAccessor from fabric-data-attachment-api-v1.mixins.json into net.neoforged.neoforge.attachment.AttachmentType
[08set.2026 23:14:54.227] [modloading-worker-0/DEBUG] [mixin/]: fabric-data-attachment-api-v1.mixins.json:AttachmentTypeAccessor from mod fabric_data_attachment_api_v1: Class version 65 required is higher than the class version supported by the current version of Mixin (JAVA_17 supports class version 61)
[08set.2026 23:14:54.228] [modloading-worker-0/DEBUG] [mixin/]: Mixing JsonDataLoaderMixin from fabric-resource-conditions-api-v1.mixins.json into net.minecraft.server.packs.resources.SimpleJsonResourceReloadListener
[08set.2026 23:14:54.228] [modloading-worker-0/DEBUG] [mixin/]: fabric-resource-conditions-api-v1.mixins.json:JsonDataLoaderMixin from mod fabric_resource_conditions_api_v1: Class version 65 required is higher than the class version supported by the current version of Mixin (JAVA_17 supports class version 61)
[08set.2026 23:14:54.230] [modloading-worker-0/DEBUG] [mixin/]: Mixing JsonDataLoaderMixin from fabric-loot-api-v3.mixins.json into net.minecraft.server.packs.resources.SimpleJsonResourceReloadListener
[08set.2026 23:14:54.230] [modloading-worker-0/DEBUG] [mixin/]: fabric-loot-api-v3.mixins.json:JsonDataLoaderMixin from mod fabric_loot_api_v3: Class version 65 required is higher than the class version supported by the current version of Mixin (JAVA_17 supports class version 61)
[08set.2026 23:14:54.239] [modloading-worker-0/DEBUG] [mixin/]: fabric-loot-api-v3.mixins.json:JsonDataLoaderMixin from mod fabric_loot_api_v3->@Inject::fillSourceMap(Lnet/minecraft/server/packs/resources/ResourceManager;Ljava/lang/String;Lcom/google/gson/Gson;Ljava/util/Map;Lorg/spongepowered/asm/mixin/injection/callback/CallbackInfo;)V doesn't use it's CallbackInfo
[08set.2026 23:14:54.244] [modloading-worker-0/DEBUG] [mixin/]: Mixing client.SpriteAtlasTextureMixin from fabric-renderer-api-v1.mixins.json into net.minecraft.client.renderer.texture.TextureAtlas
[08set.2026 23:14:54.247] [modloading-worker-0/DEBUG] [mixin/]: fabric-renderer-api-v1.mixins.json:client.SpriteAtlasTextureMixin from mod fabric_renderer_api_v1->@Inject::uploadHook(Lnet/minecraft/client/renderer/texture/SpriteLoader$Preparations;Lorg/spongepowered/asm/mixin/injection/callback/CallbackInfo;)V doesn't use it's CallbackInfo
[08set.2026 23:14:54.247] [modloading-worker-0/DEBUG] [mixin/]: fabric-renderer-api-v1.mixins.json:client.SpriteAtlasTextureMixin from mod fabric_renderer_api_v1->@Inject::uploadHook(Lnet/minecraft/client/renderer/texture/SpriteLoader$Preparations;Lorg/spongepowered/asm/mixin/injection/callback/CallbackInfo;)V has 0 override(s) in child classes
[08set.2026 23:14:54.247] [modloading-worker-0/DEBUG] [mixin/]: fabric-renderer-api-v1.mixins.json:client.SpriteAtlasTextureMixin from mod fabric_renderer_api_v1->@Inject::uploadHook(Lnet/minecraft/client/renderer/texture/SpriteLoader$Preparations;Lorg/spongepowered/asm/mixin/injection/callback/CallbackInfo;)V won't be passed a CallbackInfo as a result
[08set.2026 23:14:54.254] [modloading-worker-0/DEBUG] [net.neoforged.fml.javafmlmod.AutomaticEventSubscriber/LOADING]: Attempting to inject @EventBusSubscriber classes into the eventbus for lodestone
[08set.2026 23:14:54.254] [modloading-worker-0/DEBUG] [net.neoforged.fml.javafmlmod.AutomaticEventSubscriber/LOADING]: Scanning class team.lodestar.lodestone.systems.rendering.shader.compute.SystemDetails for @SubscribeEvent-annotated methods
[08set.2026 23:14:54.256] [modloading-worker-0/DEBUG] [net.neoforged.fml.javafmlmod.AutomaticEventSubscriber/]: Subscribing @EventBusSubscriber class Lteam/lodestar/lodestone/systems/rendering/shader/compute/SystemDetails; to the mod event bus of mod lodestone
[08set.2026 23:14:54.257] [modloading-worker-0/DEBUG] [net.neoforged.fml.javafmlmod.AutomaticEventSubscriber/LOADING]: Scanning class team.lodestar.lodestone.systems.postprocess.PostProcessHandler for @SubscribeEvent-annotated methods
[08set.2026 23:14:54.266] [modloading-worker-0/DEBUG] [net.neoforged.fml.javafmlmod.AutomaticEventSubscriber/]: Subscribing @EventBusSubscriber class Lteam/lodestar/lodestone/systems/postprocess/PostProcessHandler; to the game event bus
[08set.2026 23:14:54.267] [modloading-worker-0/DEBUG] [net.neoforged.fml.javafmlmod.AutomaticEventSubscriber/LOADING]: Scanning class team.lodestar.lodestone.registry.common.LodestoneNetworkPayloads for @SubscribeEvent-annotated methods
[08set.2026 23:14:54.270] [modloading-worker-0/DEBUG] [net.neoforged.fml.javafmlmod.AutomaticEventSubscriber/]: Subscribing @EventBusSubscriber class Lteam/lodestar/lodestone/registry/common/LodestoneNetworkPayloads; to the mod event bus of mod lodestone
[08set.2026 23:14:54.271] [modloading-worker-0/DEBUG] [net.neoforged.fml.javafmlmod.AutomaticEventSubscriber/LOADING]: Scanning class team.lodestar.lodestone.registry.common.LodestoneCommands for @SubscribeEvent-annotated methods
[08set.2026 23:14:54.272] [modloading-worker-0/DEBUG] [net.neoforged.fml.javafmlmod.AutomaticEventSubscriber/]: Subscribing @EventBusSubscriber class Lteam/lodestar/lodestone/registry/common/LodestoneCommands; to the game event bus
[08set.2026 23:14:54.272] [modloading-worker-0/DEBUG] [net.neoforged.fml.javafmlmod.AutomaticEventSubscriber/LOADING]: Scanning class team.lodestar.lodestone.registry.common.LodestoneBlockEntities$ClientOnly for @SubscribeEvent-annotated methods
[08set.2026 23:14:54.273] [modloading-worker-0/DEBUG] [net.neoforged.fml.javafmlmod.AutomaticEventSubscriber/]: Subscribing @EventBusSubscriber class Lteam/lodestar/lodestone/registry/common/LodestoneBlockEntities$ClientOnly; to the mod event bus of mod lodestone
[08set.2026 23:14:54.274] [modloading-worker-0/DEBUG] [net.neoforged.fml.javafmlmod.AutomaticEventSubscriber/LOADING]: Scanning class team.lodestar.lodestone.registry.common.LodestoneAttributes for @SubscribeEvent-annotated methods
[08set.2026 23:14:54.274] [modloading-worker-0/DEBUG] [net.neoforged.fml.javafmlmod.AutomaticEventSubscriber/]: Subscribing @EventBusSubscriber class Lteam/lodestar/lodestone/registry/common/LodestoneAttributes; to the mod event bus of mod lodestone
[08set.2026 23:14:54.275] [modloading-worker-0/DEBUG] [net.neoforged.fml.javafmlmod.AutomaticEventSubscriber/LOADING]: Scanning class team.lodestar.lodestone.registry.client.LodestoneShaders for @SubscribeEvent-annotated methods
[08set.2026 23:14:54.298] [modloading-worker-0/DEBUG] [mixin/]: Mixing IClientFluidTypeExtensionsMixin from fabric-rendering-fluids-v1.mixins.json into net.neoforged.neoforge.client.extensions.common.IClientFluidTypeExtensions
[08set.2026 23:14:54.299] [modloading-worker-0/DEBUG] [mixin/]: fabric-rendering-fluids-v1.mixins.json:IClientFluidTypeExtensionsMixin from mod fabric_rendering_fluids_v1: Class version 65 required is higher than the class version supported by the current version of Mixin (JAVA_17 supports class version 61)
[08set.2026 23:14:54.307] [modloading-worker-0/DEBUG] [net.neoforged.fml.javafmlmod.AutomaticEventSubscriber/]: Subscribing @EventBusSubscriber class Lteam/lodestar/lodestone/registry/client/LodestoneShaders; to the mod event bus of mod lodestone
[08set.2026 23:14:54.308] [modloading-worker-0/DEBUG] [net.neoforged.fml.javafmlmod.AutomaticEventSubscriber/LOADING]: Scanning class team.lodestar.lodestone.registry.client.LodestonePostProcessEffects for @SubscribeEvent-annotated methods
[08set.2026 23:14:54.321] [modloading-worker-0/DEBUG] [mixin/]: Mixing KeyedResourceReloadListenerClientMixin from fabric-resource-loader-v0.client.mixins.json into net.minecraft.client.renderer.entity.ItemRenderer
[08set.2026 23:14:54.321] [modloading-worker-0/DEBUG] [mixin/]: fabric-resource-loader-v0.client.mixins.json:KeyedResourceReloadListenerClientMixin from mod fabric_resource_loader_v0: Class version 65 required is higher than the class version supported by the current version of Mixin (JAVA_17 supports class version 61)
[08set.2026 23:14:54.324] [modloading-worker-0/DEBUG] [mixin/]: Mixing ItemRendererAccessor from fabric-renderer-indigo.mixins.json into net.minecraft.client.renderer.entity.ItemRenderer
[08set.2026 23:14:54.324] [modloading-worker-0/DEBUG] [mixin/]: Renaming @Invoker method fabric_callUsesDynamicDisplay(Lnet/minecraft/world/item/ItemStack;)Z to fabric_callUsesDynamicDisplay$fabric_renderer_indigo_$md$61b50d$0 in fabric-renderer-indigo.mixins.json:ItemRendererAccessor from mod fabric_renderer_indigo
[08set.2026 23:14:54.324] [modloading-worker-0/DEBUG] [mixin/]: Mixing ItemRendererMixin from fabric-renderer-indigo.mixins.json into net.minecraft.client.renderer.entity.ItemRenderer
[08set.2026 23:14:54.325] [modloading-worker-0/DEBUG] [mixin/]: Renaming synthetic method lambda$new$0()Lnet/fabricmc/fabric/impl/client/indigo/renderer/render/ItemRenderContext; to md61b50d$fabric_renderer_indigo$lambda$new$0$1 in fabric-renderer-indigo.mixins.json:ItemRendererMixin from mod fabric_renderer_indigo
[08set.2026 23:14:54.330] [modloading-worker-0/DEBUG] [mixin/]: fabric-renderer-indigo.mixins.json:ItemRendererMixin from mod fabric_renderer_indigo->@Inject::hook_renderItem(Lnet/minecraft/world/item/ItemStack;Lnet/minecraft/world/item/ItemDisplayContext;ZLcom/mojang/blaze3d/vertex/PoseStack;Lnet/minecraft/client/renderer/MultiBufferSource;IILnet/minecraft/client/resources/model/BakedModel;Lorg/spongepowered/asm/mixin/injection/callback/CallbackInfo;)V does use it's CallbackInfo
[08set.2026 23:14:54.332] [modloading-worker-0/DEBUG] [net.neoforged.fml.javafmlmod.AutomaticEventSubscriber/]: Subscribing @EventBusSubscriber class Lteam/lodestar/lodestone/registry/client/LodestonePostProcessEffects; to the mod event bus of mod lodestone
[08set.2026 23:14:54.333] [modloading-worker-0/DEBUG] [net.neoforged.fml.javafmlmod.AutomaticEventSubscriber/LOADING]: Scanning class team.lodestar.lodestone.registry.client.LodestoneModels for @SubscribeEvent-annotated methods
[08set.2026 23:14:54.338] [modloading-worker-0/DEBUG] [net.neoforged.fml.javafmlmod.AutomaticEventSubscriber/]: Subscribing @EventBusSubscriber class Lteam/lodestar/lodestone/registry/client/LodestoneModels; to the mod event bus of mod lodestone
[08set.2026 23:14:54.338] [modloading-worker-0/DEBUG] [net.neoforged.fml.javafmlmod.AutomaticEventSubscriber/LOADING]: Scanning class team.lodestar.lodestone.events.ModEvents for @SubscribeEvent-annotated methods
[08set.2026 23:14:54.339] [modloading-worker-0/DEBUG] [net.neoforged.fml.javafmlmod.AutomaticEventSubscriber/]: Subscribing @EventBusSubscriber class Lteam/lodestar/lodestone/events/ModEvents; to the mod event bus of mod lodestone
[08set.2026 23:14:54.341] [modloading-worker-0/DEBUG] [net.neoforged.fml.javafmlmod.AutomaticEventSubscriber/LOADING]: Scanning class team.lodestar.lodestone.events.GameEvents for @SubscribeEvent-annotated methods
[08set.2026 23:14:54.342] [modloading-worker-0/DEBUG] [net.neoforged.fml.javafmlmod.AutomaticEventSubscriber/]: Subscribing @EventBusSubscriber class Lteam/lodestar/lodestone/events/GameEvents; to the game event bus
[08set.2026 23:14:54.344] [modloading-worker-0/DEBUG] [net.neoforged.fml.javafmlmod.AutomaticEventSubscriber/LOADING]: Scanning class team.lodestar.lodestone.events.ClientModEvents for @SubscribeEvent-annotated methods
[08set.2026 23:14:54.345] [modloading-worker-0/DEBUG] [net.neoforged.fml.javafmlmod.AutomaticEventSubscriber/]: Subscribing @EventBusSubscriber class Lteam/lodestar/lodestone/events/ClientModEvents; to the mod event bus of mod lodestone
[08set.2026 23:14:54.346] [modloading-worker-0/DEBUG] [mixin/]: Mixing client.LevelRendererMixin from geckolib.mixins.json into net.minecraft.client.renderer.LevelRenderer
[08set.2026 23:14:54.346] [modloading-worker-0/DEBUG] [net.neoforged.fml.javafmlmod.AutomaticEventSubscriber/LOADING]: Scanning class team.lodestar.lodestone.events.ClientGameEvents for @SubscribeEvent-annotated methods
[08set.2026 23:14:54.346] [modloading-worker-0/DEBUG] [mixin/]: geckolib.mixins.json:client.LevelRendererMixin from mod geckolib: Class version 65 required is higher than the class version supported by the current version of Mixin (JAVA_17 supports class version 61)
[08set.2026 23:14:54.346] [modloading-worker-0/DEBUG] [mixin/]: Renaming synthetic method lambda$geckolib$captureRenderedEntities$0(I)D to md61b50d$geckolib$lambda$geckolib$captureRenderedEntities$0$0 in geckolib.mixins.json:client.LevelRendererMixin from mod geckolib
[08set.2026 23:14:54.347] [modloading-worker-0/DEBUG] [net.neoforged.fml.javafmlmod.AutomaticEventSubscriber/LOADING]: Attempting to inject @EventBusSubscriber classes into the eventbus for neoforge
[08set.2026 23:14:54.347] [modloading-worker-0/DEBUG] [net.neoforged.fml.javafmlmod.AutomaticEventSubscriber/LOADING]: Scanning class net.neoforged.neoforge.server.command.ConfigCommand for @SubscribeEvent-annotated methods
[08set.2026 23:14:54.347] [modloading-worker-0/DEBUG] [mixin/]: Mixing KeyedResourceReloadListenerClientMixin from fabric-resource-loader-v0.client.mixins.json into net.minecraft.client.renderer.LevelRenderer
[08set.2026 23:14:54.347] [modloading-worker-0/DEBUG] [mixin/]: fabric-resource-loader-v0.client.mixins.json:KeyedResourceReloadListenerClientMixin from mod fabric_resource_loader_v0: Class version 65 required is higher than the class version supported by the current version of Mixin (JAVA_17 supports class version 61)
[08set.2026 23:14:54.349] [modloading-worker-0/DEBUG] [mixin/]: Mixing WorldRendererMixin from fabric-rendering-v1.mixins.json into net.minecraft.client.renderer.LevelRenderer
[08set.2026 23:14:54.349] [modloading-worker-0/DEBUG] [mixin/]: fabric-rendering-v1.mixins.json:WorldRendererMixin from mod fabric_rendering_v1: Class version 65 required is higher than the class version supported by the current version of Mixin (JAVA_17 supports class version 61)
[08set.2026 23:14:54.355] [modloading-worker-0/DEBUG] [mixin/]: Mixing client.LevelRendererMixin from lodestone.mixins.json into net.minecraft.client.renderer.LevelRenderer
[08set.2026 23:14:54.356] [modloading-worker-0/DEBUG] [mixin/]: lodestone.mixins.json:client.LevelRendererMixin from mod lodestone: Class version 65 required is higher than the class version supported by the current version of Mixin (JAVA_17 supports class version 61)
[08set.2026 23:14:54.356] [modloading-worker-0/DEBUG] [mixin/]: Mixing client.SeismicSenseBlockHighlightMixin from elementals.mixins.json into net.minecraft.client.renderer.LevelRenderer
[08set.2026 23:14:54.356] [modloading-worker-0/DEBUG] [mixin/]: elementals.mixins.json:client.SeismicSenseBlockHighlightMixin from mod elementals: Class version 65 required is higher than the class version supported by the current version of Mixin (JAVA_18 supports class version 62)
[08set.2026 23:14:54.383] [modloading-worker-0/DEBUG] [mixin/]: geckolib.mixins.json:client.LevelRendererMixin from mod geckolib->@Inject::geckolib$captureRenderedEntities(Lnet/minecraft/client/DeltaTracker;ZLnet/minecraft/client/Camera;Lnet/minecraft/client/renderer/GameRenderer;Lnet/minecraft/client/renderer/LightTexture;Lorg/joml/Matrix4f;Lorg/joml/Matrix4f;Lorg/spongepowered/asm/mixin/injection/callback/CallbackInfo;)V doesn't use it's CallbackInfo
[08set.2026 23:14:54.383] [modloading-worker-0/DEBUG] [mixin/]: geckolib.mixins.json:client.LevelRendererMixin from mod geckolib->@Inject::geckolib$captureRenderedEntities(Lnet/minecraft/client/DeltaTracker;ZLnet/minecraft/client/Camera;Lnet/minecraft/client/renderer/GameRenderer;Lnet/minecraft/client/renderer/LightTexture;Lorg/joml/Matrix4f;Lorg/joml/Matrix4f;Lorg/spongepowered/asm/mixin/injection/callback/CallbackInfo;)V has 0 override(s) in child classes
[08set.2026 23:14:54.384] [modloading-worker-0/DEBUG] [mixin/]: geckolib.mixins.json:client.LevelRendererMixin from mod geckolib->@Inject::geckolib$captureRenderedEntities(Lnet/minecraft/client/DeltaTracker;ZLnet/minecraft/client/Camera;Lnet/minecraft/client/renderer/GameRenderer;Lnet/minecraft/client/renderer/LightTexture;Lorg/joml/Matrix4f;Lorg/joml/Matrix4f;Lorg/spongepowered/asm/mixin/injection/callback/CallbackInfo;)V won't be passed a CallbackInfo as a result
[08set.2026 23:14:54.384] [modloading-worker-0/DEBUG] [mixin/]: fabric-rendering-v1.mixins.json:WorldRendererMixin from mod fabric_rendering_v1->@Inject::beforeRender(Lnet/minecraft/client/DeltaTracker;ZLnet/minecraft/client/Camera;Lnet/minecraft/client/renderer/GameRenderer;Lnet/minecraft/client/renderer/LightTexture;Lorg/joml/Matrix4f;Lorg/joml/Matrix4f;Lorg/spongepowered/asm/mixin/injection/callback/CallbackInfo;)V doesn't use it's CallbackInfo
[08set.2026 23:14:54.384] [modloading-worker-0/DEBUG] [mixin/]: fabric-rendering-v1.mixins.json:WorldRendererMixin from mod fabric_rendering_v1->@Inject::beforeRender(Lnet/minecraft/client/DeltaTracker;ZLnet/minecraft/client/Camera;Lnet/minecraft/client/renderer/GameRenderer;Lnet/minecraft/client/renderer/LightTexture;Lorg/joml/Matrix4f;Lorg/joml/Matrix4f;Lorg/spongepowered/asm/mixin/injection/callback/CallbackInfo;)V has 0 override(s) in child classes
[08set.2026 23:14:54.384] [modloading-worker-0/DEBUG] [mixin/]: fabric-rendering-v1.mixins.json:WorldRendererMixin from mod fabric_rendering_v1->@Inject::beforeRender(Lnet/minecraft/client/DeltaTracker;ZLnet/minecraft/client/Camera;Lnet/minecraft/client/renderer/GameRenderer;Lnet/minecraft/client/renderer/LightTexture;Lorg/joml/Matrix4f;Lorg/joml/Matrix4f;Lorg/spongepowered/asm/mixin/injection/callback/CallbackInfo;)V won't be passed a CallbackInfo as a result
[08set.2026 23:14:54.384] [modloading-worker-0/DEBUG] [mixin/]: fabric-rendering-v1.mixins.json:WorldRendererMixin from mod fabric_rendering_v1->@Inject::afterTerrainSetup(Lnet/minecraft/client/Camera;Lnet/minecraft/client/renderer/culling/Frustum;ZZLorg/spongepowered/asm/mixin/injection/callback/CallbackInfo;)V doesn't use it's CallbackInfo
[08set.2026 23:14:54.384] [modloading-worker-0/DEBUG] [mixin/]: fabric-rendering-v1.mixins.json:WorldRendererMixin from mod fabric_rendering_v1->@Inject::afterTerrainSetup(Lnet/minecraft/client/Camera;Lnet/minecraft/client/renderer/culling/Frustum;ZZLorg/spongepowered/asm/mixin/injection/callback/CallbackInfo;)V has 0 override(s) in child classes
[08set.2026 23:14:54.384] [modloading-worker-0/DEBUG] [mixin/]: fabric-rendering-v1.mixins.json:WorldRendererMixin from mod fabric_rendering_v1->@Inject::afterTerrainSetup(Lnet/minecraft/client/Camera;Lnet/minecraft/client/renderer/culling/Frustum;ZZLorg/spongepowered/asm/mixin/injection/callback/CallbackInfo;)V won't be passed a CallbackInfo as a result
[08set.2026 23:14:54.384] [modloading-worker-0/DEBUG] [mixin/]: fabric-rendering-v1.mixins.json:WorldRendererMixin from mod fabric_rendering_v1->@Inject::afterTerrainSolid(Lorg/spongepowered/asm/mixin/injection/callback/CallbackInfo;)V doesn't use it's CallbackInfo
[08set.2026 23:14:54.384] [modloading-worker-0/DEBUG] [mixin/]: fabric-rendering-v1.mixins.json:WorldRendererMixin from mod fabric_rendering_v1->@Inject::afterTerrainSolid(Lorg/spongepowered/asm/mixin/injection/callback/CallbackInfo;)V has 0 override(s) in child classes
[08set.2026 23:14:54.384] [modloading-worker-0/DEBUG] [mixin/]: fabric-rendering-v1.mixins.json:WorldRendererMixin from mod fabric_rendering_v1->@Inject::afterTerrainSolid(Lorg/spongepowered/asm/mixin/injection/callback/CallbackInfo;)V won't be passed a CallbackInfo as a result
[08set.2026 23:14:54.384] [modloading-worker-0/DEBUG] [mixin/]: fabric-rendering-v1.mixins.json:WorldRendererMixin from mod fabric_rendering_v1->@Inject::afterEntities(Lorg/spongepowered/asm/mixin/injection/callback/CallbackInfo;)V doesn't use it's CallbackInfo
[08set.2026 23:14:54.384] [modloading-worker-0/DEBUG] [mixin/]: fabric-rendering-v1.mixins.json:WorldRendererMixin from mod fabric_rendering_v1->@Inject::afterEntities(Lorg/spongepowered/asm/mixin/injection/callback/CallbackInfo;)V has 0 override(s) in child classes
[08set.2026 23:14:54.384] [modloading-worker-0/DEBUG] [mixin/]: fabric-rendering-v1.mixins.json:WorldRendererMixin from mod fabric_rendering_v1->@Inject::afterEntities(Lorg/spongepowered/asm/mixin/injection/callback/CallbackInfo;)V won't be passed a CallbackInfo as a result
[08set.2026 23:14:54.384] [modloading-worker-0/DEBUG] [mixin/]: fabric-rendering-v1.mixins.json:WorldRendererMixin from mod fabric_rendering_v1->@Inject::beforeRenderOutline(Lorg/spongepowered/asm/mixin/injection/callback/CallbackInfo;)V doesn't use it's CallbackInfo
[08set.2026 23:14:54.384] [modloading-worker-0/DEBUG] [mixin/]: fabric-rendering-v1.mixins.json:WorldRendererMixin from mod fabric_rendering_v1->@Inject::beforeRenderOutline(Lorg/spongepowered/asm/mixin/injection/callback/CallbackInfo;)V has 0 override(s) in child classes
[08set.2026 23:14:54.384] [modloading-worker-0/DEBUG] [mixin/]: fabric-rendering-v1.mixins.json:WorldRendererMixin from mod fabric_rendering_v1->@Inject::beforeRenderOutline(Lorg/spongepowered/asm/mixin/injection/callback/CallbackInfo;)V won't be passed a CallbackInfo as a result
[08set.2026 23:14:54.384] [modloading-worker-0/DEBUG] [mixin/]: fabric-rendering-v1.mixins.json:WorldRendererMixin from mod fabric_rendering_v1->@Inject::onDrawBlockOutline(Lcom/mojang/blaze3d/vertex/PoseStack;Lcom/mojang/blaze3d/vertex/VertexConsumer;Lnet/minecraft/world/entity/Entity;DDDLnet/minecraft/core/BlockPos;Lnet/minecraft/world/level/block/state/BlockState;Lorg/spongepowered/asm/mixin/injection/callback/CallbackInfo;)V does use it's CallbackInfo
[08set.2026 23:14:54.385] [modloading-worker-0/DEBUG] [mixin/]: fabric-rendering-v1.mixins.json:WorldRendererMixin from mod fabric_rendering_v1->@Inject::beforeDebugRender(Lorg/spongepowered/asm/mixin/injection/callback/CallbackInfo;)V doesn't use it's CallbackInfo
[08set.2026 23:14:54.385] [modloading-worker-0/DEBUG] [mixin/]: fabric-rendering-v1.mixins.json:WorldRendererMixin from mod fabric_rendering_v1->@Inject::beforeDebugRender(Lorg/spongepowered/asm/mixin/injection/callback/CallbackInfo;)V has 0 override(s) in child classes
[08set.2026 23:14:54.385] [modloading-worker-0/DEBUG] [mixin/]: fabric-rendering-v1.mixins.json:WorldRendererMixin from mod fabric_rendering_v1->@Inject::beforeDebugRender(Lorg/spongepowered/asm/mixin/injection/callback/CallbackInfo;)V won't be passed a CallbackInfo as a result
[08set.2026 23:14:54.385] [modloading-worker-0/DEBUG] [mixin/]: fabric-rendering-v1.mixins.json:WorldRendererMixin from mod fabric_rendering_v1->@Inject::beforeClouds(Lorg/spongepowered/asm/mixin/injection/callback/CallbackInfo;)V doesn't use it's CallbackInfo
[08set.2026 23:14:54.385] [modloading-worker-0/DEBUG] [mixin/]: fabric-rendering-v1.mixins.json:WorldRendererMixin from mod fabric_rendering_v1->@Inject::beforeClouds(Lorg/spongepowered/asm/mixin/injection/callback/CallbackInfo;)V has 0 override(s) in child classes
[08set.2026 23:14:54.385] [modloading-worker-0/DEBUG] [mixin/]: fabric-rendering-v1.mixins.json:WorldRendererMixin from mod fabric_rendering_v1->@Inject::beforeClouds(Lorg/spongepowered/asm/mixin/injection/callback/CallbackInfo;)V won't be passed a CallbackInfo as a result
[08set.2026 23:14:54.385] [modloading-worker-0/DEBUG] [mixin/]: fabric-rendering-v1.mixins.json:WorldRendererMixin from mod fabric_rendering_v1->@Inject::onChunkDebugRender(Lorg/spongepowered/asm/mixin/injection/callback/CallbackInfo;)V doesn't use it's CallbackInfo
[08set.2026 23:14:54.385] [modloading-worker-0/DEBUG] [mixin/]: fabric-rendering-v1.mixins.json:WorldRendererMixin from mod fabric_rendering_v1->@Inject::onChunkDebugRender(Lorg/spongepowered/asm/mixin/injection/callback/CallbackInfo;)V has 0 override(s) in child classes
[08set.2026 23:14:54.385] [modloading-worker-0/DEBUG] [mixin/]: fabric-rendering-v1.mixins.json:WorldRendererMixin from mod fabric_rendering_v1->@Inject::onChunkDebugRender(Lorg/spongepowered/asm/mixin/injection/callback/CallbackInfo;)V won't be passed a CallbackInfo as a result
[08set.2026 23:14:54.385] [modloading-worker-0/DEBUG] [mixin/]: fabric-rendering-v1.mixins.json:WorldRendererMixin from mod fabric_rendering_v1->@Inject::afterRender(Lorg/spongepowered/asm/mixin/injection/callback/CallbackInfo;)V doesn't use it's CallbackInfo
[08set.2026 23:14:54.385] [modloading-worker-0/DEBUG] [mixin/]: fabric-rendering-v1.mixins.json:WorldRendererMixin from mod fabric_rendering_v1->@Inject::afterRender(Lorg/spongepowered/asm/mixin/injection/callback/CallbackInfo;)V has 0 override(s) in child classes
[08set.2026 23:14:54.385] [modloading-worker-0/DEBUG] [mixin/]: fabric-rendering-v1.mixins.json:WorldRendererMixin from mod fabric_rendering_v1->@Inject::afterRender(Lorg/spongepowered/asm/mixin/injection/callback/CallbackInfo;)V won't be passed a CallbackInfo as a result
[08set.2026 23:14:54.385] [modloading-worker-0/DEBUG] [mixin/]: fabric-rendering-v1.mixins.json:WorldRendererMixin from mod fabric_rendering_v1->@Inject::onReload(Lorg/spongepowered/asm/mixin/injection/callback/CallbackInfo;)V doesn't use it's CallbackInfo
[08set.2026 23:14:54.385] [modloading-worker-0/DEBUG] [mixin/]: fabric-rendering-v1.mixins.json:WorldRendererMixin from mod fabric_rendering_v1->@Inject::onReload(Lorg/spongepowered/asm/mixin/injection/callback/CallbackInfo;)V has 0 override(s) in child classes
[08set.2026 23:14:54.385] [modloading-worker-0/DEBUG] [mixin/]: fabric-rendering-v1.mixins.json:WorldRendererMixin from mod fabric_rendering_v1->@Inject::onReload(Lorg/spongepowered/asm/mixin/injection/callback/CallbackInfo;)V won't be passed a CallbackInfo as a result
[08set.2026 23:14:54.385] [modloading-worker-0/DEBUG] [mixin/]: fabric-rendering-v1.mixins.json:WorldRendererMixin from mod fabric_rendering_v1->@Inject::renderWeather(Lnet/minecraft/client/renderer/LightTexture;FDDDLorg/spongepowered/asm/mixin/injection/callback/CallbackInfo;)V does use it's CallbackInfo
[08set.2026 23:14:54.385] [modloading-worker-0/DEBUG] [mixin/]: fabric-rendering-v1.mixins.json:WorldRendererMixin from mod fabric_rendering_v1->@Inject::renderCloud(Lcom/mojang/blaze3d/vertex/PoseStack;Lorg/joml/Matrix4f;Lorg/joml/Matrix4f;FDDDLorg/spongepowered/asm/mixin/injection/callback/CallbackInfo;)V does use it's CallbackInfo
[08set.2026 23:14:54.385] [modloading-worker-0/DEBUG] [mixin/]: fabric-rendering-v1.mixins.json:WorldRendererMixin from mod fabric_rendering_v1->@Inject::renderSky(Lorg/joml/Matrix4f;Lorg/joml/Matrix4f;FLnet/minecraft/client/Camera;ZLjava/lang/Runnable;Lorg/spongepowered/asm/mixin/injection/callback/CallbackInfo;)V does use it's CallbackInfo
[08set.2026 23:14:54.385] [modloading-worker-0/DEBUG] [mixin/]: lodestone.mixins.json:client.LevelRendererMixin from mod lodestone->@Inject::lodestone$CallExtendedBreakSound(ILnet/minecraft/core/BlockPos;ILorg/spongepowered/asm/mixin/injection/callback/CallbackInfo;)V doesn't use it's CallbackInfo
[08set.2026 23:14:54.385] [modloading-worker-0/DEBUG] [mixin/]: lodestone.mixins.json:client.LevelRendererMixin from mod lodestone->@Inject::lodestone$CallExtendedBreakSound(ILnet/minecraft/core/BlockPos;ILorg/spongepowered/asm/mixin/injection/callback/CallbackInfo;)V has 0 override(s) in child classes
[08set.2026 23:14:54.385] [modloading-worker-0/DEBUG] [mixin/]: lodestone.mixins.json:client.LevelRendererMixin from mod lodestone->@Inject::lodestone$CallExtendedBreakSound(ILnet/minecraft/core/BlockPos;ILorg/spongepowered/asm/mixin/injection/callback/CallbackInfo;)V won't be passed a CallbackInfo as a result
[08set.2026 23:14:54.386] [modloading-worker-0/DEBUG] [mixin/]: lodestone.mixins.json:client.LevelRendererMixin from mod lodestone->@Inject::lodestone$injectionBeforeTransparencyChainProcess(Lorg/spongepowered/asm/mixin/injection/callback/CallbackInfo;)V doesn't use it's CallbackInfo
[08set.2026 23:14:54.386] [modloading-worker-0/DEBUG] [mixin/]: lodestone.mixins.json:client.LevelRendererMixin from mod lodestone->@Inject::lodestone$injectionBeforeTransparencyChainProcess(Lorg/spongepowered/asm/mixin/injection/callback/CallbackInfo;)V has 0 override(s) in child classes
[08set.2026 23:14:54.386] [modloading-worker-0/DEBUG] [mixin/]: lodestone.mixins.json:client.LevelRendererMixin from mod lodestone->@Inject::lodestone$injectionBeforeTransparencyChainProcess(Lorg/spongepowered/asm/mixin/injection/callback/CallbackInfo;)V won't be passed a CallbackInfo as a result
[08set.2026 23:14:54.386] [modloading-worker-0/DEBUG] [mixin/]: elementals.mixins.json:client.SeismicSenseBlockHighlightMixin from mod elementals->@Inject::elementals$renderSeismicHighlights(Lnet/minecraft/client/DeltaTracker;ZLnet/minecraft/client/Camera;Lnet/minecraft/client/renderer/GameRenderer;Lnet/minecraft/client/renderer/LightTexture;Lorg/joml/Matrix4f;Lorg/joml/Matrix4f;Lorg/spongepowered/asm/mixin/injection/callback/CallbackInfo;)V doesn't use it's CallbackInfo
[08set.2026 23:14:54.386] [modloading-worker-0/DEBUG] [mixin/]: elementals.mixins.json:client.SeismicSenseBlockHighlightMixin from mod elementals->@Inject::elementals$renderSeismicHighlights(Lnet/minecraft/client/DeltaTracker;ZLnet/minecraft/client/Camera;Lnet/minecraft/client/renderer/GameRenderer;Lnet/minecraft/client/renderer/LightTexture;Lorg/joml/Matrix4f;Lorg/joml/Matrix4f;Lorg/spongepowered/asm/mixin/injection/callback/CallbackInfo;)V has 0 override(s) in child classes
[08set.2026 23:14:54.386] [modloading-worker-0/DEBUG] [mixin/]: elementals.mixins.json:client.SeismicSenseBlockHighlightMixin from mod elementals->@Inject::elementals$renderSeismicHighlights(Lnet/minecraft/client/DeltaTracker;ZLnet/minecraft/client/Camera;Lnet/minecraft/client/renderer/GameRenderer;Lnet/minecraft/client/renderer/LightTexture;Lorg/joml/Matrix4f;Lorg/joml/Matrix4f;Lorg/spongepowered/asm/mixin/injection/callback/CallbackInfo;)V won't be passed a CallbackInfo as a result
[08set.2026 23:14:54.387] [modloading-worker-0/DEBUG] [net.neoforged.fml.javafmlmod.AutomaticEventSubscriber/]: Subscribing @EventBusSubscriber class Lnet/neoforged/neoforge/server/command/ConfigCommand; to the game event bus
[08set.2026 23:14:54.387] [modloading-worker-0/DEBUG] [net.neoforged.fml.javafmlmod.AutomaticEventSubscriber/LOADING]: Scanning class net.neoforged.neoforge.network.filters.GenericPacketSplitter for @SubscribeEvent-annotated methods
[08set.2026 23:14:54.388] [modloading-worker-0/DEBUG] [mixin/]: Mixing GenericPacketSplitterMixin from fabric-networking-api-v1.mixins.json into net.neoforged.neoforge.network.filters.GenericPacketSplitter
[08set.2026 23:14:54.388] [modloading-worker-0/DEBUG] [mixin/]: fabric-networking-api-v1.mixins.json:GenericPacketSplitterMixin from mod fabric_networking_api_v1: Class version 65 required is higher than the class version supported by the current version of Mixin (JAVA_17 supports class version 61)
[08set.2026 23:14:54.402] [modloading-worker-0/DEBUG] [mixin/]: fabric-networking-api-v1.mixins.json:GenericPacketSplitterMixin from mod fabric_networking_api_v1->@Inject::encode(Lio/netty/channel/ChannelHandlerContext;Lnet/minecraft/network/protocol/Packet;Ljava/util/List;Lorg/spongepowered/asm/mixin/injection/callback/CallbackInfo;)V does use it's CallbackInfo
[08set.2026 23:14:54.406] [modloading-worker-0/DEBUG] [net.neoforged.fml.javafmlmod.AutomaticEventSubscriber/]: Subscribing @EventBusSubscriber class Lteam/lodestar/lodestone/events/ClientGameEvents; to the game event bus
[08set.2026 23:14:54.409] [modloading-worker-0/DEBUG] [net.neoforged.fml.javafmlmod.AutomaticEventSubscriber/LOADING]: Scanning class team.lodestar.lodestone.datagen.DataGenerators for @SubscribeEvent-annotated methods
[08set.2026 23:14:54.409] [modloading-worker-0/DEBUG] [net.neoforged.fml.javafmlmod.AutomaticEventSubscriber/]: Subscribing @EventBusSubscriber class Lteam/lodestar/lodestone/datagen/DataGenerators; to the mod event bus of mod lodestone
[08set.2026 23:14:54.419] [modloading-worker-0/DEBUG] [net.neoforged.fml.javafmlmod.AutomaticEventSubscriber/LOADING]: Attempting to inject @EventBusSubscriber classes into the eventbus for fabric_renderer_indigo
[08set.2026 23:14:54.429] [modloading-worker-0/DEBUG] [io.netty.buffer.AbstractByteBuf/]: -Dio.netty.buffer.checkAccessible: true
[08set.2026 23:14:54.429] [modloading-worker-0/DEBUG] [io.netty.buffer.AbstractByteBuf/]: -Dio.netty.buffer.checkBounds: true
[08set.2026 23:14:54.430] [modloading-worker-0/DEBUG] [io.netty.util.ResourceLeakDetectorFactory/]: Loaded default ResourceLeakDetector: io.netty.util.ResourceLeakDetector@791c1b30
[08set.2026 23:14:54.437] [modloading-worker-0/DEBUG] [io.netty.util.internal.InternalThreadLocalMap/]: -Dio.netty.threadLocalMap.stringBuilder.initialSize: 1024
[08set.2026 23:14:54.437] [modloading-worker-0/DEBUG] [io.netty.util.internal.InternalThreadLocalMap/]: -Dio.netty.threadLocalMap.stringBuilder.maxSize: 4096
[08set.2026 23:14:54.439] [modloading-worker-0/DEBUG] [io.netty.buffer.PooledByteBufAllocator/]: -Dio.netty.allocator.numHeapArenas: 32
[08set.2026 23:14:54.440] [modloading-worker-0/DEBUG] [io.netty.buffer.PooledByteBufAllocator/]: -Dio.netty.allocator.numDirectArenas: 32
[08set.2026 23:14:54.440] [modloading-worker-0/DEBUG] [io.netty.buffer.PooledByteBufAllocator/]: -Dio.netty.allocator.pageSize: 8192
[08set.2026 23:14:54.440] [modloading-worker-0/DEBUG] [io.netty.buffer.PooledByteBufAllocator/]: -Dio.netty.allocator.maxOrder: 9
[08set.2026 23:14:54.440] [modloading-worker-0/DEBUG] [io.netty.buffer.PooledByteBufAllocator/]: -Dio.netty.allocator.chunkSize: 4194304
[08set.2026 23:14:54.440] [modloading-worker-0/DEBUG] [io.netty.buffer.PooledByteBufAllocator/]: -Dio.netty.allocator.smallCacheSize: 256
[08set.2026 23:14:54.440] [modloading-worker-0/DEBUG] [io.netty.buffer.PooledByteBufAllocator/]: -Dio.netty.allocator.normalCacheSize: 64
[08set.2026 23:14:54.440] [modloading-worker-0/DEBUG] [io.netty.buffer.PooledByteBufAllocator/]: -Dio.netty.allocator.maxCachedBufferCapacity: 32768
[08set.2026 23:14:54.440] [modloading-worker-0/DEBUG] [io.netty.buffer.PooledByteBufAllocator/]: -Dio.netty.allocator.cacheTrimInterval: 8192
[08set.2026 23:14:54.440] [modloading-worker-0/DEBUG] [io.netty.buffer.PooledByteBufAllocator/]: -Dio.netty.allocator.cacheTrimIntervalMillis: 0
[08set.2026 23:14:54.440] [modloading-worker-0/DEBUG] [io.netty.buffer.PooledByteBufAllocator/]: -Dio.netty.allocator.useCacheForAllThreads: false
[08set.2026 23:14:54.440] [modloading-worker-0/DEBUG] [io.netty.buffer.PooledByteBufAllocator/]: -Dio.netty.allocator.maxCachedByteBuffersPerChunk: 1023
[08set.2026 23:14:54.449] [modloading-worker-0/DEBUG] [io.netty.buffer.ByteBufUtil/]: -Dio.netty.allocator.type: pooled
[08set.2026 23:14:54.450] [modloading-worker-0/DEBUG] [io.netty.buffer.ByteBufUtil/]: -Dio.netty.threadLocalDirectBufferSize: 0
[08set.2026 23:14:54.450] [modloading-worker-0/DEBUG] [io.netty.buffer.ByteBufUtil/]: -Dio.netty.maxThreadLocalCharBufferSize: 16384
[08set.2026 23:14:54.454] [modloading-worker-0/DEBUG] [net.neoforged.fml.javafmlmod.AutomaticEventSubscriber/]: Subscribing @EventBusSubscriber class Lnet/neoforged/neoforge/network/filters/GenericPacketSplitter; to the mod event bus of mod neoforge
[08set.2026 23:14:54.456] [modloading-worker-0/DEBUG] [net.neoforged.fml.javafmlmod.AutomaticEventSubscriber/LOADING]: Scanning class net.neoforged.neoforge.network.NetworkInitialization for @SubscribeEvent-annotated methods
[08set.2026 23:14:54.456] [modloading-worker-0/DEBUG] [net.neoforged.fml.javafmlmod.AutomaticEventSubscriber/]: Subscribing @EventBusSubscriber class Lnet/neoforged/neoforge/network/NetworkInitialization; to the mod event bus of mod neoforge
[08set.2026 23:14:54.457] [modloading-worker-0/DEBUG] [net.neoforged.fml.javafmlmod.AutomaticEventSubscriber/LOADING]: Scanning class net.neoforged.neoforge.network.ConfigurationInitialization for @SubscribeEvent-annotated methods
[08set.2026 23:14:54.459] [modloading-worker-0/DEBUG] [net.neoforged.fml.javafmlmod.AutomaticEventSubscriber/]: Subscribing @EventBusSubscriber class Lnet/neoforged/neoforge/network/ConfigurationInitialization; to the mod event bus of mod neoforge
[08set.2026 23:14:54.459] [modloading-worker-0/DEBUG] [net.neoforged.fml.javafmlmod.AutomaticEventSubscriber/LOADING]: Scanning class net.neoforged.neoforge.common.MonsterRoomHooks for @SubscribeEvent-annotated methods
[08set.2026 23:14:54.460] [modloading-worker-0/DEBUG] [net.neoforged.fml.javafmlmod.AutomaticEventSubscriber/]: Subscribing @EventBusSubscriber class Lnet/neoforged/neoforge/common/MonsterRoomHooks; to the game event bus
[08set.2026 23:14:54.460] [modloading-worker-0/DEBUG] [net.neoforged.fml.javafmlmod.AutomaticEventSubscriber/LOADING]: Scanning class net.neoforged.neoforge.common.DeferredSpawnEggItem$CommonHandler for @SubscribeEvent-annotated methods
[08set.2026 23:14:54.461] [modloading-worker-0/DEBUG] [net.neoforged.fml.javafmlmod.AutomaticEventSubscriber/]: Subscribing @EventBusSubscriber class Lnet/neoforged/neoforge/common/DeferredSpawnEggItem$CommonHandler; to the mod event bus of mod neoforge
[08set.2026 23:14:54.462] [modloading-worker-0/DEBUG] [net.neoforged.fml.javafmlmod.AutomaticEventSubscriber/LOADING]: Scanning class net.neoforged.neoforge.common.DeferredSpawnEggItem$ColorRegisterHandler for @SubscribeEvent-annotated methods
[08set.2026 23:14:54.462] [modloading-worker-0/DEBUG] [net.neoforged.fml.javafmlmod.AutomaticEventSubscriber/]: Subscribing @EventBusSubscriber class Lnet/neoforged/neoforge/common/DeferredSpawnEggItem$ColorRegisterHandler; to the mod event bus of mod neoforge
[08set.2026 23:14:54.462] [modloading-worker-0/DEBUG] [net.neoforged.fml.javafmlmod.AutomaticEventSubscriber/LOADING]: Scanning class net.neoforged.neoforge.client.model.data.ModelDataManager for @SubscribeEvent-annotated methods
[08set.2026 23:14:54.464] [modloading-worker-0/DEBUG] [net.neoforged.fml.javafmlmod.AutomaticEventSubscriber/]: Subscribing @EventBusSubscriber class Lnet/neoforged/neoforge/client/model/data/ModelDataManager; to the game event bus
[08set.2026 23:14:54.464] [modloading-worker-0/DEBUG] [net.neoforged.fml.javafmlmod.AutomaticEventSubscriber/LOADING]: Scanning class net.neoforged.neoforge.client.ParticleBoundsDebugRenderer for @SubscribeEvent-annotated methods
[08set.2026 23:14:54.465] [modloading-worker-0/DEBUG] [net.neoforged.fml.javafmlmod.AutomaticEventSubscriber/]: Subscribing @EventBusSubscriber class Lnet/neoforged/neoforge/client/ParticleBoundsDebugRenderer; to the game event bus
[08set.2026 23:14:54.466] [modloading-worker-0/DEBUG] [net.neoforged.fml.javafmlmod.AutomaticEventSubscriber/LOADING]: Scanning class net.neoforged.neoforge.client.ClientHooks$ClientEvents for @SubscribeEvent-annotated methods
[08set.2026 23:14:54.466] [modloading-worker-0/DEBUG] [net.neoforged.fml.javafmlmod.AutomaticEventSubscriber/]: Subscribing @EventBusSubscriber class Lnet/neoforged/neoforge/client/ClientHooks$ClientEvents; to the mod event bus of mod neoforge
[08set.2026 23:14:54.466] [modloading-worker-0/DEBUG] [net.neoforged.fml.javafmlmod.AutomaticEventSubscriber/LOADING]: Scanning class net.neoforged.neoforge.client.BlockEntityRenderBoundsDebugRenderer for @SubscribeEvent-annotated methods
[08set.2026 23:14:54.467] [modloading-worker-0/DEBUG] [net.neoforged.fml.javafmlmod.AutomaticEventSubscriber/]: Subscribing @EventBusSubscriber class Lnet/neoforged/neoforge/client/BlockEntityRenderBoundsDebugRenderer; to the game event bus
[08set.2026 23:14:54.468] [modloading-worker-0/DEBUG] [net.neoforged.fml.javafmlmod.AutomaticEventSubscriber/LOADING]: Scanning class net.neoforged.neoforge.attachment.AttachmentSync for @SubscribeEvent-annotated methods
[08set.2026 23:14:54.470] [modloading-worker-0/DEBUG] [net.neoforged.fml.javafmlmod.AutomaticEventSubscriber/]: Subscribing @EventBusSubscriber class Lnet/neoforged/neoforge/attachment/AttachmentSync; to the game event bus
[08set.2026 23:14:54.470] [modloading-worker-0/DEBUG] [net.neoforged.fml.javafmlmod.AutomaticEventSubscriber/LOADING]: Scanning class net.neoforged.neoforge.attachment.AttachmentInternals for @SubscribeEvent-annotated methods
[08set.2026 23:14:54.470] [modloading-worker-0/DEBUG] [net.neoforged.fml.javafmlmod.AutomaticEventSubscriber/]: Subscribing @EventBusSubscriber class Lnet/neoforged/neoforge/attachment/AttachmentInternals; to the game event bus
[08set.2026 23:14:54.471] [modloading-worker-0/DEBUG] [mixin/]: Mixing LivingEntityRendererAccessor from fabric-rendering-v1.mixins.json into net.minecraft.client.renderer.entity.LivingEntityRenderer
[08set.2026 23:14:54.472] [modloading-worker-0/DEBUG] [mixin/]: fabric-rendering-v1.mixins.json:LivingEntityRendererAccessor from mod fabric_rendering_v1: Class version 65 required is higher than the class version supported by the current version of Mixin (JAVA_17 supports class version 61)
[08set.2026 23:14:54.472] [modloading-worker-0/DEBUG] [mixin/]: Mixing client.LivingEntityRendererMixin from elementals.mixins.json into net.minecraft.client.renderer.entity.LivingEntityRenderer
[08set.2026 23:14:54.472] [modloading-worker-0/DEBUG] [mixin/]: elementals.mixins.json:client.LivingEntityRendererMixin from mod elementals: Class version 65 required is higher than the class version supported by the current version of Mixin (JAVA_18 supports class version 62)
[08set.2026 23:14:54.474] [modloading-worker-0/DEBUG] [mixin/]: elementals.mixins.json:client.LivingEntityRendererMixin from mod elementals->@Inject::init(Lnet/minecraft/client/renderer/entity/EntityRendererProvider$Context;Lnet/minecraft/client/model/EntityModel;FLorg/spongepowered/asm/mixin/injection/callback/CallbackInfo;)V doesn't use it's CallbackInfo
[08set.2026 23:14:54.474] [modloading-worker-0/DEBUG] [mixin/]: elementals.mixins.json:client.LivingEntityRendererMixin from mod elementals->@Inject::init(Lnet/minecraft/client/renderer/entity/EntityRendererProvider$Context;Lnet/minecraft/client/model/EntityModel;FLorg/spongepowered/asm/mixin/injection/callback/CallbackInfo;)V has 0 override(s) in child classes
[08set.2026 23:14:54.474] [modloading-worker-0/DEBUG] [mixin/]: elementals.mixins.json:client.LivingEntityRendererMixin from mod elementals->@Inject::init(Lnet/minecraft/client/renderer/entity/EntityRendererProvider$Context;Lnet/minecraft/client/model/EntityModel;FLorg/spongepowered/asm/mixin/injection/callback/CallbackInfo;)V won't be passed a CallbackInfo as a result
[08set.2026 23:14:54.474] [modloading-worker-0/DEBUG] [mixin/]: elementals.mixins.json:client.LivingEntityRendererMixin from mod elementals->@Inject::init(Lnet/minecraft/world/entity/LivingEntity;FFLcom/mojang/blaze3d/vertex/PoseStack;Lnet/minecraft/client/renderer/MultiBufferSource;ILorg/spongepowered/asm/mixin/injection/callback/CallbackInfo;)V does use it's CallbackInfo
[08set.2026 23:14:54.512] [modloading-worker-0/DEBUG] [net.neoforged.fml.javafmlmod.AutomaticEventSubscriber/LOADING]: Attempting to inject @EventBusSubscriber classes into the eventbus for elementals
[08set.2026 23:14:54.606] [modloading-worker-0/DEBUG] [net.neoforged.fml.javafmlmod.AutomaticEventSubscriber/LOADING]: Attempting to inject @EventBusSubscriber classes into the eventbus for elementalsmorebendings
[08set.2026 23:14:54.617] [modloading-sync-worker/DEBUG] [mixin/]: Mixing RegistryLoaderMixin from fabric-item-api-v1.mixins.json into net.minecraft.resources.RegistryDataLoader
[08set.2026 23:14:54.618] [modloading-sync-worker/DEBUG] [mixin/]: fabric-item-api-v1.mixins.json:RegistryLoaderMixin from mod fabric_item_api_v1: Class version 65 required is higher than the class version supported by the current version of Mixin (JAVA_17 supports class version 61)
[08set.2026 23:14:54.619] [modloading-sync-worker/DEBUG] [mixin/]: Mixing RegistryLoaderMixin from fabric-resource-conditions-api-v1.mixins.json into net.minecraft.resources.RegistryDataLoader
[08set.2026 23:14:54.619] [modloading-sync-worker/DEBUG] [mixin/]: fabric-resource-conditions-api-v1.mixins.json:RegistryLoaderMixin from mod fabric_resource_conditions_api_v1: Class version 65 required is higher than the class version supported by the current version of Mixin (JAVA_17 supports class version 61)
[08set.2026 23:14:54.620] [modloading-sync-worker/DEBUG] [mixin/]: Mixing RegistryLoaderMixin from fabric-registry-sync-v0.mixins.json into net.minecraft.resources.RegistryDataLoader
[08set.2026 23:14:54.620] [modloading-sync-worker/DEBUG] [mixin/]: fabric-registry-sync-v0.mixins.json:RegistryLoaderMixin from mod fabric_registry_sync_v0: Class version 65 required is higher than the class version supported by the current version of Mixin (JAVA_17 supports class version 61)
[08set.2026 23:14:54.620] [modloading-sync-worker/DEBUG] [mixin/]: Renaming synthetic method lambda$static$0()Ljava/lang/Boolean; to md61b50d$fabric_registry_sync_v0$lambda$static$0$0 in fabric-registry-sync-v0.mixins.json:RegistryLoaderMixin from mod fabric_registry_sync_v0
[08set.2026 23:14:54.629] [modloading-sync-worker/DEBUG] [mixin/]: fabric-item-api-v1.mixins.json:RegistryLoaderMixin from mod fabric_item_api_v1->@Inject::captureArgs(Lnet/minecraft/core/WritableRegistry;Lcom/mojang/serialization/Decoder;Lnet/minecraft/resources/RegistryOps;Lnet/minecraft/resources/ResourceKey;Lnet/minecraft/server/packs/resources/Resource;Lnet/minecraft/core/RegistrationInfo;Lorg/spongepowered/asm/mixin/injection/callback/CallbackInfo;)V doesn't use it's CallbackInfo
[08set.2026 23:14:54.629] [modloading-sync-worker/DEBUG] [mixin/]: fabric-resource-conditions-api-v1.mixins.json:RegistryLoaderMixin from mod fabric_resource_conditions_api_v1->@Inject::checkResourceCondition(Lnet/minecraft/core/WritableRegistry;Lcom/mojang/serialization/Decoder;Lnet/minecraft/resources/RegistryOps;Lnet/minecraft/resources/ResourceKey;Lnet/minecraft/server/packs/resources/Resource;Lnet/minecraft/core/RegistrationInfo;Lorg/spongepowered/asm/mixin/injection/callback/CallbackInfo;)V does use it's CallbackInfo
[08set.2026 23:14:54.630] [modloading-sync-worker/DEBUG] [mixin/]: fabric-registry-sync-v0.mixins.json:RegistryLoaderMixin from mod fabric_registry_sync_v0->@Inject::beforeLoad(Ljava/lang/Object;Lnet/minecraft/core/RegistryAccess;Ljava/util/List;Lorg/spongepowered/asm/mixin/injection/callback/CallbackInfoReturnable;)V doesn't use it's CallbackInfoReturnable
[08set.2026 23:14:54.735] [modloading-sync-worker/DEBUG] [GeckoLib/]: Registered SyncedAnimatable for class dev.saperate.elementals.items.GliderItem
[08set.2026 23:14:54.913] [modloading-sync-worker/DEBUG] [mixin/]: Mixing DefaultAttributeRegistryAccessor from fabric-object-builder-v1.mixins.json into net.minecraft.world.entity.ai.attributes.DefaultAttributes
[08set.2026 23:14:54.914] [modloading-sync-worker/DEBUG] [mixin/]: fabric-object-builder-v1.mixins.json:DefaultAttributeRegistryAccessor from mod fabric_object_builder_api_v1: Class version 65 required is higher than the class version supported by the current version of Mixin (JAVA_17 supports class version 61)
[08set.2026 23:14:54.914] [modloading-sync-worker/DEBUG] [mixin/]: Renaming @Accessor method getRegistry()Ljava/util/Map; to getRegistry$fabric_object_builder_api_v1_$md$61b50d$0 in fabric-object-builder-v1.mixins.json:DefaultAttributeRegistryAccessor from mod fabric_object_builder_api_v1
[08set.2026 23:14:54.914] [modloading-sync-worker/DEBUG] [mixin/]: Mixing DefaultAttributeRegistryMixin from fabric-object-builder-v1.mixins.json into net.minecraft.world.entity.ai.attributes.DefaultAttributes
[08set.2026 23:14:54.914] [modloading-sync-worker/DEBUG] [mixin/]: fabric-object-builder-v1.mixins.json:DefaultAttributeRegistryMixin from mod fabric_object_builder_api_v1: Class version 65 required is higher than the class version supported by the current version of Mixin (JAVA_17 supports class version 61)
[08set.2026 23:14:54.915] [modloading-sync-worker/DEBUG] [mixin/]: fabric-object-builder-v1.mixins.json:DefaultAttributeRegistryMixin from mod fabric_object_builder_api_v1->@Inject::injectAttributes(Lorg/spongepowered/asm/mixin/injection/callback/CallbackInfo;)V doesn't use it's CallbackInfo
[08set.2026 23:14:54.997] [modloading-sync-worker/DEBUG] [net.neoforged.fml.config.ConfigTracker/CONFIG]: Loading configs type CLIENT
[08set.2026 23:14:55.013] [modloading-sync-worker/DEBUG] [net.neoforged.fml.config.ConfigTracker/CONFIG]: Loaded TOML config file C:\Users\Vinicius\Desktop\ObsidianWakeAddon\run\config\lodestone-client.toml
[08set.2026 23:14:55.020] [modloading-sync-worker/DEBUG] [net.neoforged.fml.config.ConfigTracker/CONFIG]: Watching TOML config file C:\Users\Vinicius\Desktop\ObsidianWakeAddon\run\config\lodestone-client.toml for changes
[08set.2026 23:14:55.021] [modloading-sync-worker/DEBUG] [net.neoforged.neoforge.common.NeoForgeConfig/FORGEMOD]: Loaded NeoForge config file neoforge-client.toml
[08set.2026 23:14:55.021] [modloading-sync-worker/DEBUG] [net.neoforged.fml.config.ConfigTracker/CONFIG]: Loaded TOML config file C:\Users\Vinicius\Desktop\ObsidianWakeAddon\run\config\neoforge-client.toml
[08set.2026 23:14:55.022] [modloading-sync-worker/DEBUG] [net.neoforged.fml.config.ConfigTracker/CONFIG]: Watching TOML config file C:\Users\Vinicius\Desktop\ObsidianWakeAddon\run\config\neoforge-client.toml for changes
[08set.2026 23:14:55.022] [modloading-sync-worker/DEBUG] [net.neoforged.fml.config.ConfigTracker/CONFIG]: Loading configs type COMMON
[08set.2026 23:14:55.023] [modloading-sync-worker/DEBUG] [net.neoforged.neoforge.common.NeoForgeConfig/FORGEMOD]: Loaded NeoForge config file neoforge-common.toml
[08set.2026 23:14:55.023] [modloading-sync-worker/DEBUG] [net.neoforged.fml.config.ConfigTracker/CONFIG]: Loaded TOML config file C:\Users\Vinicius\Desktop\ObsidianWakeAddon\run\config\neoforge-common.toml
[08set.2026 23:14:55.023] [modloading-sync-worker/DEBUG] [net.neoforged.fml.config.ConfigTracker/CONFIG]: Watching TOML config file C:\Users\Vinicius\Desktop\ObsidianWakeAddon\run\config\neoforge-common.toml for changes
[08set.2026 23:14:55.074] [Render thread/DEBUG] [net.fabricmc.fabric.impl.resource.loader.ModResourcePackUtil/]: [Fabric] Starting internal pack sorting with: [vanilla, fabric, mod_resources, mod/fabric_transfer_api_v1, mod/fabric_renderer_api_v1, mod/geckolib, mod/fabric_item_api_v1, mod/fabric_model_loading_api_v1, mod/fabric_rendering_fluids_v1, mod/commonnetworking, mod/fabric_screen_handler_api_v1, mod/fabric_resource_loader_v0, mod/fabric_rendering_v1, mod/fabric_renderer_indigo, mod/fabric_convention_tags_v1, mod/neoforge, mod/fabric_block_view_api_v2, mod/fabric_convention_tags_v2, mod/fabric_command_api_v2, mod/fabric_data_attachment_api_v1, mod/fabric_screen_api_v1, mod/fabric_particles_v1, mod/fabric_api,forgified_fabric_api, mod/fabric_content_registries_v0, mod/fabric_transitive_access_wideners_v1, mod/fabric_game_rule_api_v1, mod/fabric_api_base, mod/fabric_api_lookup_api_v1, mod/fabric_blockrenderlayer_v1, mod/fabric_block_api_v1, mod/fabric_resource_conditions_api_v1, mod/fabric_item_group_api_v1, mod/fabric_gametest_api_v1, mod/fabric_biome_api_v1, mod/fabric_entity_events_v1, mod/fabric_registry_sync_v0, mod/fabric_recipe_api_v1, mod/fabric_loot_api_v2, mod/fabric_object_builder_api_v1, mod/fabric_loot_api_v3, mod/fabric_rendering_data_attachment_v1, mod/fabric_networking_api_v1, mod/fabric_sound_api_v1, mod/lodestone, mod/fabric_message_api_v1, mod/elementals, mod/elementalsmorebendings, mod/fabric_lifecycle_events_v1, mod/fabric_data_generation_api_v1, mod/fabric_events_interaction_v0, mod/fabric_key_binding_api_v1, mod/fabric_client_tags_api_v1]
[08set.2026 23:14:55.074] [Render thread/DEBUG] [net.fabricmc.fabric.impl.resource.loader.ModResourcePackUtil/]: [Fabric] Removed all internal packs, result: [vanilla, fabric, mod_resources, mod/fabric_transfer_api_v1, mod/fabric_renderer_api_v1, mod/geckolib, mod/fabric_item_api_v1, mod/fabric_model_loading_api_v1, mod/fabric_rendering_fluids_v1, mod/commonnetworking, mod/fabric_screen_handler_api_v1, mod/fabric_resource_loader_v0, mod/fabric_rendering_v1, mod/fabric_renderer_indigo, mod/fabric_convention_tags_v1, mod/neoforge, mod/fabric_block_view_api_v2, mod/fabric_convention_tags_v2, mod/fabric_command_api_v2, mod/fabric_data_attachment_api_v1, mod/fabric_screen_api_v1, mod/fabric_particles_v1, mod/fabric_api,forgified_fabric_api, mod/fabric_content_registries_v0, mod/fabric_transitive_access_wideners_v1, mod/fabric_game_rule_api_v1, mod/fabric_api_base, mod/fabric_api_lookup_api_v1, mod/fabric_blockrenderlayer_v1, mod/fabric_block_api_v1, mod/fabric_resource_conditions_api_v1, mod/fabric_item_group_api_v1, mod/fabric_gametest_api_v1, mod/fabric_biome_api_v1, mod/fabric_entity_events_v1, mod/fabric_registry_sync_v0, mod/fabric_recipe_api_v1, mod/fabric_loot_api_v2, mod/fabric_object_builder_api_v1, mod/fabric_loot_api_v3, mod/fabric_rendering_data_attachment_v1, mod/fabric_networking_api_v1, mod/fabric_sound_api_v1, mod/lodestone, mod/fabric_message_api_v1, mod/elementals, mod/elementalsmorebendings, mod/fabric_lifecycle_events_v1, mod/fabric_data_generation_api_v1, mod/fabric_events_interaction_v0, mod/fabric_key_binding_api_v1, mod/fabric_client_tags_api_v1]
[08set.2026 23:14:55.075] [Render thread/DEBUG] [net.fabricmc.fabric.impl.resource.loader.ModResourcePackUtil/]: [Fabric] Final sorting result: [vanilla, fabric, mod_resources, mod/fabric_transfer_api_v1, mod/fabric_renderer_api_v1, mod/geckolib, mod/fabric_item_api_v1, mod/fabric_model_loading_api_v1, mod/fabric_rendering_fluids_v1, mod/commonnetworking, mod/fabric_screen_handler_api_v1, mod/fabric_resource_loader_v0, mod/fabric_rendering_v1, mod/fabric_renderer_indigo, mod/fabric_convention_tags_v1, mod/neoforge, mod/fabric_block_view_api_v2, mod/fabric_convention_tags_v2, mod/fabric_command_api_v2, mod/fabric_data_attachment_api_v1, mod/fabric_screen_api_v1, mod/fabric_particles_v1, mod/fabric_api,forgified_fabric_api, mod/fabric_content_registries_v0, mod/fabric_transitive_access_wideners_v1, mod/fabric_game_rule_api_v1, mod/fabric_api_base, mod/fabric_api_lookup_api_v1, mod/fabric_blockrenderlayer_v1, mod/fabric_block_api_v1, mod/fabric_resource_conditions_api_v1, mod/fabric_item_group_api_v1, mod/fabric_gametest_api_v1, mod/fabric_biome_api_v1, mod/fabric_entity_events_v1, mod/fabric_registry_sync_v0, mod/fabric_recipe_api_v1, mod/fabric_loot_api_v2, mod/fabric_object_builder_api_v1, mod/fabric_loot_api_v3, mod/fabric_rendering_data_attachment_v1, mod/fabric_networking_api_v1, mod/fabric_sound_api_v1, mod/lodestone, mod/fabric_message_api_v1, mod/elementals, mod/elementalsmorebendings, mod/fabric_lifecycle_events_v1, mod/fabric_data_generation_api_v1, mod/fabric_events_interaction_v0, mod/fabric_key_binding_api_v1, mod/fabric_client_tags_api_v1]
[08set.2026 23:14:55.075] [Render thread/DEBUG] [net.fabricmc.fabric.impl.resource.loader.ModResourcePackUtil/]: [Fabric] Starting internal pack sorting with: [vanilla, fabric, mod_resources, mod/fabric_transfer_api_v1, mod/fabric_renderer_api_v1, mod/geckolib, mod/fabric_item_api_v1, mod/fabric_model_loading_api_v1, mod/fabric_rendering_fluids_v1, mod/commonnetworking, mod/fabric_screen_handler_api_v1, mod/fabric_resource_loader_v0, mod/fabric_rendering_v1, mod/fabric_renderer_indigo, mod/fabric_convention_tags_v1, mod/neoforge, mod/fabric_block_view_api_v2, mod/fabric_convention_tags_v2, mod/fabric_command_api_v2, mod/fabric_data_attachment_api_v1, mod/fabric_screen_api_v1, mod/fabric_particles_v1, mod/fabric_api,forgified_fabric_api, mod/fabric_content_registries_v0, mod/fabric_transitive_access_wideners_v1, mod/fabric_game_rule_api_v1, mod/fabric_api_base, mod/fabric_api_lookup_api_v1, mod/fabric_blockrenderlayer_v1, mod/fabric_block_api_v1, mod/fabric_resource_conditions_api_v1, mod/fabric_item_group_api_v1, mod/fabric_gametest_api_v1, mod/fabric_biome_api_v1, mod/fabric_entity_events_v1, mod/fabric_registry_sync_v0, mod/fabric_recipe_api_v1, mod/fabric_loot_api_v2, mod/fabric_object_builder_api_v1, mod/fabric_loot_api_v3, mod/fabric_rendering_data_attachment_v1, mod/fabric_networking_api_v1, mod/fabric_sound_api_v1, mod/lodestone, mod/fabric_message_api_v1, mod/elementals, mod/elementalsmorebendings, mod/fabric_lifecycle_events_v1, mod/fabric_data_generation_api_v1, mod/fabric_events_interaction_v0, mod/fabric_key_binding_api_v1, mod/fabric_client_tags_api_v1]
[08set.2026 23:14:55.076] [Render thread/DEBUG] [net.fabricmc.fabric.impl.resource.loader.ModResourcePackUtil/]: [Fabric] Removed all internal packs, result: [vanilla, fabric, mod_resources, mod/fabric_transfer_api_v1, mod/fabric_renderer_api_v1, mod/geckolib, mod/fabric_item_api_v1, mod/fabric_model_loading_api_v1, mod/fabric_rendering_fluids_v1, mod/commonnetworking, mod/fabric_screen_handler_api_v1, mod/fabric_resource_loader_v0, mod/fabric_rendering_v1, mod/fabric_renderer_indigo, mod/fabric_convention_tags_v1, mod/neoforge, mod/fabric_block_view_api_v2, mod/fabric_convention_tags_v2, mod/fabric_command_api_v2, mod/fabric_data_attachment_api_v1, mod/fabric_screen_api_v1, mod/fabric_particles_v1, mod/fabric_api,forgified_fabric_api, mod/fabric_content_registries_v0, mod/fabric_transitive_access_wideners_v1, mod/fabric_game_rule_api_v1, mod/fabric_api_base, mod/fabric_api_lookup_api_v1, mod/fabric_blockrenderlayer_v1, mod/fabric_block_api_v1, mod/fabric_resource_conditions_api_v1, mod/fabric_item_group_api_v1, mod/fabric_gametest_api_v1, mod/fabric_biome_api_v1, mod/fabric_entity_events_v1, mod/fabric_registry_sync_v0, mod/fabric_recipe_api_v1, mod/fabric_loot_api_v2, mod/fabric_object_builder_api_v1, mod/fabric_loot_api_v3, mod/fabric_rendering_data_attachment_v1, mod/fabric_networking_api_v1, mod/fabric_sound_api_v1, mod/lodestone, mod/fabric_message_api_v1, mod/elementals, mod/elementalsmorebendings, mod/fabric_lifecycle_events_v1, mod/fabric_data_generation_api_v1, mod/fabric_events_interaction_v0, mod/fabric_key_binding_api_v1, mod/fabric_client_tags_api_v1]
[08set.2026 23:14:55.076] [Render thread/DEBUG] [net.fabricmc.fabric.impl.resource.loader.ModResourcePackUtil/]: [Fabric] Final sorting result: [vanilla, fabric, mod_resources, mod/fabric_transfer_api_v1, mod/fabric_renderer_api_v1, mod/geckolib, mod/fabric_item_api_v1, mod/fabric_model_loading_api_v1, mod/fabric_rendering_fluids_v1, mod/commonnetworking, mod/fabric_screen_handler_api_v1, mod/fabric_resource_loader_v0, mod/fabric_rendering_v1, mod/fabric_renderer_indigo, mod/fabric_convention_tags_v1, mod/neoforge, mod/fabric_block_view_api_v2, mod/fabric_convention_tags_v2, mod/fabric_command_api_v2, mod/fabric_data_attachment_api_v1, mod/fabric_screen_api_v1, mod/fabric_particles_v1, mod/fabric_api,forgified_fabric_api, mod/fabric_content_registries_v0, mod/fabric_transitive_access_wideners_v1, mod/fabric_game_rule_api_v1, mod/fabric_api_base, mod/fabric_api_lookup_api_v1, mod/fabric_blockrenderlayer_v1, mod/fabric_block_api_v1, mod/fabric_resource_conditions_api_v1, mod/fabric_item_group_api_v1, mod/fabric_gametest_api_v1, mod/fabric_biome_api_v1, mod/fabric_entity_events_v1, mod/fabric_registry_sync_v0, mod/fabric_recipe_api_v1, mod/fabric_loot_api_v2, mod/fabric_object_builder_api_v1, mod/fabric_loot_api_v3, mod/fabric_rendering_data_attachment_v1, mod/fabric_networking_api_v1, mod/fabric_sound_api_v1, mod/lodestone, mod/fabric_message_api_v1, mod/elementals, mod/elementalsmorebendings, mod/fabric_lifecycle_events_v1, mod/fabric_data_generation_api_v1, mod/fabric_events_interaction_v0, mod/fabric_key_binding_api_v1, mod/fabric_client_tags_api_v1]
[08set.2026 23:14:55.077] [Render thread/DEBUG] [mixin/]: Mixing KeyedResourceReloadListenerClientMixin from fabric-resource-loader-v0.client.mixins.json into net.minecraft.client.resources.language.LanguageManager
[08set.2026 23:14:55.077] [Render thread/DEBUG] [mixin/]: fabric-resource-loader-v0.client.mixins.json:KeyedResourceReloadListenerClientMixin from mod fabric_resource_loader_v0: Class version 65 required is higher than the class version supported by the current version of Mixin (JAVA_17 supports class version 61)
[08set.2026 23:14:55.085] [Render thread/DEBUG] [mixin/]: Mixing KeyedResourceReloadListenerClientMixin from fabric-resource-loader-v0.client.mixins.json into net.minecraft.client.renderer.texture.TextureManager
[08set.2026 23:14:55.085] [Render thread/DEBUG] [mixin/]: fabric-resource-loader-v0.client.mixins.json:KeyedResourceReloadListenerClientMixin from mod fabric_resource_loader_v0: Class version 65 required is higher than the class version supported by the current version of Mixin (JAVA_17 supports class version 61)
[08set.2026 23:14:55.087] [Render thread/DEBUG] [mixin/]: Mixing client.TextureManagerMixin from geckolib.mixins.json into net.minecraft.client.renderer.texture.TextureManager
[08set.2026 23:14:55.087] [Render thread/DEBUG] [mixin/]: geckolib.mixins.json:client.TextureManagerMixin from mod geckolib: Class version 65 required is higher than the class version supported by the current version of Mixin (JAVA_17 supports class version 61)
[08set.2026 23:14:55.099] [Render thread/DEBUG] [mixin/]: Mixing KeyedResourceReloadListenerClientMixin from fabric-resource-loader-v0.client.mixins.json into net.minecraft.client.sounds.SoundManager
[08set.2026 23:14:55.099] [Render thread/DEBUG] [mixin/]: fabric-resource-loader-v0.client.mixins.json:KeyedResourceReloadListenerClientMixin from mod fabric_resource_loader_v0: Class version 65 required is higher than the class version supported by the current version of Mixin (JAVA_17 supports class version 61)
[08set.2026 23:14:55.139] [Render thread/DEBUG] [mixin/]: Mixing FontManagerMixin from fabric-resource-loader-v0.client.mixins.json into net.minecraft.client.gui.font.FontManager
[08set.2026 23:14:55.139] [Render thread/DEBUG] [mixin/]: fabric-resource-loader-v0.client.mixins.json:FontManagerMixin from mod fabric_resource_loader_v0: Class version 65 required is higher than the class version supported by the current version of Mixin (JAVA_17 supports class version 61)
[08set.2026 23:14:55.158] [Render thread/DEBUG] [mixin/]: Mixing BlockColorsMixin from fabric-rendering-v1.mixins.json into net.minecraft.client.color.block.BlockColors
[08set.2026 23:14:55.159] [Render thread/DEBUG] [mixin/]: fabric-rendering-v1.mixins.json:BlockColorsMixin from mod fabric_rendering_v1: Class version 65 required is higher than the class version supported by the current version of Mixin (JAVA_17 supports class version 61)
[08set.2026 23:14:55.160] [Render thread/DEBUG] [mixin/]: fabric-rendering-v1.mixins.json:BlockColorsMixin from mod fabric_rendering_v1->@Inject::createDefault(Lorg/spongepowered/asm/mixin/injection/callback/CallbackInfoReturnable;)V does use it's CallbackInfoReturnable
[08set.2026 23:14:55.175] [Render thread/DEBUG] [mixin/]: Mixing ItemColorsMixin from fabric-rendering-v1.mixins.json into net.minecraft.client.color.item.ItemColors
[08set.2026 23:14:55.175] [Render thread/DEBUG] [mixin/]: fabric-rendering-v1.mixins.json:ItemColorsMixin from mod fabric_rendering_v1: Class version 65 required is higher than the class version supported by the current version of Mixin (JAVA_17 supports class version 61)
[08set.2026 23:14:55.176] [Render thread/DEBUG] [mixin/]: fabric-rendering-v1.mixins.json:ItemColorsMixin from mod fabric_rendering_v1->@Inject::createDefault(Lnet/minecraft/client/color/block/BlockColors;Lorg/spongepowered/asm/mixin/injection/callback/CallbackInfoReturnable;)V does use it's CallbackInfoReturnable
[08set.2026 23:14:55.180] [Render thread/DEBUG] [mixin/]: Mixing BakedModelManagerMixin from fabric-model-loading-api-v1.mixins.json into net.minecraft.client.resources.model.ModelManager
[08set.2026 23:14:55.180] [Render thread/DEBUG] [mixin/]: fabric-model-loading-api-v1.mixins.json:BakedModelManagerMixin from mod fabric_model_loading_api_v1: Class version 65 required is higher than the class version supported by the current version of Mixin (JAVA_17 supports class version 61)
[08set.2026 23:14:55.180] [Render thread/DEBUG] [mixin/]: Renaming synthetic method lambda$loadModelPluginData$0(Ljava/util/function/BiFunction;Lnet/minecraft/util/Tuple;Ljava/util/List;)Lnet/minecraft/client/resources/model/ModelBakery; to md61b50d$fabric_model_loading_api_v1$lambda$loadModelPluginData$0$0 in fabric-model-loading-api-v1.mixins.json:BakedModelManagerMixin from mod fabric_model_loading_api_v1
[08set.2026 23:14:55.181] [Render thread/DEBUG] [mixin/]: Mixing KeyedResourceReloadListenerClientMixin from fabric-resource-loader-v0.client.mixins.json into net.minecraft.client.resources.model.ModelManager
[08set.2026 23:14:55.181] [Render thread/DEBUG] [mixin/]: fabric-resource-loader-v0.client.mixins.json:KeyedResourceReloadListenerClientMixin from mod fabric_resource_loader_v0: Class version 65 required is higher than the class version supported by the current version of Mixin (JAVA_17 supports class version 61)
[08set.2026 23:14:55.196] [Render thread/DEBUG] [mixin/]: Mixing KeyedResourceReloadListenerClientMixin from fabric-resource-loader-v0.client.mixins.json into net.minecraft.client.renderer.block.BlockRenderDispatcher
[08set.2026 23:14:55.197] [Render thread/DEBUG] [mixin/]: fabric-resource-loader-v0.client.mixins.json:KeyedResourceReloadListenerClientMixin from mod fabric_resource_loader_v0: Class version 65 required is higher than the class version supported by the current version of Mixin (JAVA_17 supports class version 61)
[08set.2026 23:14:55.203] [Render thread/DEBUG] [mixin/]: Mixing client.BlockEntityWithoutLevelRendererMixin from geckolib.mixins.json into net.minecraft.client.renderer.BlockEntityWithoutLevelRenderer
[08set.2026 23:14:55.203] [Render thread/DEBUG] [mixin/]: geckolib.mixins.json:client.BlockEntityWithoutLevelRendererMixin from mod geckolib: Class version 65 required is higher than the class version supported by the current version of Mixin (JAVA_17 supports class version 61)
[08set.2026 23:14:55.203] [Render thread/DEBUG] [mixin/]: Mixing BuiltinModelItemRendererMixin from fabric-rendering-v1.mixins.json into net.minecraft.client.renderer.BlockEntityWithoutLevelRenderer
[08set.2026 23:14:55.203] [Render thread/DEBUG] [mixin/]: fabric-rendering-v1.mixins.json:BuiltinModelItemRendererMixin from mod fabric_rendering_v1: Class version 65 required is higher than the class version supported by the current version of Mixin (JAVA_17 supports class version 61)
[08set.2026 23:14:55.205] [Render thread/DEBUG] [mixin/]: geckolib.mixins.json:client.BlockEntityWithoutLevelRendererMixin from mod geckolib->@Inject::geckolib$renderGeckolibItem(Lnet/minecraft/world/item/ItemStack;Lnet/minecraft/world/item/ItemDisplayContext;Lcom/mojang/blaze3d/vertex/PoseStack;Lnet/minecraft/client/renderer/MultiBufferSource;IILorg/spongepowered/asm/mixin/injection/callback/CallbackInfo;)V does use it's CallbackInfo
[08set.2026 23:14:55.205] [Render thread/DEBUG] [mixin/]: fabric-rendering-v1.mixins.json:BuiltinModelItemRendererMixin from mod fabric_rendering_v1->@Inject::fabric_onRender(Lnet/minecraft/world/item/ItemStack;Lnet/minecraft/world/item/ItemDisplayContext;Lcom/mojang/blaze3d/vertex/PoseStack;Lnet/minecraft/client/renderer/MultiBufferSource;IILorg/spongepowered/asm/mixin/injection/callback/CallbackInfo;)V does use it's CallbackInfo
[08set.2026 23:14:55.216] [Render thread/DEBUG] [mixin/]: Mixing ModelLoaderLateMixin from fabric-model-loading-api-v1.mixins.json into net.minecraft.client.resources.model.ModelBakery
[08set.2026 23:14:55.217] [Render thread/DEBUG] [mixin/]: fabric-model-loading-api-v1.mixins.json:ModelLoaderLateMixin from mod fabric_model_loading_api_v1: Class version 65 required is higher than the class version supported by the current version of Mixin (JAVA_17 supports class version 61)
[08set.2026 23:14:55.217] [Render thread/DEBUG] [mixin/]: Mixing ModelLoaderMixin from fabric-model-loading-api-v1.mixins.json into net.minecraft.client.resources.model.ModelBakery
[08set.2026 23:14:55.217] [Render thread/DEBUG] [mixin/]: fabric-model-loading-api-v1.mixins.json:ModelLoaderMixin from mod fabric_model_loading_api_v1: Class version 65 required is higher than the class version supported by the current version of Mixin (JAVA_17 supports class version 61)
[08set.2026 23:14:55.218] [Render thread/DEBUG] [mixin/]: Renaming synthetic method lambda$allowRecursiveLoading$0(Lnet/minecraft/resources/ResourceLocation;)Ljava/lang/String; to md61b50d$fabric_model_loading_api_v1$lambda$allowRecursiveLoading$0$0 in fabric-model-loading-api-v1.mixins.json:ModelLoaderMixin from mod fabric_model_loading_api_v1
[08set.2026 23:14:55.230] [Render thread/DEBUG] [mixin/]: fabric-model-loading-api-v1.mixins.json:ModelLoaderMixin from mod fabric_model_loading_api_v1->@Inject::afterMissingModelInit(Lnet/minecraft/client/color/block/BlockColors;Lnet/minecraft/util/profiling/ProfilerFiller;Ljava/util/Map;Ljava/util/Map;Lorg/spongepowered/asm/mixin/injection/callback/CallbackInfo;)V doesn't use it's CallbackInfo
[08set.2026 23:14:55.230] [Render thread/DEBUG] [mixin/]: fabric-model-loading-api-v1.mixins.json:ModelLoaderMixin from mod fabric_model_loading_api_v1->@Inject::afterMissingModelInit(Lnet/minecraft/client/color/block/BlockColors;Lnet/minecraft/util/profiling/ProfilerFiller;Ljava/util/Map;Ljava/util/Map;Lorg/spongepowered/asm/mixin/injection/callback/CallbackInfo;)V has 0 override(s) in child classes
[08set.2026 23:14:55.230] [Render thread/DEBUG] [mixin/]: fabric-model-loading-api-v1.mixins.json:ModelLoaderMixin from mod fabric_model_loading_api_v1->@Inject::afterMissingModelInit(Lnet/minecraft/client/color/block/BlockColors;Lnet/minecraft/util/profiling/ProfilerFiller;Ljava/util/Map;Ljava/util/Map;Lorg/spongepowered/asm/mixin/injection/callback/CallbackInfo;)V won't be passed a CallbackInfo as a result
[08set.2026 23:14:55.231] [Render thread/DEBUG] [mixin/]: fabric-model-loading-api-v1.mixins.json:ModelLoaderMixin from mod fabric_model_loading_api_v1->@Inject::allowRecursiveLoading(Lnet/minecraft/resources/ResourceLocation;Lorg/spongepowered/asm/mixin/injection/callback/CallbackInfoReturnable;)V does use it's CallbackInfoReturnable
[08set.2026 23:14:55.242] [Render thread/DEBUG] [mixin/]: Mixing client.BakedModelMixin from fabric-renderer-api-v1.mixins.json into net.minecraft.client.resources.model.BakedModel
[08set.2026 23:14:55.257] [Render thread/DEBUG] [mixin/]: Mixing BlockModelRendererMixin from fabric-renderer-indigo.mixins.json into net.minecraft.client.renderer.block.ModelBlockRenderer
[08set.2026 23:14:55.259] [Render thread/DEBUG] [mixin/]: fabric-renderer-indigo.mixins.json:BlockModelRendererMixin from mod fabric_renderer_indigo->@Inject::hookRender(Lnet/minecraft/world/level/BlockAndTintGetter;Lnet/minecraft/client/resources/model/BakedModel;Lnet/minecraft/world/level/block/state/BlockState;Lnet/minecraft/core/BlockPos;Lcom/mojang/blaze3d/vertex/PoseStack;Lcom/mojang/blaze3d/vertex/VertexConsumer;ZLnet/minecraft/util/RandomSource;JILnet/neoforged/neoforge/client/model/data/ModelData;Lnet/minecraft/client/renderer/RenderType;Lorg/spongepowered/asm/mixin/injection/callback/CallbackInfo;)V does use it's CallbackInfo
[08set.2026 23:14:55.259] [Render thread/DEBUG] [mixin/]: fabric-renderer-indigo.mixins.json:BlockModelRendererMixin from mod fabric_renderer_indigo->@Inject::onInit(Lorg/spongepowered/asm/mixin/injection/callback/CallbackInfo;)V doesn't use it's CallbackInfo
[08set.2026 23:14:55.259] [Render thread/DEBUG] [mixin/]: fabric-renderer-indigo.mixins.json:BlockModelRendererMixin from mod fabric_renderer_indigo->@Inject::onInit(Lorg/spongepowered/asm/mixin/injection/callback/CallbackInfo;)V has 0 override(s) in child classes
[08set.2026 23:14:55.259] [Render thread/DEBUG] [mixin/]: fabric-renderer-indigo.mixins.json:BlockModelRendererMixin from mod fabric_renderer_indigo->@Inject::onInit(Lorg/spongepowered/asm/mixin/injection/callback/CallbackInfo;)V won't be passed a CallbackInfo as a result
[08set.2026 23:14:55.269] [Render thread/DEBUG] [mixin/]: Mixing FluidRendererMixin from fabric-rendering-fluids-v1.mixins.json into net.minecraft.client.renderer.block.LiquidBlockRenderer
[08set.2026 23:14:55.269] [Render thread/DEBUG] [mixin/]: fabric-rendering-fluids-v1.mixins.json:FluidRendererMixin from mod fabric_rendering_fluids_v1: Class version 65 required is higher than the class version supported by the current version of Mixin (JAVA_17 supports class version 61)
[08set.2026 23:14:55.271] [Render thread/DEBUG] [mixin/]: fabric-rendering-fluids-v1.mixins.json:FluidRendererMixin from mod fabric_rendering_fluids_v1->@Inject::onResourceReloadReturn(Lorg/spongepowered/asm/mixin/injection/callback/CallbackInfo;)V doesn't use it's CallbackInfo
[08set.2026 23:14:55.271] [Render thread/DEBUG] [mixin/]: fabric-rendering-fluids-v1.mixins.json:FluidRendererMixin from mod fabric_rendering_fluids_v1->@Inject::onResourceReloadReturn(Lorg/spongepowered/asm/mixin/injection/callback/CallbackInfo;)V has 0 override(s) in child classes
[08set.2026 23:14:55.272] [Render thread/DEBUG] [mixin/]: fabric-rendering-fluids-v1.mixins.json:FluidRendererMixin from mod fabric_rendering_fluids_v1->@Inject::onResourceReloadReturn(Lorg/spongepowered/asm/mixin/injection/callback/CallbackInfo;)V won't be passed a CallbackInfo as a result
[08set.2026 23:14:55.272] [Render thread/DEBUG] [mixin/]: fabric-rendering-fluids-v1.mixins.json:FluidRendererMixin from mod fabric_rendering_fluids_v1->@Inject::onHeadRender(Lnet/minecraft/world/level/BlockAndTintGetter;Lnet/minecraft/core/BlockPos;Lcom/mojang/blaze3d/vertex/VertexConsumer;Lnet/minecraft/world/level/block/state/BlockState;Lnet/minecraft/world/level/material/FluidState;Lorg/spongepowered/asm/mixin/injection/callback/CallbackInfo;)V does use it's CallbackInfo
[08set.2026 23:14:55.276] [Render thread/DEBUG] [mixin/]: Mixing client.HeldItemRendererMixin from elementals.mixins.json into net.minecraft.client.renderer.ItemInHandRenderer
[08set.2026 23:14:55.276] [Render thread/DEBUG] [mixin/]: elementals.mixins.json:client.HeldItemRendererMixin from mod elementals: Class version 65 required is higher than the class version supported by the current version of Mixin (JAVA_18 supports class version 62)
[08set.2026 23:14:55.277] [Render thread/DEBUG] [mixin/]: elementals.mixins.json:client.HeldItemRendererMixin from mod elementals->@Inject::renderItem(Lnet/minecraft/world/entity/LivingEntity;Lnet/minecraft/world/item/ItemStack;Lnet/minecraft/world/item/ItemDisplayContext;ZLcom/mojang/blaze3d/vertex/PoseStack;Lnet/minecraft/client/renderer/MultiBufferSource;ILorg/spongepowered/asm/mixin/injection/callback/CallbackInfo;)V does use it's CallbackInfo
[08set.2026 23:14:55.281] [Render thread/DEBUG] [mixin/]: Mixing ParticleManagerAccessor from fabric-particles-v1.client.mixins.json into net.minecraft.client.particle.ParticleEngine
[08set.2026 23:14:55.281] [Render thread/DEBUG] [mixin/]: fabric-particles-v1.client.mixins.json:ParticleManagerAccessor from mod fabric_particles_v1: Class version 65 required is higher than the class version supported by the current version of Mixin (JAVA_17 supports class version 61)
[08set.2026 23:14:55.287] [Render thread/DEBUG] [mixin/]: Mixing BlockDustParticleMixin from fabric-particles-v1.client.mixins.json into net.minecraft.client.particle.TerrainParticle
[08set.2026 23:14:55.288] [Render thread/DEBUG] [mixin/]: fabric-particles-v1.client.mixins.json:BlockDustParticleMixin from mod fabric_particles_v1: Class version 65 required is higher than the class version supported by the current version of Mixin (JAVA_17 supports class version 61)
[08set.2026 23:14:55.294] [Render thread/DEBUG] [mixin/]: Mixing ParticleManagerAccessor$SimpleSpriteProviderAccessor from fabric-particles-v1.client.mixins.json into net.minecraft.client.particle.ParticleEngine$MutableSpriteSet
[08set.2026 23:14:55.294] [Render thread/DEBUG] [mixin/]: fabric-particles-v1.client.mixins.json:ParticleManagerAccessor$SimpleSpriteProviderAccessor from mod fabric_particles_v1: Class version 65 required is higher than the class version supported by the current version of Mixin (JAVA_17 supports class version 61)
[08set.2026 23:14:55.366] [Render thread/DEBUG] [mixin/]: Mixing client.CameraMixin from elementals.mixins.json into net.minecraft.client.Camera
[08set.2026 23:14:55.367] [Render thread/DEBUG] [mixin/]: elementals.mixins.json:client.CameraMixin from mod elementals: Class version 65 required is higher than the class version supported by the current version of Mixin (JAVA_18 supports class version 62)
[08set.2026 23:14:55.378] [Render thread/DEBUG] [mixin/]: elementals.mixins.json:client.CameraMixin from mod elementals->@Inject::render(Lnet/minecraft/world/level/BlockGetter;Lnet/minecraft/world/entity/Entity;ZZFLorg/spongepowered/asm/mixin/injection/callback/CallbackInfo;)V doesn't use it's CallbackInfo
[08set.2026 23:14:55.378] [Render thread/DEBUG] [mixin/]: elementals.mixins.json:client.CameraMixin from mod elementals->@Inject::render(Lnet/minecraft/world/level/BlockGetter;Lnet/minecraft/world/entity/Entity;ZZFLorg/spongepowered/asm/mixin/injection/callback/CallbackInfo;)V has 0 override(s) in child classes
[08set.2026 23:14:55.378] [Render thread/DEBUG] [mixin/]: elementals.mixins.json:client.CameraMixin from mod elementals->@Inject::render(Lnet/minecraft/world/level/BlockGetter;Lnet/minecraft/world/entity/Entity;ZZFLorg/spongepowered/asm/mixin/injection/callback/CallbackInfo;)V won't be passed a CallbackInfo as a result
[08set.2026 23:14:55.390] [Render thread/DEBUG] [mixin/]: Mixing client.VertexBufferMixin from lodestone.mixins.json into com.mojang.blaze3d.vertex.VertexBuffer
[08set.2026 23:14:55.390] [Render thread/DEBUG] [mixin/]: lodestone.mixins.json:client.VertexBufferMixin from mod lodestone: Class version 65 required is higher than the class version supported by the current version of Mixin (JAVA_17 supports class version 61)
[08set.2026 23:14:55.390] [Render thread/DEBUG] [mixin/]: Renaming synthetic method lambda$close$3(Ljava/lang/Integer;Ljava/lang/Integer;)V to md61b50d$lodestone$lambda$close$3$0 in lodestone.mixins.json:client.VertexBufferMixin from mod lodestone
[08set.2026 23:14:55.390] [Render thread/DEBUG] [mixin/]: Renaming synthetic method lambda$addAttributeVBO$2(Ljava/lang/Integer;)Ljava/lang/Integer; to md61b50d$lodestone$lambda$addAttributeVBO$2$1 in lodestone.mixins.json:client.VertexBufferMixin from mod lodestone
[08set.2026 23:14:55.391] [Render thread/DEBUG] [mixin/]: Renaming synthetic method lambda$drawWithShaderInstanced$1(Lnet/minecraft/client/renderer/ShaderInstance;Lorg/joml/Matrix4f;Lorg/joml/Matrix4f;I)V to md61b50d$lodestone$lambda$drawWithShaderInstanced$1$2 in lodestone.mixins.json:client.VertexBufferMixin from mod lodestone
[08set.2026 23:14:55.391] [Render thread/DEBUG] [mixin/]: Renaming synthetic method lambda$drawInstanced$0(I)V to md61b50d$lodestone$lambda$drawInstanced$0$3 in lodestone.mixins.json:client.VertexBufferMixin from mod lodestone
[08set.2026 23:14:55.398] [Render thread/DEBUG] [mixin/]: lodestone.mixins.json:client.VertexBufferMixin from mod lodestone->@Inject::close(Lorg/spongepowered/asm/mixin/injection/callback/CallbackInfo;)V doesn't use it's CallbackInfo
[08set.2026 23:14:55.398] [Render thread/DEBUG] [mixin/]: lodestone.mixins.json:client.VertexBufferMixin from mod lodestone->@Inject::close(Lorg/spongepowered/asm/mixin/injection/callback/CallbackInfo;)V has 0 override(s) in child classes
[08set.2026 23:14:55.398] [Render thread/DEBUG] [mixin/]: lodestone.mixins.json:client.VertexBufferMixin from mod lodestone->@Inject::close(Lorg/spongepowered/asm/mixin/injection/callback/CallbackInfo;)V won't be passed a CallbackInfo as a result
[08set.2026 23:14:55.429] [Render thread/DEBUG] [mixin/]: Mixing client.GuiMixin from lodestone.mixins.json into net.minecraft.client.gui.Gui
[08set.2026 23:14:55.429] [Render thread/DEBUG] [mixin/]: lodestone.mixins.json:client.GuiMixin from mod lodestone: Class version 65 required is higher than the class version supported by the current version of Mixin (JAVA_17 supports class version 61)
[08set.2026 23:14:55.430] [Render thread/DEBUG] [mixin/]: lodestone.mixins.json:client.GuiMixin from mod lodestone->@Inject::lodestone$RenderHotbarStart(Lnet/minecraft/client/gui/GuiGraphics;Lnet/minecraft/client/DeltaTracker;Lorg/spongepowered/asm/mixin/injection/callback/CallbackInfo;)V doesn't use it's CallbackInfo
[08set.2026 23:14:55.430] [Render thread/DEBUG] [mixin/]: lodestone.mixins.json:client.GuiMixin from mod lodestone->@Inject::lodestone$RenderHotbarStart(Lnet/minecraft/client/gui/GuiGraphics;Lnet/minecraft/client/DeltaTracker;Lorg/spongepowered/asm/mixin/injection/callback/CallbackInfo;)V has 0 override(s) in child classes
[08set.2026 23:14:55.430] [Render thread/DEBUG] [mixin/]: lodestone.mixins.json:client.GuiMixin from mod lodestone->@Inject::lodestone$RenderHotbarStart(Lnet/minecraft/client/gui/GuiGraphics;Lnet/minecraft/client/DeltaTracker;Lorg/spongepowered/asm/mixin/injection/callback/CallbackInfo;)V won't be passed a CallbackInfo as a result
[08set.2026 23:14:55.430] [Render thread/DEBUG] [mixin/]: lodestone.mixins.json:client.GuiMixin from mod lodestone->@Inject::lodestone$RenderHotbarEnd(Lnet/minecraft/client/gui/GuiGraphics;Lnet/minecraft/client/DeltaTracker;Lorg/spongepowered/asm/mixin/injection/callback/CallbackInfo;)V doesn't use it's CallbackInfo
[08set.2026 23:14:55.431] [Render thread/DEBUG] [mixin/]: lodestone.mixins.json:client.GuiMixin from mod lodestone->@Inject::lodestone$RenderHotbarEnd(Lnet/minecraft/client/gui/GuiGraphics;Lnet/minecraft/client/DeltaTracker;Lorg/spongepowered/asm/mixin/injection/callback/CallbackInfo;)V has 0 override(s) in child classes
[08set.2026 23:14:55.431] [Render thread/DEBUG] [mixin/]: lodestone.mixins.json:client.GuiMixin from mod lodestone->@Inject::lodestone$RenderHotbarEnd(Lnet/minecraft/client/gui/GuiGraphics;Lnet/minecraft/client/DeltaTracker;Lorg/spongepowered/asm/mixin/injection/callback/CallbackInfo;)V won't be passed a CallbackInfo as a result
[08set.2026 23:14:55.443] [Render thread/DEBUG] [mixin/]: Mixing DebugHudMixin from fabric-renderer-api-v1.debughud.mixins.json into net.minecraft.client.gui.components.DebugScreenOverlay
[08set.2026 23:14:55.444] [Render thread/DEBUG] [mixin/]: fabric-renderer-api-v1.debughud.mixins.json:DebugHudMixin from mod fabric_renderer_api_v1: Class version 65 required is higher than the class version supported by the current version of Mixin (JAVA_17 supports class version 61)
[08set.2026 23:14:55.446] [Render thread/DEBUG] [mixin/]: fabric-renderer-api-v1.debughud.mixins.json:DebugHudMixin from mod fabric_renderer_api_v1->@Inject::getLeftText(Lorg/spongepowered/asm/mixin/injection/callback/CallbackInfoReturnable;)V does use it's CallbackInfoReturnable
[08set.2026 23:14:55.446] [Render thread/DEBUG] [mixin/]: fabric-renderer-api-v1.debughud.mixins.json:DebugHudMixin from mod fabric_renderer_api_v1->@Inject::getLeftText(Lorg/spongepowered/asm/mixin/injection/callback/CallbackInfoReturnable;)V does use it's CallbackInfoReturnable
[08set.2026 23:14:55.461] [Render thread/DEBUG] [mixin/]: Mixing client.SpectatorMenuCommandMixin from elementals.mixins.json into net.minecraft.client.gui.components.spectator.SpectatorGui
[08set.2026 23:14:55.462] [Render thread/DEBUG] [mixin/]: elementals.mixins.json:client.SpectatorMenuCommandMixin from mod elementals: Class version 65 required is higher than the class version supported by the current version of Mixin (JAVA_18 supports class version 62)
[08set.2026 23:14:55.465] [Render thread/DEBUG] [mixin/]: elementals.mixins.json:client.SpectatorMenuCommandMixin from mod elementals->@Inject::closeMenuIfFakeSpectatorMode(Lnet/minecraft/client/gui/GuiGraphics;FIILnet/minecraft/client/gui/spectator/categories/SpectatorPage;Lorg/spongepowered/asm/mixin/injection/callback/CallbackInfo;)V does use it's CallbackInfo
[08set.2026 23:14:55.506] [Render thread/INFO] [net.neoforged.neoforge.gametest.GameTestHooks/]: Enabled Gametest Namespaces: [elementalsmorebendings]
[08set.2026 23:14:55.566] [Render thread/DEBUG] [mixin/]: Mixing EntityRenderersMixin from fabric-rendering-v1.mixins.json into net.minecraft.client.renderer.entity.EntityRenderers
[08set.2026 23:14:55.566] [Render thread/DEBUG] [mixin/]: fabric-rendering-v1.mixins.json:EntityRenderersMixin from mod fabric_rendering_v1: Class version 65 required is higher than the class version supported by the current version of Mixin (JAVA_17 supports class version 61)
[08set.2026 23:14:55.573] [Render thread/DEBUG] [mixin/]: Mixing client.PlayerEntityRendererMixin from elementals.mixins.json into net.minecraft.client.renderer.entity.player.PlayerRenderer
[08set.2026 23:14:55.574] [Render thread/DEBUG] [mixin/]: elementals.mixins.json:client.PlayerEntityRendererMixin from mod elementals: Class version 65 required is higher than the class version supported by the current version of Mixin (JAVA_18 supports class version 62)
[08set.2026 23:14:55.576] [Render thread/DEBUG] [mixin/]: elementals.mixins.json:client.PlayerEntityRendererMixin from mod elementals->@Inject::modelPose(Lnet/minecraft/client/player/AbstractClientPlayer;Lorg/spongepowered/asm/mixin/injection/callback/CallbackInfo;)V doesn't use it's CallbackInfo
[08set.2026 23:14:55.576] [Render thread/DEBUG] [mixin/]: elementals.mixins.json:client.PlayerEntityRendererMixin from mod elementals->@Inject::modelPose(Lnet/minecraft/client/player/AbstractClientPlayer;Lorg/spongepowered/asm/mixin/injection/callback/CallbackInfo;)V has 0 override(s) in child classes
[08set.2026 23:14:55.576] [Render thread/DEBUG] [mixin/]: elementals.mixins.json:client.PlayerEntityRendererMixin from mod elementals->@Inject::modelPose(Lnet/minecraft/client/player/AbstractClientPlayer;Lorg/spongepowered/asm/mixin/injection/callback/CallbackInfo;)V won't be passed a CallbackInfo as a result
[08set.2026 23:14:55.596] [Render thread/DEBUG] [mixin/]: Mixing client.HumanoidArmorLayerMixin from geckolib.mixins.json into net.minecraft.client.renderer.entity.layers.HumanoidArmorLayer
[08set.2026 23:14:55.596] [Render thread/DEBUG] [mixin/]: geckolib.mixins.json:client.HumanoidArmorLayerMixin from mod geckolib: Class version 65 required is higher than the class version supported by the current version of Mixin (JAVA_17 supports class version 61)
[08set.2026 23:14:55.597] [Render thread/DEBUG] [mixin/]: Mixing ArmorFeatureRendererMixin from fabric-rendering-v1.mixins.json into net.minecraft.client.renderer.entity.layers.HumanoidArmorLayer
[08set.2026 23:14:55.597] [Render thread/DEBUG] [mixin/]: fabric-rendering-v1.mixins.json:ArmorFeatureRendererMixin from mod fabric_rendering_v1: Class version 65 required is higher than the class version supported by the current version of Mixin (JAVA_17 supports class version 61)
[08set.2026 23:14:55.599] [Render thread/DEBUG] [mixin/]: fabric-rendering-v1.mixins.json:ArmorFeatureRendererMixin from mod fabric_rendering_v1->@Inject::renderArmor(Lcom/mojang/blaze3d/vertex/PoseStack;Lnet/minecraft/client/renderer/MultiBufferSource;Lnet/minecraft/world/entity/LivingEntity;Lnet/minecraft/world/entity/EquipmentSlot;ILnet/minecraft/client/model/HumanoidModel;FFFFFFLorg/spongepowered/asm/mixin/injection/callback/CallbackInfo;)V does use it's CallbackInfo
[08set.2026 23:14:55.603] [Render thread/DEBUG] [mixin/]: Mixing HeadFeatureRendererMixin from fabric-rendering-v1.mixins.json into net.minecraft.client.renderer.entity.layers.CustomHeadLayer
[08set.2026 23:14:55.604] [Render thread/DEBUG] [mixin/]: fabric-rendering-v1.mixins.json:HeadFeatureRendererMixin from mod fabric_rendering_v1: Class version 65 required is higher than the class version supported by the current version of Mixin (JAVA_17 supports class version 61)
[08set.2026 23:14:55.605] [Render thread/DEBUG] [mixin/]: fabric-rendering-v1.mixins.json:HeadFeatureRendererMixin from mod fabric_rendering_v1->@Inject::disableRenderingForCustomArmor(Lcom/mojang/blaze3d/vertex/PoseStack;Lnet/minecraft/client/renderer/MultiBufferSource;ILnet/minecraft/world/entity/LivingEntity;FFFFFFLorg/spongepowered/asm/mixin/injection/callback/CallbackInfo;)V does use it's CallbackInfo
[08set.2026 23:14:55.721] [Render thread/DEBUG] [mixin/]: Mixing DimensionEffectsAccessor from fabric-rendering-v1.mixins.json into net.minecraft.client.renderer.DimensionSpecialEffects
[08set.2026 23:14:55.721] [Render thread/DEBUG] [mixin/]: fabric-rendering-v1.mixins.json:DimensionEffectsAccessor from mod fabric_rendering_v1: Class version 65 required is higher than the class version supported by the current version of Mixin (JAVA_17 supports class version 61)
[08set.2026 23:14:55.721] [Render thread/DEBUG] [mixin/]: Renaming @Accessor method getIdentifierMap()Lit/unimi/dsi/fastutil/objects/Object2ObjectMap; to getIdentifierMap$fabric_rendering_v1_$md$61b50d$0 in fabric-rendering-v1.mixins.json:DimensionEffectsAccessor from mod fabric_rendering_v1
[08set.2026 23:14:55.730] [Render thread/DEBUG] [mixin/]: Mixing CreateWorldScreenMixin from fabric-resource-loader-v0.client.mixins.json into net.minecraft.client.gui.screens.worldselection.CreateWorldScreen
[08set.2026 23:14:55.730] [Render thread/DEBUG] [mixin/]: fabric-resource-loader-v0.client.mixins.json:CreateWorldScreenMixin from mod fabric_resource_loader_v0: Class version 65 required is higher than the class version supported by the current version of Mixin (JAVA_17 supports class version 61)
[08set.2026 23:14:55.732] [Render thread/DEBUG] [mixin/]: fabric-resource-loader-v0.client.mixins.json:CreateWorldScreenMixin from mod fabric_resource_loader_v0->@Inject::onScanPacks(Lorg/spongepowered/asm/mixin/injection/callback/CallbackInfoReturnable;)V doesn't use it's CallbackInfoReturnable
[08set.2026 23:14:55.732] [Render thread/DEBUG] [mixin/]: fabric-resource-loader-v0.client.mixins.json:CreateWorldScreenMixin from mod fabric_resource_loader_v0->@Inject::onScanPacks(Lorg/spongepowered/asm/mixin/injection/callback/CallbackInfoReturnable;)V has 0 override(s) in child classes
[08set.2026 23:14:55.732] [Render thread/DEBUG] [mixin/]: fabric-resource-loader-v0.client.mixins.json:CreateWorldScreenMixin from mod fabric_resource_loader_v0->@Inject::onScanPacks(Lorg/spongepowered/asm/mixin/injection/callback/CallbackInfoReturnable;)V won't be passed a CallbackInfoReturnable as a result
[08set.2026 23:14:55.758] [Render thread/DEBUG] [mixin/]: Mixing shader.ShaderProgramImportProcessorMixin from fabric-rendering-v1.mixins.json into net.minecraft.client.renderer.ShaderInstance$1
[08set.2026 23:14:55.758] [Render thread/DEBUG] [mixin/]: fabric-rendering-v1.mixins.json:shader.ShaderProgramImportProcessorMixin from mod fabric_rendering_v1: Class version 65 required is higher than the class version supported by the current version of Mixin (JAVA_17 supports class version 61)
[08set.2026 23:14:55.761] [Render thread/DEBUG] [mixin/]: Generating mapped inner class net/minecraft/client/renderer/ShaderInstance$Anonymous$60d73ba64e66406abc0e1f9530f70444 (originally team/lodestar/lodestone/mixin/client/ShaderInstanceMixin$1)
[08set.2026 23:14:55.767] [Render thread/DEBUG] [mixin/]: Mixing ResourceMixin from fabric-resource-loader-v0.mixins.json into net.minecraft.server.packs.resources.Resource
[08set.2026 23:14:55.768] [Render thread/DEBUG] [mixin/]: fabric-resource-loader-v0.mixins.json:ResourceMixin from mod fabric_resource_loader_v0: Class version 65 required is higher than the class version supported by the current version of Mixin (JAVA_17 supports class version 61)
[08set.2026 23:14:55.842] [Render thread/DEBUG] [mixin/]: Mixing MessageHandlerMixin from fabric-message-api-v1.client.mixins.json into net.minecraft.client.multiplayer.chat.ChatListener
[08set.2026 23:14:55.842] [Render thread/DEBUG] [mixin/]: fabric-message-api-v1.client.mixins.json:MessageHandlerMixin from mod fabric_message_api_v1: Class version 65 required is higher than the class version supported by the current version of Mixin (JAVA_17 supports class version 61)
[08set.2026 23:14:55.848] [Render thread/DEBUG] [mixin/]: fabric-message-api-v1.client.mixins.json:MessageHandlerMixin from mod fabric_message_api_v1->@Inject::fabric_onSignedChatMessage(Lnet/minecraft/network/chat/ChatType$Bound;Lnet/minecraft/network/chat/PlayerChatMessage;Lnet/minecraft/network/chat/Component;Lcom/mojang/authlib/GameProfile;ZLjava/time/Instant;Lorg/spongepowered/asm/mixin/injection/callback/CallbackInfoReturnable;)V does use it's CallbackInfoReturnable
[08set.2026 23:14:55.848] [Render thread/DEBUG] [mixin/]: fabric-message-api-v1.client.mixins.json:MessageHandlerMixin from mod fabric_message_api_v1->@Inject::fabric_onFilteredSignedChatMessage(Lnet/minecraft/network/chat/ChatType$Bound;Lnet/minecraft/network/chat/PlayerChatMessage;Lnet/minecraft/network/chat/Component;Lcom/mojang/authlib/GameProfile;ZLjava/time/Instant;Lorg/spongepowered/asm/mixin/injection/callback/CallbackInfoReturnable;)V does use it's CallbackInfoReturnable
[08set.2026 23:14:55.848] [Render thread/DEBUG] [mixin/]: fabric-message-api-v1.client.mixins.json:MessageHandlerMixin from mod fabric_message_api_v1->@Inject::fabric_onProfilelessChatMessage(Lnet/minecraft/network/chat/ChatType$Bound;Lnet/minecraft/network/chat/Component;Ljava/time/Instant;Lorg/spongepowered/asm/mixin/injection/callback/CallbackInfoReturnable;)V does use it's CallbackInfoReturnable
[08set.2026 23:14:55.848] [Render thread/DEBUG] [mixin/]: fabric-message-api-v1.client.mixins.json:MessageHandlerMixin from mod fabric_message_api_v1->@Inject::fabric_allowGameMessage(Lnet/minecraft/network/chat/Component;ZLorg/spongepowered/asm/mixin/injection/callback/CallbackInfo;)V does use it's CallbackInfo
[08set.2026 23:14:55.898] [Render thread/INFO] [net.minecraft.server.packs.resources.ReloadableResourceManager/]: Reloading ResourceManager: vanilla, fabric, mod_resources, mod/fabric_transfer_api_v1, mod/fabric_renderer_api_v1, mod/geckolib, mod/fabric_item_api_v1, mod/fabric_model_loading_api_v1, mod/fabric_rendering_fluids_v1, mod/commonnetworking, mod/fabric_screen_handler_api_v1, mod/fabric_resource_loader_v0, mod/fabric_rendering_v1, mod/fabric_renderer_indigo, mod/fabric_convention_tags_v1, mod/neoforge, mod/fabric_block_view_api_v2, mod/fabric_convention_tags_v2, mod/fabric_command_api_v2, mod/fabric_data_attachment_api_v1, mod/fabric_screen_api_v1, mod/fabric_particles_v1, mod/fabric_api,forgified_fabric_api, mod/fabric_content_registries_v0, mod/fabric_transitive_access_wideners_v1, mod/fabric_game_rule_api_v1, mod/fabric_api_base, mod/fabric_api_lookup_api_v1, mod/fabric_blockrenderlayer_v1, mod/fabric_block_api_v1, mod/fabric_resource_conditions_api_v1, mod/fabric_item_group_api_v1, mod/fabric_gametest_api_v1, mod/fabric_biome_api_v1, mod/fabric_entity_events_v1, mod/fabric_registry_sync_v0, mod/fabric_recipe_api_v1, mod/fabric_loot_api_v2, mod/fabric_object_builder_api_v1, mod/fabric_loot_api_v3, mod/fabric_rendering_data_attachment_v1, mod/fabric_networking_api_v1, mod/fabric_sound_api_v1, mod/lodestone, mod/fabric_message_api_v1, mod/elementals, mod/elementalsmorebendings, mod/fabric_lifecycle_events_v1, mod/fabric_data_generation_api_v1, mod/fabric_events_interaction_v0, mod/fabric_key_binding_api_v1, mod/fabric_client_tags_api_v1
[08set.2026 23:14:55.913] [Render thread/DEBUG] [mixin/]: Mixing SimpleResourceReloadMixin from fabric-resource-loader-v0.mixins.json into net.minecraft.server.packs.resources.SimpleReloadInstance
[08set.2026 23:14:55.913] [Render thread/DEBUG] [mixin/]: fabric-resource-loader-v0.mixins.json:SimpleResourceReloadMixin from mod fabric_resource_loader_v0: Class version 65 required is higher than the class version supported by the current version of Mixin (JAVA_17 supports class version 61)
[08set.2026 23:14:55.920] [Render thread/DEBUG] [mixin/]: fabric-resource-loader-v0.mixins.json:SimpleResourceReloadMixin from mod fabric_resource_loader_v0->@Inject::method_40087(Lnet/minecraft/server/packs/resources/ResourceManager;Ljava/util/List;Ljava/util/concurrent/Executor;Ljava/util/concurrent/Executor;Ljava/util/concurrent/CompletableFuture;ZLorg/spongepowered/asm/mixin/injection/callback/CallbackInfoReturnable;)V doesn't use it's CallbackInfoReturnable
[08set.2026 23:14:55.942] [Worker-Main-5/INFO] [Elementals: More Bendings/]: Inicializando sub-bendings comuns (Plant, Spirit, Healing, Ice, Mud, Crystal, Sand, Glass, Petrification, Lava, Bone, Atmosphere, Gas, Mist, Sound, Temperature, Void, Plasma) na 1.21.1...
[08set.2026 23:14:56.359] [Worker-Main-1/DEBUG] [mixin/]: Mixing BlockStatesLoaderMixin from fabric-model-loading-api-v1.mixins.json into net.minecraft.client.resources.model.BlockStateModelLoader
[08set.2026 23:14:56.360] [Worker-Main-1/DEBUG] [mixin/]: fabric-model-loading-api-v1.mixins.json:BlockStatesLoaderMixin from mod fabric_model_loading_api_v1: Class version 65 required is higher than the class version supported by the current version of Mixin (JAVA_17 supports class version 61)
[08set.2026 23:14:56.364] [Worker-Main-1/DEBUG] [mixin/]: fabric-model-loading-api-v1.mixins.json:BlockStatesLoaderMixin from mod fabric_model_loading_api_v1->@Inject::onHeadLoadBlockStates(Lnet/minecraft/resources/ResourceLocation;Lnet/minecraft/world/level/block/state/StateDefinition;Lorg/spongepowered/asm/mixin/injection/callback/CallbackInfo;)V does use it's CallbackInfo
[08set.2026 23:14:56.437] [Worker-Main-15/WARN] [net.minecraft.client.sounds.SoundManager/]: File elementals:sounds/wind.ogg does not exist, cannot add it to event elementals:wind
[08set.2026 23:14:56.438] [Worker-Main-15/WARN] [net.minecraft.client.sounds.SoundManager/]: File elementals:sounds/wind_burst.ogg does not exist, cannot add it to event elementals:wind_burst
[08set.2026 23:14:56.438] [Worker-Main-15/WARN] [net.minecraft.client.sounds.SoundManager/]: File elementals:sounds/metal_break_1.ogg does not exist, cannot add it to event elementals:metal_break
[08set.2026 23:14:56.439] [Worker-Main-15/WARN] [net.minecraft.client.sounds.SoundManager/]: File elementals:sounds/metal_break_2.ogg does not exist, cannot add it to event elementals:metal_break
[08set.2026 23:14:56.439] [Worker-Main-15/WARN] [net.minecraft.client.sounds.SoundManager/]: File elementals:sounds/metal_break_3.ogg does not exist, cannot add it to event elementals:metal_break
[08set.2026 23:14:56.439] [Worker-Main-15/WARN] [net.minecraft.client.sounds.SoundManager/]: File elementals:sounds/metal_break_4.ogg does not exist, cannot add it to event elementals:metal_break
[08set.2026 23:14:56.458] [Worker-Main-15/DEBUG] [mixin/]: Mixing AtlasSourceManagerAccessor from fabric-rendering-v1.mixins.json into net.minecraft.client.renderer.texture.atlas.SpriteSources
[08set.2026 23:14:56.459] [Worker-Main-15/DEBUG] [mixin/]: fabric-rendering-v1.mixins.json:AtlasSourceManagerAccessor from mod fabric_rendering_v1: Class version 65 required is higher than the class version supported by the current version of Mixin (JAVA_17 supports class version 61)
[08set.2026 23:14:56.459] [Worker-Main-15/DEBUG] [mixin/]: Renaming @Accessor method getSourceTypeById()Lcom/google/common/collect/BiMap; to getSourceTypeById$fabric_rendering_v1_$md$61b50d$0 in fabric-rendering-v1.mixins.json:AtlasSourceManagerAccessor from mod fabric_rendering_v1
[08set.2026 23:14:56.618] [Worker-Main-10/INFO] [net.minecraft.client.gui.font.providers.UnihexProvider/]: Found unifont_all_no_pua-15.1.05.hex, loading
[08set.2026 23:14:56.835] [Worker-Main-2/INFO] [net.minecraft.client.gui.font.providers.UnihexProvider/]: Found unifont_jp_patch-15.1.05.hex, loading
[08set.2026 23:14:56.981] [Render thread/DEBUG] [net.neoforged.fml.DeferredWorkQueue/LOADING]: Dispatching synchronous work for work queue Common setup: 3 jobs
[08set.2026 23:14:56.986] [Render thread/DEBUG] [net.neoforged.fml.DeferredWorkQueue/LOADING]: Synchronous work queue completed in 3.778 ms
[08set.2026 23:14:56.989] [Worker-Main-4/DEBUG] [mixin/]: Mixing RenderLayersMixin from fabric-blockrenderlayer-v1.mixins.json into net.minecraft.client.renderer.ItemBlockRenderTypes
[08set.2026 23:14:56.989] [Worker-Main-4/DEBUG] [mixin/]: fabric-blockrenderlayer-v1.mixins.json:RenderLayersMixin from mod fabric_blockrenderlayer_v1: Class version 65 required is higher than the class version supported by the current version of Mixin (JAVA_17 supports class version 61)
[08set.2026 23:14:57.718] [Worker-Main-13/WARN] [net.minecraft.client.resources.model.ModelBakery/]: Unable to load model: 'elementalsmorebendings:item/temperature_scroll' referenced from: elementalsmorebendings:item/temperature_scroll: java.io.FileNotFoundException: elementalsmorebendings:models/item/temperature_scroll.json
[08set.2026 23:14:57.719] [Worker-Main-13/WARN] [net.minecraft.client.resources.model.ModelBakery/]: Unable to load model: 'elementalsmorebendings:item/mud_scroll' referenced from: elementalsmorebendings:item/mud_scroll: java.io.FileNotFoundException: elementalsmorebendings:models/item/mud_scroll.json
[08set.2026 23:14:57.720] [Worker-Main-13/WARN] [net.minecraft.client.resources.model.ModelBakery/]: Unable to load model: 'elementalsmorebendings:item/ice_scroll' referenced from: elementalsmorebendings:item/ice_scroll: java.io.FileNotFoundException: elementalsmorebendings:models/item/ice_scroll.json
[08set.2026 23:14:57.720] [Worker-Main-13/WARN] [net.minecraft.client.resources.model.ModelBakery/]: Unable to load model: 'elementals:item/moon_planks' referenced from: elementals:item/moon_planks: java.io.FileNotFoundException: elementals:models/item/moon_planks.json
[08set.2026 23:14:57.720] [Worker-Main-13/WARN] [net.minecraft.client.resources.model.ModelBakery/]: Unable to load model: 'elementalsmorebendings:item/spirit_scroll' referenced from: elementalsmorebendings:item/spirit_scroll: java.io.FileNotFoundException: elementalsmorebendings:models/item/spirit_scroll.json
[08set.2026 23:14:57.721] [Worker-Main-13/WARN] [net.minecraft.client.resources.model.ModelBakery/]: Unable to load model: 'elementals:item/moon_stripped_log' referenced from: elementals:item/moon_stripped_log: java.io.FileNotFoundException: elementals:models/item/moon_stripped_log.json
[08set.2026 23:14:57.721] [Worker-Main-13/WARN] [net.minecraft.client.resources.model.ModelBakery/]: Unable to load model: 'elementalsmorebendings:item/petrification_scroll' referenced from: elementalsmorebendings:item/petrification_scroll: java.io.FileNotFoundException: elementalsmorebendings:models/item/petrification_scroll.json
[08set.2026 23:14:57.722] [Worker-Main-13/WARN] [net.minecraft.client.resources.model.ModelBakery/]: Unable to load model: 'elementalsmorebendings:item/lava_scroll' referenced from: elementalsmorebendings:item/lava_scroll: java.io.FileNotFoundException: elementalsmorebendings:models/item/lava_scroll.json
[08set.2026 23:14:57.722] [Worker-Main-13/WARN] [net.minecraft.client.resources.model.ModelBakery/]: Unable to load model: 'elementalsmorebendings:item/sound_scroll' referenced from: elementalsmorebendings:item/sound_scroll: java.io.FileNotFoundException: elementalsmorebendings:models/item/sound_scroll.json
[08set.2026 23:14:57.722] [Worker-Main-13/WARN] [net.minecraft.client.resources.model.ModelBakery/]: Unable to load model: 'elementalsmorebendings:item/crystal_scroll' referenced from: elementalsmorebendings:item/crystal_scroll: java.io.FileNotFoundException: elementalsmorebendings:models/item/crystal_scroll.json
[08set.2026 23:14:57.723] [Worker-Main-13/WARN] [net.minecraft.client.resources.model.ModelBakery/]: Unable to load model: 'elementalsmorebendings:item/bone_scroll' referenced from: elementalsmorebendings:item/bone_scroll: java.io.FileNotFoundException: elementalsmorebendings:models/item/bone_scroll.json
[08set.2026 23:14:57.724] [Worker-Main-13/WARN] [net.minecraft.client.resources.model.ModelBakery/]: Unable to load model: 'elementalsmorebendings:item/gas_scroll' referenced from: elementalsmorebendings:item/gas_scroll: java.io.FileNotFoundException: elementalsmorebendings:models/item/gas_scroll.json
[08set.2026 23:14:57.725] [Worker-Main-13/WARN] [net.minecraft.client.resources.model.ModelBakery/]: Unable to load model: 'elementalsmorebendings:item/plant_scroll' referenced from: elementalsmorebendings:item/plant_scroll: java.io.FileNotFoundException: elementalsmorebendings:models/item/plant_scroll.json
[08set.2026 23:14:57.725] [Worker-Main-13/WARN] [net.minecraft.client.resources.model.ModelBakery/]: Unable to load model: 'elementalsmorebendings:item/sand_scroll' referenced from: elementalsmorebendings:item/sand_scroll: java.io.FileNotFoundException: elementalsmorebendings:models/item/sand_scroll.json
[08set.2026 23:14:57.725] [Worker-Main-13/WARN] [net.minecraft.client.resources.model.ModelBakery/]: Unable to load model: 'elementalsmorebendings:item/plasma_scroll' referenced from: elementalsmorebendings:item/plasma_scroll: java.io.FileNotFoundException: elementalsmorebendings:models/item/plasma_scroll.json
[08set.2026 23:14:57.725] [Worker-Main-13/WARN] [net.minecraft.client.resources.model.ModelBakery/]: Unable to load model: 'elementalsmorebendings:item/void_scroll' referenced from: elementalsmorebendings:item/void_scroll: java.io.FileNotFoundException: elementalsmorebendings:models/item/void_scroll.json
[08set.2026 23:14:57.726] [Worker-Main-13/WARN] [net.minecraft.client.resources.model.ModelBakery/]: Unable to load model: 'elementals:item/moon_peach_leaves' referenced from: elementals:item/moon_peach_leaves: java.io.FileNotFoundException: elementals:models/item/moon_peach_leaves.json
[08set.2026 23:14:57.727] [Worker-Main-13/WARN] [net.minecraft.client.resources.model.ModelBakery/]: Unable to load model: 'elementalsmorebendings:item/atmosphere_scroll' referenced from: elementalsmorebendings:item/atmosphere_scroll: java.io.FileNotFoundException: elementalsmorebendings:models/item/atmosphere_scroll.json
[08set.2026 23:14:57.727] [Worker-Main-13/WARN] [net.minecraft.client.resources.model.ModelBakery/]: Unable to load model: 'elementalsmorebendings:item/glass_scroll' referenced from: elementalsmorebendings:item/glass_scroll: java.io.FileNotFoundException: elementalsmorebendings:models/item/glass_scroll.json
[08set.2026 23:14:57.728] [Worker-Main-13/WARN] [net.minecraft.client.resources.model.ModelBakery/]: Unable to load model: 'elementalsmorebendings:item/combustion_scroll' referenced from: elementalsmorebendings:item/combustion_scroll: java.io.FileNotFoundException: elementalsmorebendings:models/item/combustion_scroll.json
[08set.2026 23:14:57.729] [Worker-Main-13/WARN] [net.minecraft.client.resources.model.ModelBakery/]: Unable to load model: 'elementalsmorebendings:item/mist_scroll' referenced from: elementalsmorebendings:item/mist_scroll: java.io.FileNotFoundException: elementalsmorebendings:models/item/mist_scroll.json
[08set.2026 23:14:57.729] [Worker-Main-13/WARN] [net.minecraft.client.resources.model.ModelBakery/]: Unable to load model: 'elementals:item/moon_log' referenced from: elementals:item/moon_log: java.io.FileNotFoundException: elementals:models/item/moon_log.json
[08set.2026 23:14:57.875] [Worker-Main-13/DEBUG] [mixin/]: Mixing ModelLoaderBakerImplMixin from fabric-model-loading-api-v1.mixins.json into net.minecraft.client.resources.model.ModelBakery$ModelBakerImpl
[08set.2026 23:14:57.875] [Worker-Main-13/DEBUG] [mixin/]: fabric-model-loading-api-v1.mixins.json:ModelLoaderBakerImplMixin from mod fabric_model_loading_api_v1: Class version 65 required is higher than the class version supported by the current version of Mixin (JAVA_17 supports class version 61)
[08set.2026 23:14:57.920] [Worker-Main-13/DEBUG] [mixin/]: Mixing client.MultipartBakedModelMixin from fabric-renderer-api-v1.mixins.json into net.minecraft.client.resources.model.MultiPartBakedModel
[08set.2026 23:14:57.921] [Worker-Main-13/DEBUG] [mixin/]: Renaming synthetic method lambda$emitBlockQuads$0(Lnet/minecraft/util/RandomSource;J)Lnet/minecraft/util/RandomSource; to md61b50d$fabric_renderer_api_v1$lambda$emitBlockQuads$0$0 in fabric-renderer-api-v1.mixins.json:client.MultipartBakedModelMixin from mod fabric_renderer_api_v1
[08set.2026 23:14:57.926] [Worker-Main-13/DEBUG] [mixin/]: fabric-renderer-api-v1.mixins.json:client.MultipartBakedModelMixin from mod fabric_renderer_api_v1->@Inject::onInit(Ljava/util/List;Lorg/spongepowered/asm/mixin/injection/callback/CallbackInfo;)V doesn't use it's CallbackInfo
[08set.2026 23:14:57.926] [Worker-Main-13/DEBUG] [mixin/]: fabric-renderer-api-v1.mixins.json:client.MultipartBakedModelMixin from mod fabric_renderer_api_v1->@Inject::onInit(Ljava/util/List;Lorg/spongepowered/asm/mixin/injection/callback/CallbackInfo;)V has 0 override(s) in child classes
[08set.2026 23:14:57.926] [Worker-Main-13/DEBUG] [mixin/]: fabric-renderer-api-v1.mixins.json:client.MultipartBakedModelMixin from mod fabric_renderer_api_v1->@Inject::onInit(Ljava/util/List;Lorg/spongepowered/asm/mixin/injection/callback/CallbackInfo;)V won't be passed a CallbackInfo as a result
[08set.2026 23:14:57.956] [Worker-Main-13/DEBUG] [mixin/]: Mixing client.WeightedBakedModelMixin from fabric-renderer-api-v1.mixins.json into net.minecraft.client.resources.model.WeightedBakedModel
[08set.2026 23:14:57.956] [Worker-Main-13/DEBUG] [mixin/]: Renaming synthetic method lambda$emitItemQuads$1(Ljava/util/function/Supplier;)Lnet/minecraft/util/RandomSource; to md61b50d$fabric_renderer_api_v1$lambda$emitItemQuads$1$0 in fabric-renderer-api-v1.mixins.json:client.WeightedBakedModelMixin from mod fabric_renderer_api_v1
[08set.2026 23:14:57.956] [Worker-Main-13/DEBUG] [mixin/]: Renaming synthetic method lambda$emitBlockQuads$0(Ljava/util/function/Supplier;)Lnet/minecraft/util/RandomSource; to md61b50d$fabric_renderer_api_v1$lambda$emitBlockQuads$0$1 in fabric-renderer-api-v1.mixins.json:client.WeightedBakedModelMixin from mod fabric_renderer_api_v1
[08set.2026 23:14:57.960] [Worker-Main-13/DEBUG] [mixin/]: fabric-renderer-api-v1.mixins.json:client.WeightedBakedModelMixin from mod fabric_renderer_api_v1->@Inject::onInit(Ljava/util/List;Lorg/spongepowered/asm/mixin/injection/callback/CallbackInfo;)V doesn't use it's CallbackInfo
[08set.2026 23:14:57.960] [Worker-Main-13/DEBUG] [mixin/]: fabric-renderer-api-v1.mixins.json:client.WeightedBakedModelMixin from mod fabric_renderer_api_v1->@Inject::onInit(Ljava/util/List;Lorg/spongepowered/asm/mixin/injection/callback/CallbackInfo;)V has 0 override(s) in child classes
[08set.2026 23:14:57.960] [Worker-Main-13/DEBUG] [mixin/]: fabric-renderer-api-v1.mixins.json:client.WeightedBakedModelMixin from mod fabric_renderer_api_v1->@Inject::onInit(Ljava/util/List;Lorg/spongepowered/asm/mixin/injection/callback/CallbackInfo;)V won't be passed a CallbackInfo as a result
[08set.2026 23:14:58.489] [Worker-Main-13/WARN] [net.minecraft.client.resources.model.ModelManager/]: Missing textures in model elementals:glider#inventory:
    minecraft:textures/atlas/blocks.png:elementals:item/texture
[08set.2026 23:14:58.577] [modloading-worker-0/DEBUG] [mixin/]: Mixing NetworkRegistryMixin from fabric-networking-api-v1.mixins.json into net.neoforged.neoforge.network.registration.NetworkRegistry
[08set.2026 23:14:58.577] [modloading-worker-0/DEBUG] [mixin/]: fabric-networking-api-v1.mixins.json:NetworkRegistryMixin from mod fabric_networking_api_v1: Class version 65 required is higher than the class version supported by the current version of Mixin (JAVA_17 supports class version 61)
[08set.2026 23:14:58.578] [modloading-worker-0/DEBUG] [mixin/]: Renaming synthetic method lambda$preserveSendableChannels$5(Ljava/util/List;Lnet/neoforged/neoforge/network/payload/ModdedNetworkQueryComponent;)V to md61b50d$fabric_networking_api_v1$lambda$preserveSendableChannels$5$0 in fabric-networking-api-v1.mixins.json:NetworkRegistryMixin from mod fabric_networking_api_v1
[08set.2026 23:14:58.578] [modloading-worker-0/DEBUG] [mixin/]: Renaming synthetic method lambda$preserveSendableChannels$4(Ljava/util/List;Lnet/neoforged/neoforge/network/payload/ModdedNetworkQueryComponent;)Z to md61b50d$fabric_networking_api_v1$lambda$preserveSendableChannels$4$1 in fabric-networking-api-v1.mixins.json:NetworkRegistryMixin from mod fabric_networking_api_v1
[08set.2026 23:14:58.578] [modloading-worker-0/DEBUG] [mixin/]: Renaming synthetic method lambda$preserveSendableChannels$3(Lnet/neoforged/neoforge/network/payload/ModdedNetworkQueryComponent;Lnet/neoforged/neoforge/network/negotiation/NegotiatedNetworkComponent;)Z to md61b50d$fabric_networking_api_v1$lambda$preserveSendableChannels$3$2 in fabric-networking-api-v1.mixins.json:NetworkRegistryMixin from mod fabric_networking_api_v1
[08set.2026 23:14:58.578] [modloading-worker-0/DEBUG] [mixin/]: Renaming synthetic method lambda$preserveSendableChannels$2(Ljava/util/List;Lnet/neoforged/neoforge/network/payload/ModdedNetworkQueryComponent;)V to md61b50d$fabric_networking_api_v1$lambda$preserveSendableChannels$2$3 in fabric-networking-api-v1.mixins.json:NetworkRegistryMixin from mod fabric_networking_api_v1
[08set.2026 23:14:58.578] [modloading-worker-0/DEBUG] [mixin/]: Renaming synthetic method lambda$preserveSendableChannels$1(Ljava/util/List;Lnet/neoforged/neoforge/network/payload/ModdedNetworkQueryComponent;)Z to md61b50d$fabric_networking_api_v1$lambda$preserveSendableChannels$1$4 in fabric-networking-api-v1.mixins.json:NetworkRegistryMixin from mod fabric_networking_api_v1
[08set.2026 23:14:58.578] [modloading-worker-0/DEBUG] [mixin/]: Renaming synthetic method lambda$preserveSendableChannels$0(Lnet/neoforged/neoforge/network/payload/ModdedNetworkQueryComponent;Lnet/neoforged/neoforge/network/negotiation/NegotiatedNetworkComponent;)Z to md61b50d$fabric_networking_api_v1$lambda$preserveSendableChannels$0$5 in fabric-networking-api-v1.mixins.json:NetworkRegistryMixin from mod fabric_networking_api_v1
[08set.2026 23:14:58.582] [modloading-worker-0/DEBUG] [mixin/]: Mixing accessor.NetworkRegistryAccessor from fabric-networking-api-v1.mixins.json into net.neoforged.neoforge.network.registration.NetworkRegistry
[08set.2026 23:14:58.582] [modloading-worker-0/DEBUG] [mixin/]: fabric-networking-api-v1.mixins.json:accessor.NetworkRegistryAccessor from mod fabric_networking_api_v1: Class version 65 required is higher than the class version supported by the current version of Mixin (JAVA_17 supports class version 61)
[08set.2026 23:14:58.583] [modloading-worker-0/DEBUG] [mixin/]: Renaming @Accessor method getPayloadRegistrations()Ljava/util/Map; to getPayloadRegistrations$fabric_networking_api_v1_$md$61b50d$6 in fabric-networking-api-v1.mixins.json:accessor.NetworkRegistryAccessor from mod fabric_networking_api_v1
[08set.2026 23:14:58.583] [modloading-worker-0/DEBUG] [mixin/]: Renaming @Accessor method getSetup()Z to getSetup$fabric_networking_api_v1_$md$61b50d$7 in fabric-networking-api-v1.mixins.json:accessor.NetworkRegistryAccessor from mod fabric_networking_api_v1
[08set.2026 23:14:58.583] [modloading-worker-0/DEBUG] [mixin/]: Renaming @Accessor method setSetup(Z)V to setSetup$fabric_networking_api_v1_$md$61b50d$8 in fabric-networking-api-v1.mixins.json:accessor.NetworkRegistryAccessor from mod fabric_networking_api_v1
[08set.2026 23:14:58.583] [modloading-worker-0/DEBUG] [mixin/]: Mixing NetworkRegistryClientMixin from fabric-networking-api-v1.client.mixins.json into net.neoforged.neoforge.network.registration.NetworkRegistry
[08set.2026 23:14:58.583] [modloading-worker-0/DEBUG] [mixin/]: fabric-networking-api-v1.client.mixins.json:NetworkRegistryClientMixin from mod fabric_networking_api_v1: Class version 65 required is higher than the class version supported by the current version of Mixin (JAVA_17 supports class version 61)
[08set.2026 23:14:58.589] [modloading-worker-0/DEBUG] [mixin/]: fabric-networking-api-v1.mixins.json:NetworkRegistryMixin from mod fabric_networking_api_v1->@Inject::getCodec(Lnet/minecraft/resources/ResourceLocation;Lnet/minecraft/network/ConnectionProtocol;Lnet/minecraft/network/protocol/PacketFlow;Lorg/spongepowered/asm/mixin/injection/callback/CallbackInfoReturnable;)V does use it's CallbackInfoReturnable
[08set.2026 23:14:58.589] [modloading-worker-0/DEBUG] [mixin/]: fabric-networking-api-v1.mixins.json:NetworkRegistryMixin from mod fabric_networking_api_v1->@Inject::preventDisconnectOnUnknownFabricPacketClient(Lnet/minecraft/network/protocol/common/ClientCommonPacketListener;Lnet/minecraft/network/protocol/common/ClientboundCustomPayloadPacket;Lorg/spongepowered/asm/mixin/injection/callback/CallbackInfo;)V does use it's CallbackInfo
[08set.2026 23:14:58.590] [modloading-worker-0/DEBUG] [mixin/]: fabric-networking-api-v1.mixins.json:NetworkRegistryMixin from mod fabric_networking_api_v1->@Inject::preventDisconnectOnUnknownFabricPacketServer(Lnet/minecraft/network/protocol/common/ServerCommonPacketListener;Lnet/minecraft/network/protocol/common/ServerboundCustomPayloadPacket;Lorg/spongepowered/asm/mixin/injection/callback/CallbackInfo;)V does use it's CallbackInfo
[08set.2026 23:14:58.590] [modloading-worker-0/DEBUG] [mixin/]: fabric-networking-api-v1.client.mixins.json:NetworkRegistryClientMixin from mod fabric_networking_api_v1->@Inject::startConfiguration(Lnet/minecraft/network/protocol/configuration/ClientConfigurationPacketListener;Lnet/neoforged/neoforge/network/registration/NetworkPayloadSetup;Lorg/spongepowered/asm/mixin/injection/callback/CallbackInfo;)V doesn't use it's CallbackInfo
[08set.2026 23:14:58.796] [Render thread/WARN] [net.minecraft.client.sounds.SoundEngine/]: Missing sound for event: minecraft:item.goat_horn.play
[08set.2026 23:14:58.796] [Render thread/WARN] [net.minecraft.client.sounds.SoundEngine/]: Missing sound for event: minecraft:entity.goat.screaming.horn_break
[08set.2026 23:14:58.932] [Render thread/INFO] [com.mojang.blaze3d.audio.Library/]: OpenAL initialized on device OpenAL Soft on Alto-falantes (High Definition Audio Device)
[08set.2026 23:14:58.933] [Render thread/INFO] [net.minecraft.client.sounds.SoundEngine/SOUNDS]: Sound engine started
[08set.2026 23:14:59.097] [Render thread/INFO] [net.minecraft.client.renderer.texture.TextureAtlas/]: Created: 1024x1024x4 minecraft:textures/atlas/blocks.png-atlas
[08set.2026 23:14:59.112] [Render thread/INFO] [net.minecraft.client.renderer.texture.TextureAtlas/]: Created: 256x256x4 minecraft:textures/atlas/signs.png-atlas
[08set.2026 23:14:59.113] [Render thread/INFO] [net.minecraft.client.renderer.texture.TextureAtlas/]: Created: 512x512x4 minecraft:textures/atlas/shield_patterns.png-atlas
[08set.2026 23:14:59.114] [Render thread/INFO] [net.minecraft.client.renderer.texture.TextureAtlas/]: Created: 512x512x4 minecraft:textures/atlas/banner_patterns.png-atlas
[08set.2026 23:14:59.119] [Render thread/INFO] [net.minecraft.client.renderer.texture.TextureAtlas/]: Created: 1024x1024x4 minecraft:textures/atlas/armor_trims.png-atlas
[08set.2026 23:14:59.135] [Render thread/INFO] [net.minecraft.client.renderer.texture.TextureAtlas/]: Created: 128x64x4 minecraft:textures/atlas/decorated_pot.png-atlas
[08set.2026 23:14:59.136] [Render thread/INFO] [net.minecraft.client.renderer.texture.TextureAtlas/]: Created: 256x256x4 minecraft:textures/atlas/chest.png-atlas
[08set.2026 23:14:59.136] [Render thread/INFO] [net.minecraft.client.renderer.texture.TextureAtlas/]: Created: 512x256x4 minecraft:textures/atlas/shulker_boxes.png-atlas
[08set.2026 23:14:59.136] [Render thread/INFO] [net.minecraft.client.renderer.texture.TextureAtlas/]: Created: 512x256x4 minecraft:textures/atlas/beds.png-atlas
[08set.2026 23:14:59.148] [Render thread/DEBUG] [mixin/]: Mixing EntityModelLayersAccessor from fabric-rendering-v1.mixins.json into net.minecraft.client.model.geom.ModelLayers
[08set.2026 23:14:59.148] [Render thread/DEBUG] [mixin/]: fabric-rendering-v1.mixins.json:EntityModelLayersAccessor from mod fabric_rendering_v1: Class version 65 required is higher than the class version supported by the current version of Mixin (JAVA_17 supports class version 61)
[08set.2026 23:14:59.148] [Render thread/DEBUG] [mixin/]: Renaming @Accessor method getLayers()Ljava/util/Set; to getLayers$fabric_rendering_v1_$md$61b50d$0 in fabric-rendering-v1.mixins.json:EntityModelLayersAccessor from mod fabric_rendering_v1
[08set.2026 23:14:59.227] [Render thread/DEBUG] [mixin/]: Mixing CapeFeatureRendererMixin from fabric-rendering-v1.mixins.json into net.minecraft.client.renderer.entity.layers.CapeLayer
[08set.2026 23:14:59.227] [Render thread/DEBUG] [mixin/]: fabric-rendering-v1.mixins.json:CapeFeatureRendererMixin from mod fabric_rendering_v1: Class version 65 required is higher than the class version supported by the current version of Mixin (JAVA_17 supports class version 61)
[08set.2026 23:14:59.229] [Render thread/DEBUG] [mixin/]: fabric-rendering-v1.mixins.json:CapeFeatureRendererMixin from mod fabric_rendering_v1->@Inject::injectCapeRenderCheck(Lcom/mojang/blaze3d/vertex/PoseStack;Lnet/minecraft/client/renderer/MultiBufferSource;ILnet/minecraft/client/player/AbstractClientPlayer;FFFFFFLorg/spongepowered/asm/mixin/injection/callback/CallbackInfo;)V does use it's CallbackInfo
[08set.2026 23:14:59.234] [Render thread/INFO] [net.minecraft.client.renderer.texture.TextureAtlas/]: Created: 512x256x0 minecraft:textures/atlas/particles.png-atlas
[08set.2026 23:14:59.236] [Render thread/INFO] [net.minecraft.client.renderer.texture.TextureAtlas/]: Created: 512x512x0 minecraft:textures/atlas/paintings.png-atlas
[08set.2026 23:14:59.236] [Render thread/INFO] [net.minecraft.client.renderer.texture.TextureAtlas/]: Created: 512x256x0 minecraft:textures/atlas/mob_effects.png-atlas
[08set.2026 23:14:59.237] [Render thread/INFO] [net.minecraft.client.renderer.texture.TextureAtlas/]: Created: 64x64x0 minecraft:textures/atlas/map_decorations.png-atlas
[08set.2026 23:14:59.237] [Render thread/INFO] [net.minecraft.client.renderer.texture.TextureAtlas/]: Created: 1024x512x0 minecraft:textures/atlas/gui.png-atlas
[08set.2026 23:14:59.268] [Render thread/WARN] [net.minecraft.client.renderer.ShaderInstance/]: Shader rendertype_entity_translucent_emissive could not find sampler named Sampler2 in the specified shader program.
[08set.2026 23:14:59.313] [Render thread/DEBUG] [mixin/]: Mixing client.PostChainMixin from lodestone.mixins.json into net.minecraft.client.renderer.PostChain
[08set.2026 23:14:59.313] [Render thread/DEBUG] [mixin/]: lodestone.mixins.json:client.PostChainMixin from mod lodestone: Class version 65 required is higher than the class version supported by the current version of Mixin (JAVA_17 supports class version 61)
[08set.2026 23:14:59.321] [Render thread/DEBUG] [mixin/]: Mixing client.EffectInstanceMixin from lodestone.mixins.json into net.minecraft.client.renderer.EffectInstance
[08set.2026 23:14:59.321] [Render thread/DEBUG] [mixin/]: lodestone.mixins.json:client.EffectInstanceMixin from mod lodestone: Class version 65 required is higher than the class version supported by the current version of Mixin (JAVA_17 supports class version 61)
[08set.2026 23:14:59.327] [Render thread/DEBUG] [mixin/]: Mixing client.EffectProgramMixin from lodestone.mixins.json into com.mojang.blaze3d.shaders.EffectProgram
[08set.2026 23:14:59.327] [Render thread/DEBUG] [mixin/]: lodestone.mixins.json:client.EffectProgramMixin from mod lodestone: Class version 65 required is higher than the class version supported by the current version of Mixin (JAVA_17 supports class version 61)
[08set.2026 23:14:59.342] [Render thread/INFO] [team.lodestar.lodestone.LodestoneLib/]: Registering shaders for mod: lodestone
[08set.2026 23:14:59.402] [Render thread/INFO] [team.lodestar.lodestone.LodestoneLib/]: Loaded geometry program: lodestone:nineslice/nine_slice
[08set.2026 23:14:59.405] [Render thread/INFO] [team.lodestar.lodestone.LodestoneLib/]: Loaded geometry program: lodestone:nineslice/distorted/distorted_nine_slice_texture
[08set.2026 23:14:59.467] [Render thread/INFO] [net.neoforged.neoforge.client.entity.animation.json.AnimationLoader/]: Loaded 0 entity animations
[08set.2026 23:15:06.846] [Render thread/DEBUG] [mixin/]: Mixing DataPackContentsMixin from fabric-resource-conditions-api-v1.mixins.json into net.minecraft.server.ReloadableServerResources
[08set.2026 23:15:06.846] [Render thread/DEBUG] [mixin/]: fabric-resource-conditions-api-v1.mixins.json:DataPackContentsMixin from mod fabric_resource_conditions_api_v1: Class version 65 required is higher than the class version supported by the current version of Mixin (JAVA_17 supports class version 61)
[08set.2026 23:15:06.847] [Render thread/DEBUG] [mixin/]: fabric-resource-conditions-api-v1.mixins.json:DataPackContentsMixin from mod fabric_resource_conditions_api_v1->@Inject::hookRefresh(Lorg/spongepowered/asm/mixin/injection/callback/CallbackInfo;)V doesn't use it's CallbackInfo
[08set.2026 23:15:06.847] [Render thread/DEBUG] [mixin/]: fabric-resource-conditions-api-v1.mixins.json:DataPackContentsMixin from mod fabric_resource_conditions_api_v1->@Inject::hookRefresh(Lorg/spongepowered/asm/mixin/injection/callback/CallbackInfo;)V has 0 override(s) in child classes
[08set.2026 23:15:06.847] [Render thread/DEBUG] [mixin/]: fabric-resource-conditions-api-v1.mixins.json:DataPackContentsMixin from mod fabric_resource_conditions_api_v1->@Inject::hookRefresh(Lorg/spongepowered/asm/mixin/injection/callback/CallbackInfo;)V won't be passed a CallbackInfo as a result
[08set.2026 23:15:06.847] [Render thread/DEBUG] [mixin/]: fabric-resource-conditions-api-v1.mixins.json:DataPackContentsMixin from mod fabric_resource_conditions_api_v1->@Inject::hookReload(Lnet/minecraft/server/packs/resources/ResourceManager;Lnet/minecraft/core/LayeredRegistryAccess;Lnet/minecraft/world/flag/FeatureFlagSet;Lnet/minecraft/commands/Commands$CommandSelection;ILjava/util/concurrent/Executor;Ljava/util/concurrent/Executor;Lorg/spongepowered/asm/mixin/injection/callback/CallbackInfoReturnable;)V doesn't use it's CallbackInfoReturnable
[08set.2026 23:15:06.850] [Render thread/DEBUG] [mixin/]: Mixing ServerPlayerInteractionManagerMixin from fabric-events-interaction-v0.mixins.json into net.minecraft.server.level.ServerPlayerGameMode
[08set.2026 23:15:06.850] [Render thread/DEBUG] [mixin/]: fabric-events-interaction-v0.mixins.json:ServerPlayerInteractionManagerMixin from mod fabric_events_interaction_v0: Class version 65 required is higher than the class version supported by the current version of Mixin (JAVA_17 supports class version 61)
[08set.2026 23:15:06.851] [Render thread/DEBUG] [mixin/]: fabric-events-interaction-v0.mixins.json:ServerPlayerInteractionManagerMixin from mod fabric_events_interaction_v0->@Inject::onBlockBroken(Lnet/minecraft/core/BlockPos;Lnet/minecraft/world/level/block/state/BlockState;ZLorg/spongepowered/asm/mixin/injection/callback/CallbackInfoReturnable;)V doesn't use it's CallbackInfoReturnable
[08set.2026 23:15:06.851] [Render thread/DEBUG] [mixin/]: fabric-events-interaction-v0.mixins.json:ServerPlayerInteractionManagerMixin from mod fabric_events_interaction_v0->@Inject::onBlockBroken(Lnet/minecraft/core/BlockPos;Lnet/minecraft/world/level/block/state/BlockState;ZLorg/spongepowered/asm/mixin/injection/callback/CallbackInfoReturnable;)V has 0 override(s) in child classes
[08set.2026 23:15:06.851] [Render thread/DEBUG] [mixin/]: fabric-events-interaction-v0.mixins.json:ServerPlayerInteractionManagerMixin from mod fabric_events_interaction_v0->@Inject::onBlockBroken(Lnet/minecraft/core/BlockPos;Lnet/minecraft/world/level/block/state/BlockState;ZLorg/spongepowered/asm/mixin/injection/callback/CallbackInfoReturnable;)V won't be passed a CallbackInfoReturnable as a result
[08set.2026 23:15:06.857] [Render thread/DEBUG] [net.fabricmc.fabric.impl.resource.loader.ModResourcePackUtil/]: [Fabric] Starting internal pack sorting with: [fabric, mod_data, mod/fabric_transfer_api_v1, mod/fabric_renderer_api_v1, mod/geckolib, mod/fabric_item_api_v1, mod/fabric_model_loading_api_v1, mod/fabric_rendering_fluids_v1, mod/commonnetworking, mod/fabric_screen_handler_api_v1, mod/fabric_resource_loader_v0, mod/fabric_rendering_v1, mod/fabric_renderer_indigo, mod/fabric_convention_tags_v1, mod/neoforge, mod/fabric_block_view_api_v2, mod/fabric_convention_tags_v2, mod/fabric_command_api_v2, mod/fabric_data_attachment_api_v1, mod/fabric_screen_api_v1, mod/fabric_particles_v1, mod/fabric_api,forgified_fabric_api, mod/fabric_content_registries_v0, mod/fabric_transitive_access_wideners_v1, mod/fabric_game_rule_api_v1, mod/fabric_api_base, mod/fabric_api_lookup_api_v1, mod/fabric_blockrenderlayer_v1, mod/fabric_block_api_v1, mod/fabric_resource_conditions_api_v1, mod/fabric_item_group_api_v1, mod/fabric_gametest_api_v1, mod/fabric_biome_api_v1, mod/fabric_entity_events_v1, mod/fabric_registry_sync_v0, mod/fabric_recipe_api_v1, mod/fabric_loot_api_v2, mod/fabric_object_builder_api_v1, mod/fabric_loot_api_v3, mod/fabric_rendering_data_attachment_v1, mod/fabric_networking_api_v1, mod/fabric_sound_api_v1, mod/lodestone, mod/fabric_message_api_v1, mod/elementals, mod/elementalsmorebendings, mod/fabric_lifecycle_events_v1, mod/fabric_data_generation_api_v1, mod/fabric_events_interaction_v0, mod/fabric_key_binding_api_v1, mod/fabric_client_tags_api_v1]
[08set.2026 23:15:06.857] [Render thread/DEBUG] [net.fabricmc.fabric.impl.resource.loader.ModResourcePackUtil/]: [Fabric] Removed all internal packs, result: [fabric, mod_data, mod/fabric_transfer_api_v1, mod/fabric_renderer_api_v1, mod/geckolib, mod/fabric_item_api_v1, mod/fabric_model_loading_api_v1, mod/fabric_rendering_fluids_v1, mod/commonnetworking, mod/fabric_screen_handler_api_v1, mod/fabric_resource_loader_v0, mod/fabric_rendering_v1, mod/fabric_renderer_indigo, mod/fabric_convention_tags_v1, mod/neoforge, mod/fabric_block_view_api_v2, mod/fabric_convention_tags_v2, mod/fabric_command_api_v2, mod/fabric_data_attachment_api_v1, mod/fabric_screen_api_v1, mod/fabric_particles_v1, mod/fabric_api,forgified_fabric_api, mod/fabric_content_registries_v0, mod/fabric_transitive_access_wideners_v1, mod/fabric_game_rule_api_v1, mod/fabric_api_base, mod/fabric_api_lookup_api_v1, mod/fabric_blockrenderlayer_v1, mod/fabric_block_api_v1, mod/fabric_resource_conditions_api_v1, mod/fabric_item_group_api_v1, mod/fabric_gametest_api_v1, mod/fabric_biome_api_v1, mod/fabric_entity_events_v1, mod/fabric_registry_sync_v0, mod/fabric_recipe_api_v1, mod/fabric_loot_api_v2, mod/fabric_object_builder_api_v1, mod/fabric_loot_api_v3, mod/fabric_rendering_data_attachment_v1, mod/fabric_networking_api_v1, mod/fabric_sound_api_v1, mod/lodestone, mod/fabric_message_api_v1, mod/elementals, mod/elementalsmorebendings, mod/fabric_lifecycle_events_v1, mod/fabric_data_generation_api_v1, mod/fabric_events_interaction_v0, mod/fabric_key_binding_api_v1, mod/fabric_client_tags_api_v1]
[08set.2026 23:15:06.857] [Render thread/DEBUG] [net.fabricmc.fabric.impl.resource.loader.ModResourcePackUtil/]: [Fabric] Final sorting result: [fabric, mod_data, mod/fabric_transfer_api_v1, mod/fabric_renderer_api_v1, mod/geckolib, mod/fabric_item_api_v1, mod/fabric_model_loading_api_v1, mod/fabric_rendering_fluids_v1, mod/commonnetworking, mod/fabric_screen_handler_api_v1, mod/fabric_resource_loader_v0, mod/fabric_rendering_v1, mod/fabric_renderer_indigo, mod/fabric_convention_tags_v1, mod/neoforge, mod/fabric_block_view_api_v2, mod/fabric_convention_tags_v2, mod/fabric_command_api_v2, mod/fabric_data_attachment_api_v1, mod/fabric_screen_api_v1, mod/fabric_particles_v1, mod/fabric_api,forgified_fabric_api, mod/fabric_content_registries_v0, mod/fabric_transitive_access_wideners_v1, mod/fabric_game_rule_api_v1, mod/fabric_api_base, mod/fabric_api_lookup_api_v1, mod/fabric_blockrenderlayer_v1, mod/fabric_block_api_v1, mod/fabric_resource_conditions_api_v1, mod/fabric_item_group_api_v1, mod/fabric_gametest_api_v1, mod/fabric_biome_api_v1, mod/fabric_entity_events_v1, mod/fabric_registry_sync_v0, mod/fabric_recipe_api_v1, mod/fabric_loot_api_v2, mod/fabric_object_builder_api_v1, mod/fabric_loot_api_v3, mod/fabric_rendering_data_attachment_v1, mod/fabric_networking_api_v1, mod/fabric_sound_api_v1, mod/lodestone, mod/fabric_message_api_v1, mod/elementals, mod/elementalsmorebendings, mod/fabric_lifecycle_events_v1, mod/fabric_data_generation_api_v1, mod/fabric_events_interaction_v0, mod/fabric_key_binding_api_v1, mod/fabric_client_tags_api_v1]
[08set.2026 23:15:06.858] [Render thread/DEBUG] [net.fabricmc.fabric.impl.resource.loader.ModResourcePackUtil/]: [Fabric] Starting internal pack sorting with: [vanilla, mod_data, mod/fabric_transfer_api_v1, mod/fabric_renderer_api_v1, mod/geckolib, mod/fabric_item_api_v1, mod/fabric_model_loading_api_v1, mod/fabric_rendering_fluids_v1, mod/commonnetworking, mod/fabric_screen_handler_api_v1, mod/fabric_resource_loader_v0, mod/fabric_rendering_v1, mod/fabric_renderer_indigo, mod/fabric_convention_tags_v1, mod/neoforge, mod/fabric_block_view_api_v2, mod/fabric_convention_tags_v2, mod/fabric_command_api_v2, mod/fabric_data_attachment_api_v1, mod/fabric_screen_api_v1, mod/fabric_particles_v1, mod/fabric_api,forgified_fabric_api, mod/fabric_content_registries_v0, mod/fabric_transitive_access_wideners_v1, mod/fabric_game_rule_api_v1, mod/fabric_api_base, mod/fabric_api_lookup_api_v1, mod/fabric_blockrenderlayer_v1, mod/fabric_block_api_v1, mod/fabric_resource_conditions_api_v1, mod/fabric_item_group_api_v1, mod/fabric_gametest_api_v1, mod/fabric_biome_api_v1, mod/fabric_entity_events_v1, mod/fabric_registry_sync_v0, mod/fabric_recipe_api_v1, mod/fabric_loot_api_v2, mod/fabric_object_builder_api_v1, mod/fabric_loot_api_v3, mod/fabric_rendering_data_attachment_v1, mod/fabric_networking_api_v1, mod/fabric_sound_api_v1, mod/lodestone, mod/fabric_message_api_v1, mod/elementals, mod/elementalsmorebendings, mod/fabric_lifecycle_events_v1, mod/fabric_data_generation_api_v1, mod/fabric_events_interaction_v0, mod/fabric_key_binding_api_v1, mod/fabric_client_tags_api_v1, fabric]
[08set.2026 23:15:06.858] [Render thread/DEBUG] [net.fabricmc.fabric.impl.resource.loader.ModResourcePackUtil/]: [Fabric] Removed all internal packs, result: [vanilla, mod_data, mod/fabric_transfer_api_v1, mod/fabric_renderer_api_v1, mod/geckolib, mod/fabric_item_api_v1, mod/fabric_model_loading_api_v1, mod/fabric_rendering_fluids_v1, mod/commonnetworking, mod/fabric_screen_handler_api_v1, mod/fabric_resource_loader_v0, mod/fabric_rendering_v1, mod/fabric_renderer_indigo, mod/fabric_convention_tags_v1, mod/neoforge, mod/fabric_block_view_api_v2, mod/fabric_convention_tags_v2, mod/fabric_command_api_v2, mod/fabric_data_attachment_api_v1, mod/fabric_screen_api_v1, mod/fabric_particles_v1, mod/fabric_api,forgified_fabric_api, mod/fabric_content_registries_v0, mod/fabric_transitive_access_wideners_v1, mod/fabric_game_rule_api_v1, mod/fabric_api_base, mod/fabric_api_lookup_api_v1, mod/fabric_blockrenderlayer_v1, mod/fabric_block_api_v1, mod/fabric_resource_conditions_api_v1, mod/fabric_item_group_api_v1, mod/fabric_gametest_api_v1, mod/fabric_biome_api_v1, mod/fabric_entity_events_v1, mod/fabric_registry_sync_v0, mod/fabric_recipe_api_v1, mod/fabric_loot_api_v2, mod/fabric_object_builder_api_v1, mod/fabric_loot_api_v3, mod/fabric_rendering_data_attachment_v1, mod/fabric_networking_api_v1, mod/fabric_sound_api_v1, mod/lodestone, mod/fabric_message_api_v1, mod/elementals, mod/elementalsmorebendings, mod/fabric_lifecycle_events_v1, mod/fabric_data_generation_api_v1, mod/fabric_events_interaction_v0, mod/fabric_key_binding_api_v1, mod/fabric_client_tags_api_v1, fabric]
[08set.2026 23:15:06.858] [Render thread/DEBUG] [net.fabricmc.fabric.impl.resource.loader.ModResourcePackUtil/]: [Fabric] Final sorting result: [vanilla, mod_data, mod/fabric_transfer_api_v1, mod/fabric_renderer_api_v1, mod/geckolib, mod/fabric_item_api_v1, mod/fabric_model_loading_api_v1, mod/fabric_rendering_fluids_v1, mod/commonnetworking, mod/fabric_screen_handler_api_v1, mod/fabric_resource_loader_v0, mod/fabric_rendering_v1, mod/fabric_renderer_indigo, mod/fabric_convention_tags_v1, mod/neoforge, mod/fabric_block_view_api_v2, mod/fabric_convention_tags_v2, mod/fabric_command_api_v2, mod/fabric_data_attachment_api_v1, mod/fabric_screen_api_v1, mod/fabric_particles_v1, mod/fabric_api,forgified_fabric_api, mod/fabric_content_registries_v0, mod/fabric_transitive_access_wideners_v1, mod/fabric_game_rule_api_v1, mod/fabric_api_base, mod/fabric_api_lookup_api_v1, mod/fabric_blockrenderlayer_v1, mod/fabric_block_api_v1, mod/fabric_resource_conditions_api_v1, mod/fabric_item_group_api_v1, mod/fabric_gametest_api_v1, mod/fabric_biome_api_v1, mod/fabric_entity_events_v1, mod/fabric_registry_sync_v0, mod/fabric_recipe_api_v1, mod/fabric_loot_api_v2, mod/fabric_object_builder_api_v1, mod/fabric_loot_api_v3, mod/fabric_rendering_data_attachment_v1, mod/fabric_networking_api_v1, mod/fabric_sound_api_v1, mod/lodestone, mod/fabric_message_api_v1, mod/elementals, mod/elementalsmorebendings, mod/fabric_lifecycle_events_v1, mod/fabric_data_generation_api_v1, mod/fabric_events_interaction_v0, mod/fabric_key_binding_api_v1, mod/fabric_client_tags_api_v1, fabric]
[08set.2026 23:15:07.316] [Render thread/DEBUG] [mixin/]: Mixing ReloadableRegistriesMixin from fabric-resource-conditions-api-v1.mixins.json into net.minecraft.server.ReloadableServerRegistries
[08set.2026 23:15:07.317] [Render thread/DEBUG] [mixin/]: fabric-resource-conditions-api-v1.mixins.json:ReloadableRegistriesMixin from mod fabric_resource_conditions_api_v1: Class version 65 required is higher than the class version supported by the current version of Mixin (JAVA_17 supports class version 61)
[08set.2026 23:15:07.318] [Render thread/DEBUG] [mixin/]: Mixing ReloadableRegistriesMixin from fabric-loot-api-v3.mixins.json into net.minecraft.server.ReloadableServerRegistries
[08set.2026 23:15:07.318] [Render thread/DEBUG] [mixin/]: fabric-loot-api-v3.mixins.json:ReloadableRegistriesMixin from mod fabric_loot_api_v3: Class version 65 required is higher than the class version supported by the current version of Mixin (JAVA_17 supports class version 61)
[08set.2026 23:15:07.318] [Render thread/DEBUG] [mixin/]: Renaming synthetic method lambda$modifyLootTable$1(Lnet/minecraft/resources/ResourceLocation;Lnet/minecraft/resources/RegistryOps;Ljava/lang/Object;)Ljava/lang/Object; to md61b50d$fabric_loot_api_v3$lambda$modifyLootTable$1$0 in fabric-loot-api-v3.mixins.json:ReloadableRegistriesMixin from mod fabric_loot_api_v3
[08set.2026 23:15:07.318] [Render thread/DEBUG] [mixin/]: Renaming synthetic method lambda$removeOps$0(Lnet/minecraft/resources/RegistryOps;Ljava/util/List;)Ljava/util/List; to md61b50d$fabric_loot_api_v3$lambda$removeOps$0$1 in fabric-loot-api-v3.mixins.json:ReloadableRegistriesMixin from mod fabric_loot_api_v3
[08set.2026 23:15:07.323] [Render thread/DEBUG] [mixin/]: fabric-resource-conditions-api-v1.mixins.json:ReloadableRegistriesMixin from mod fabric_resource_conditions_api_v1->@Inject::storeWrapperLookup(Lnet/minecraft/core/LayeredRegistryAccess;Lnet/minecraft/server/packs/resources/ResourceManager;Ljava/util/concurrent/Executor;Lorg/spongepowered/asm/mixin/injection/callback/CallbackInfoReturnable;)V doesn't use it's CallbackInfoReturnable
[08set.2026 23:15:07.325] [Render thread/DEBUG] [mixin/]: fabric-resource-conditions-api-v1.mixins.json:ReloadableRegistriesMixin from mod fabric_resource_conditions_api_v1->@Inject::applyConditions(Lnet/minecraft/world/level/storage/loot/LootDataType;Lnet/minecraft/resources/RegistryOps;Lnet/minecraft/core/WritableRegistry;Lnet/minecraft/resources/ResourceLocation;Lcom/google/gson/JsonElement;Lorg/spongepowered/asm/mixin/injection/callback/CallbackInfo;)V does use it's CallbackInfo
[08set.2026 23:15:07.325] [Render thread/DEBUG] [mixin/]: fabric-loot-api-v3.mixins.json:ReloadableRegistriesMixin from mod fabric_loot_api_v3->@Inject::onLootTablesLoaded(Lnet/minecraft/world/level/storage/loot/LootDataType;Lnet/minecraft/server/packs/resources/ResourceManager;Lnet/minecraft/resources/RegistryOps;Lorg/spongepowered/asm/mixin/injection/callback/CallbackInfoReturnable;)V does use it's CallbackInfoReturnable
[08set.2026 23:15:07.447] [Worker-Main-4/DEBUG] [mixin/]: Mixing LootPoolBuilderMixin from fabric-loot-api-v2.mixins.json into net.minecraft.world.level.storage.loot.LootPool$Builder
[08set.2026 23:15:07.447] [Worker-Main-4/DEBUG] [mixin/]: fabric-loot-api-v2.mixins.json:LootPoolBuilderMixin from mod fabric_loot_api_v2: Class version 65 required is higher than the class version supported by the current version of Mixin (JAVA_17 supports class version 61)
[08set.2026 23:15:07.448] [Worker-Main-4/DEBUG] [mixin/]: Mixing LootPoolBuilderMixin from fabric-loot-api-v3.mixins.json into net.minecraft.world.level.storage.loot.LootPool$Builder
[08set.2026 23:15:07.448] [Worker-Main-4/DEBUG] [mixin/]: fabric-loot-api-v3.mixins.json:LootPoolBuilderMixin from mod fabric_loot_api_v3: Class version 65 required is higher than the class version supported by the current version of Mixin (JAVA_17 supports class version 61)
[08set.2026 23:15:07.495] [Worker-Main-4/DEBUG] [mixin/]: Mixing KeyedResourceReloadListenerMixin from fabric-resource-loader-v0.mixins.json into net.minecraft.world.item.crafting.RecipeManager
[08set.2026 23:15:07.495] [Worker-Main-4/DEBUG] [mixin/]: fabric-resource-loader-v0.mixins.json:KeyedResourceReloadListenerMixin from mod fabric_resource_loader_v0: Class version 65 required is higher than the class version supported by the current version of Mixin (JAVA_17 supports class version 61)
[08set.2026 23:15:07.496] [Worker-Main-4/DEBUG] [mixin/]: Mixing RecipeManagerMixin from fabric-resource-conditions-api-v1.mixins.json into net.minecraft.world.item.crafting.RecipeManager
[08set.2026 23:15:07.496] [Worker-Main-4/DEBUG] [mixin/]: fabric-resource-conditions-api-v1.mixins.json:RecipeManagerMixin from mod fabric_resource_conditions_api_v1: Class version 65 required is higher than the class version supported by the current version of Mixin (JAVA_17 supports class version 61)
[08set.2026 23:15:07.496] [Worker-Main-4/DEBUG] [mixin/]: Mixing RecipeManagerMixin from elementals.mixins.json into net.minecraft.world.item.crafting.RecipeManager
[08set.2026 23:15:07.496] [Worker-Main-4/DEBUG] [mixin/]: elementals.mixins.json:RecipeManagerMixin from mod elementals: Class version 65 required is higher than the class version supported by the current version of Mixin (JAVA_18 supports class version 62)
[08set.2026 23:15:07.498] [Worker-Main-4/DEBUG] [mixin/]: elementals.mixins.json:RecipeManagerMixin from mod elementals->@Inject::interceptApply(Ljava/util/Map;Lnet/minecraft/server/packs/resources/ResourceManager;Lnet/minecraft/util/profiling/ProfilerFiller;Lorg/spongepowered/asm/mixin/injection/callback/CallbackInfo;)V doesn't use it's CallbackInfo
[08set.2026 23:15:07.498] [Worker-Main-4/DEBUG] [mixin/]: elementals.mixins.json:RecipeManagerMixin from mod elementals->@Inject::interceptApply(Ljava/util/Map;Lnet/minecraft/server/packs/resources/ResourceManager;Lnet/minecraft/util/profiling/ProfilerFiller;Lorg/spongepowered/asm/mixin/injection/callback/CallbackInfo;)V has 0 override(s) in child classes
[08set.2026 23:15:07.498] [Worker-Main-4/DEBUG] [mixin/]: elementals.mixins.json:RecipeManagerMixin from mod elementals->@Inject::interceptApply(Ljava/util/Map;Lnet/minecraft/server/packs/resources/ResourceManager;Lnet/minecraft/util/profiling/ProfilerFiller;Lorg/spongepowered/asm/mixin/injection/callback/CallbackInfo;)V won't be passed a CallbackInfo as a result
[08set.2026 23:15:07.498] [Worker-Main-4/DEBUG] [mixin/]: elementals.mixins.json:RecipeManagerMixin from mod elementals->@Inject::interceptApply(Ljava/util/Map;Lnet/minecraft/server/packs/resources/ResourceManager;Lnet/minecraft/util/profiling/ProfilerFiller;Lorg/spongepowered/asm/mixin/injection/callback/CallbackInfo;)V doesn't use it's CallbackInfo
[08set.2026 23:15:07.498] [Worker-Main-4/DEBUG] [mixin/]: elementals.mixins.json:RecipeManagerMixin from mod elementals->@Inject::interceptApply(Ljava/util/Map;Lnet/minecraft/server/packs/resources/ResourceManager;Lnet/minecraft/util/profiling/ProfilerFiller;Lorg/spongepowered/asm/mixin/injection/callback/CallbackInfo;)V has 0 override(s) in child classes
[08set.2026 23:15:07.498] [Worker-Main-4/DEBUG] [mixin/]: elementals.mixins.json:RecipeManagerMixin from mod elementals->@Inject::interceptApply(Ljava/util/Map;Lnet/minecraft/server/packs/resources/ResourceManager;Lnet/minecraft/util/profiling/ProfilerFiller;Lorg/spongepowered/asm/mixin/injection/callback/CallbackInfo;)V won't be passed a CallbackInfo as a result
[08set.2026 23:15:07.503] [Worker-Main-4/DEBUG] [mixin/]: Mixing KeyedResourceReloadListenerMixin from fabric-resource-loader-v0.mixins.json into net.minecraft.tags.TagManager
[08set.2026 23:15:07.503] [Worker-Main-4/DEBUG] [mixin/]: fabric-resource-loader-v0.mixins.json:KeyedResourceReloadListenerMixin from mod fabric_resource_loader_v0: Class version 65 required is higher than the class version supported by the current version of Mixin (JAVA_17 supports class version 61)
[08set.2026 23:15:07.503] [Worker-Main-4/DEBUG] [mixin/]: Mixing TagManagerLoaderMixin from fabric-resource-conditions-api-v1.mixins.json into net.minecraft.tags.TagManager
[08set.2026 23:15:07.503] [Worker-Main-4/DEBUG] [mixin/]: fabric-resource-conditions-api-v1.mixins.json:TagManagerLoaderMixin from mod fabric_resource_conditions_api_v1: Class version 65 required is higher than the class version supported by the current version of Mixin (JAVA_17 supports class version 61)
[08set.2026 23:15:07.504] [Worker-Main-4/DEBUG] [mixin/]: fabric-resource-conditions-api-v1.mixins.json:TagManagerLoaderMixin from mod fabric_resource_conditions_api_v1->@Inject::hookApply(Ljava/util/List;Ljava/lang/Void;Lorg/spongepowered/asm/mixin/injection/callback/CallbackInfo;)V doesn't use it's CallbackInfo
[08set.2026 23:15:07.504] [Worker-Main-4/DEBUG] [mixin/]: fabric-resource-conditions-api-v1.mixins.json:TagManagerLoaderMixin from mod fabric_resource_conditions_api_v1->@Inject::hookApply(Ljava/util/List;Ljava/lang/Void;Lorg/spongepowered/asm/mixin/injection/callback/CallbackInfo;)V has 0 override(s) in child classes
[08set.2026 23:15:07.504] [Worker-Main-4/DEBUG] [mixin/]: fabric-resource-conditions-api-v1.mixins.json:TagManagerLoaderMixin from mod fabric_resource_conditions_api_v1->@Inject::hookApply(Ljava/util/List;Ljava/lang/Void;Lorg/spongepowered/asm/mixin/injection/callback/CallbackInfo;)V won't be passed a CallbackInfo as a result
[08set.2026 23:15:07.556] [Worker-Main-4/DEBUG] [mixin/]: Mixing KeyedResourceReloadListenerMixin from fabric-resource-loader-v0.mixins.json into net.minecraft.server.ServerAdvancementManager
[08set.2026 23:15:07.556] [Worker-Main-4/DEBUG] [mixin/]: fabric-resource-loader-v0.mixins.json:KeyedResourceReloadListenerMixin from mod fabric_resource_loader_v0: Class version 65 required is higher than the class version supported by the current version of Mixin (JAVA_17 supports class version 61)
[08set.2026 23:15:07.557] [Worker-Main-4/DEBUG] [mixin/]: Mixing ServerAdvancementLoaderMixin from fabric-resource-conditions-api-v1.mixins.json into net.minecraft.server.ServerAdvancementManager
[08set.2026 23:15:07.557] [Worker-Main-4/DEBUG] [mixin/]: fabric-resource-conditions-api-v1.mixins.json:ServerAdvancementLoaderMixin from mod fabric_resource_conditions_api_v1: Class version 65 required is higher than the class version supported by the current version of Mixin (JAVA_17 supports class version 61)
[08set.2026 23:15:07.560] [Worker-Main-4/DEBUG] [mixin/]: Mixing KeyedResourceReloadListenerMixin from fabric-resource-loader-v0.mixins.json into net.minecraft.server.ServerFunctionLibrary
[08set.2026 23:15:07.560] [Worker-Main-4/DEBUG] [mixin/]: fabric-resource-loader-v0.mixins.json:KeyedResourceReloadListenerMixin from mod fabric_resource_loader_v0: Class version 65 required is higher than the class version supported by the current version of Mixin (JAVA_17 supports class version 61)
[08set.2026 23:15:07.628] [Worker-Main-2/ERROR] [net.minecraft.tags.TagLoader/]: Couldn't load tag elementals:ore_blocks as it is missing following references: 
	#minecraft:ores (from mod/elementals)
[08set.2026 23:15:07.780] [Render thread/INFO] [net.minecraft.world.item.crafting.RecipeManager/]: Loaded 1293 recipes
[08set.2026 23:15:07.991] [Render thread/INFO] [net.minecraft.advancements.AdvancementTree/]: Loaded 1413 advancements
[08set.2026 23:15:08.263] [Render thread/DEBUG] [mixin/]: Mixing TradeOffersTypeAwareBuyForOneEmeraldFactoryMixin from fabric-object-builder-v1.mixins.json into net.minecraft.world.entity.npc.VillagerTrades$EmeraldsForVillagerTypeItem
[08set.2026 23:15:08.263] [Render thread/DEBUG] [mixin/]: fabric-object-builder-v1.mixins.json:TradeOffersTypeAwareBuyForOneEmeraldFactoryMixin from mod fabric_object_builder_api_v1: Class version 65 required is higher than the class version supported by the current version of Mixin (JAVA_17 supports class version 61)
[08set.2026 23:15:08.265] [Render thread/DEBUG] [mixin/]: fabric-object-builder-v1.mixins.json:TradeOffersTypeAwareBuyForOneEmeraldFactoryMixin from mod fabric_object_builder_api_v1->@Inject::failOnNullItem(Lnet/minecraft/world/entity/Entity;Lnet/minecraft/util/RandomSource;Lorg/spongepowered/asm/mixin/injection/callback/CallbackInfoReturnable;)V does use it's CallbackInfoReturnable
[08set.2026 23:15:08.323] [Render thread/DEBUG] [net.neoforged.neoforge.common.CommonHooks/WP]: Gathered mod list to write to world save New World
[08set.2026 23:15:08.341] [Render thread/DEBUG] [mixin/]: Mixing PlayerManagerMixin from fabric-entity-events-v1.mixins.json into net.minecraft.server.players.PlayerList
[08set.2026 23:15:08.341] [Render thread/DEBUG] [mixin/]: fabric-entity-events-v1.mixins.json:PlayerManagerMixin from mod fabric_entity_events_v1: Class version 65 required is higher than the class version supported by the current version of Mixin (JAVA_17 supports class version 61)
[08set.2026 23:15:08.341] [Render thread/DEBUG] [mixin/]: Mixing PlayerManagerMixin from fabric-message-api-v1.mixins.json into net.minecraft.server.players.PlayerList
[08set.2026 23:15:08.341] [Render thread/DEBUG] [mixin/]: fabric-message-api-v1.mixins.json:PlayerManagerMixin from mod fabric_message_api_v1: Class version 65 required is higher than the class version supported by the current version of Mixin (JAVA_17 supports class version 61)
[08set.2026 23:15:08.345] [Render thread/DEBUG] [mixin/]: fabric-entity-events-v1.mixins.json:PlayerManagerMixin from mod fabric_entity_events_v1->@Inject::afterRespawn(Lnet/minecraft/server/level/ServerPlayer;ZLnet/minecraft/world/entity/Entity$RemovalReason;Lorg/spongepowered/asm/mixin/injection/callback/CallbackInfoReturnable;)V does use it's CallbackInfoReturnable
[08set.2026 23:15:08.345] [Render thread/DEBUG] [mixin/]: fabric-entity-events-v1.mixins.json:PlayerManagerMixin from mod fabric_entity_events_v1->@Inject::firePlayerJoinEvent(Lnet/minecraft/network/Connection;Lnet/minecraft/server/level/ServerPlayer;Lnet/minecraft/server/network/CommonListenerCookie;Lorg/spongepowered/asm/mixin/injection/callback/CallbackInfo;)V doesn't use it's CallbackInfo
[08set.2026 23:15:08.345] [Render thread/DEBUG] [mixin/]: fabric-entity-events-v1.mixins.json:PlayerManagerMixin from mod fabric_entity_events_v1->@Inject::firePlayerJoinEvent(Lnet/minecraft/network/Connection;Lnet/minecraft/server/level/ServerPlayer;Lnet/minecraft/server/network/CommonListenerCookie;Lorg/spongepowered/asm/mixin/injection/callback/CallbackInfo;)V has 0 override(s) in child classes
[08set.2026 23:15:08.345] [Render thread/DEBUG] [mixin/]: fabric-entity-events-v1.mixins.json:PlayerManagerMixin from mod fabric_entity_events_v1->@Inject::firePlayerJoinEvent(Lnet/minecraft/network/Connection;Lnet/minecraft/server/level/ServerPlayer;Lnet/minecraft/server/network/CommonListenerCookie;Lorg/spongepowered/asm/mixin/injection/callback/CallbackInfo;)V won't be passed a CallbackInfo as a result
[08set.2026 23:15:08.345] [Render thread/DEBUG] [mixin/]: fabric-entity-events-v1.mixins.json:PlayerManagerMixin from mod fabric_entity_events_v1->@Inject::firePlayerLeaveEvent(Lnet/minecraft/server/level/ServerPlayer;Lorg/spongepowered/asm/mixin/injection/callback/CallbackInfo;)V doesn't use it's CallbackInfo
[08set.2026 23:15:08.345] [Render thread/DEBUG] [mixin/]: fabric-entity-events-v1.mixins.json:PlayerManagerMixin from mod fabric_entity_events_v1->@Inject::firePlayerLeaveEvent(Lnet/minecraft/server/level/ServerPlayer;Lorg/spongepowered/asm/mixin/injection/callback/CallbackInfo;)V has 0 override(s) in child classes
[08set.2026 23:15:08.345] [Render thread/DEBUG] [mixin/]: fabric-entity-events-v1.mixins.json:PlayerManagerMixin from mod fabric_entity_events_v1->@Inject::firePlayerLeaveEvent(Lnet/minecraft/server/level/ServerPlayer;Lorg/spongepowered/asm/mixin/injection/callback/CallbackInfo;)V won't be passed a CallbackInfo as a result
[08set.2026 23:15:08.345] [Render thread/DEBUG] [mixin/]: fabric-message-api-v1.mixins.json:PlayerManagerMixin from mod fabric_message_api_v1->@Inject::onSendChatMessage(Lnet/minecraft/network/chat/PlayerChatMessage;Lnet/minecraft/server/level/ServerPlayer;Lnet/minecraft/network/chat/ChatType$Bound;Lorg/spongepowered/asm/mixin/injection/callback/CallbackInfo;)V does use it's CallbackInfo
[08set.2026 23:15:08.345] [Render thread/DEBUG] [mixin/]: fabric-message-api-v1.mixins.json:PlayerManagerMixin from mod fabric_message_api_v1->@Inject::onSendGameMessage(Lnet/minecraft/network/chat/Component;Ljava/util/function/Function;ZLorg/spongepowered/asm/mixin/injection/callback/CallbackInfo;)V does use it's CallbackInfo
[08set.2026 23:15:08.345] [Render thread/DEBUG] [mixin/]: fabric-message-api-v1.mixins.json:PlayerManagerMixin from mod fabric_message_api_v1->@Inject::onSendCommandMessage(Lnet/minecraft/network/chat/PlayerChatMessage;Lnet/minecraft/commands/CommandSourceStack;Lnet/minecraft/network/chat/ChatType$Bound;Lorg/spongepowered/asm/mixin/injection/callback/CallbackInfo;)V does use it's CallbackInfo
[08set.2026 23:15:08.360] [Render thread/DEBUG] [mixin/]: Mixing BrewingRecipeRegistryBuilderMixin from fabric-content-registries-v0.mixins.json into net.minecraft.world.item.alchemy.PotionBrewing$Builder
[08set.2026 23:15:08.360] [Render thread/DEBUG] [mixin/]: fabric-content-registries-v0.mixins.json:BrewingRecipeRegistryBuilderMixin from mod fabric_content_registries_v0: Class version 65 required is higher than the class version supported by the current version of Mixin (JAVA_17 supports class version 61)
[08set.2026 23:15:08.363] [Render thread/DEBUG] [mixin/]: fabric-content-registries-v0.mixins.json:BrewingRecipeRegistryBuilderMixin from mod fabric_content_registries_v0->@Inject::build(Lorg/spongepowered/asm/mixin/injection/callback/CallbackInfoReturnable;)V doesn't use it's CallbackInfoReturnable
[08set.2026 23:15:08.363] [Render thread/DEBUG] [mixin/]: fabric-content-registries-v0.mixins.json:BrewingRecipeRegistryBuilderMixin from mod fabric_content_registries_v0->@Inject::build(Lorg/spongepowered/asm/mixin/injection/callback/CallbackInfoReturnable;)V has 0 override(s) in child classes
[08set.2026 23:15:08.363] [Render thread/DEBUG] [mixin/]: fabric-content-registries-v0.mixins.json:BrewingRecipeRegistryBuilderMixin from mod fabric_content_registries_v0->@Inject::build(Lorg/spongepowered/asm/mixin/injection/callback/CallbackInfoReturnable;)V won't be passed a CallbackInfoReturnable as a result
[08set.2026 23:15:08.370] [Server thread/INFO] [net.minecraft.client.server.IntegratedServer/]: Starting integrated minecraft server version 1.21.1
[08set.2026 23:15:08.370] [Server thread/INFO] [net.minecraft.server.MinecraftServer/]: Generating keypair
[08set.2026 23:15:08.431] [Server thread/DEBUG] [net.neoforged.fml.config.ConfigTracker/CONFIG]: Loading configs type SERVER
[08set.2026 23:15:08.432] [Server thread/DEBUG] [net.neoforged.neoforge.common.NeoForgeConfig/FORGEMOD]: Loaded NeoForge config file neoforge-server.toml
[08set.2026 23:15:08.432] [Server thread/DEBUG] [net.neoforged.fml.config.ConfigTracker/CONFIG]: Loaded TOML config file C:\Users\Vinicius\Desktop\ObsidianWakeAddon\run\config\neoforge-server.toml
[08set.2026 23:15:08.433] [Server thread/DEBUG] [net.neoforged.fml.config.ConfigTracker/CONFIG]: Watching TOML config file C:\Users\Vinicius\Desktop\ObsidianWakeAddon\run\config\neoforge-server.toml for changes
[08set.2026 23:15:08.469] [Server thread/DEBUG] [mixin/]: Mixing ChunkGeneratingMixin from fabric-lifecycle-events-v1.mixins.json into net.minecraft.world.level.chunk.status.ChunkStatusTasks
[08set.2026 23:15:08.469] [Server thread/DEBUG] [mixin/]: fabric-lifecycle-events-v1.mixins.json:ChunkGeneratingMixin from mod fabric_lifecycle_events_v1: Class version 65 required is higher than the class version supported by the current version of Mixin (JAVA_17 supports class version 61)
[08set.2026 23:15:08.471] [Server thread/DEBUG] [mixin/]: fabric-lifecycle-events-v1.mixins.json:ChunkGeneratingMixin from mod fabric_lifecycle_events_v1->@Inject::onChunkLoad(Lnet/minecraft/world/level/chunk/ChunkAccess;Lnet/minecraft/world/level/chunk/status/WorldGenContext;Lnet/minecraft/server/level/GenerationChunkHolder;Lorg/spongepowered/asm/mixin/injection/callback/CallbackInfoReturnable;)V does use it's CallbackInfoReturnable
[08set.2026 23:15:08.526] [Server thread/DEBUG] [mixin/]: Mixing ServerWorldServerEntityHandlerMixin from fabric-lifecycle-events-v1.mixins.json into net.minecraft.server.level.ServerLevel$EntityCallbacks
[08set.2026 23:15:08.527] [Server thread/DEBUG] [mixin/]: fabric-lifecycle-events-v1.mixins.json:ServerWorldServerEntityHandlerMixin from mod fabric_lifecycle_events_v1: Class version 65 required is higher than the class version supported by the current version of Mixin (JAVA_17 supports class version 61)
[08set.2026 23:15:08.528] [Server thread/DEBUG] [mixin/]: fabric-lifecycle-events-v1.mixins.json:ServerWorldServerEntityHandlerMixin from mod fabric_lifecycle_events_v1->@Inject::invokeEntityLoadEvent(Lnet/minecraft/world/entity/Entity;Lorg/spongepowered/asm/mixin/injection/callback/CallbackInfo;)V doesn't use it's CallbackInfo
[08set.2026 23:15:08.529] [Server thread/DEBUG] [mixin/]: fabric-lifecycle-events-v1.mixins.json:ServerWorldServerEntityHandlerMixin from mod fabric_lifecycle_events_v1->@Inject::invokeEntityUnloadEvent(Lnet/minecraft/world/entity/Entity;Lorg/spongepowered/asm/mixin/injection/callback/CallbackInfo;)V doesn't use it's CallbackInfo
[08set.2026 23:15:08.535] [Server thread/DEBUG] [mixin/]: Mixing PersistentStateManagerMixin from fabric-object-builder-v1.mixins.json into net.minecraft.world.level.storage.DimensionDataStorage
[08set.2026 23:15:08.536] [Server thread/DEBUG] [mixin/]: fabric-object-builder-v1.mixins.json:PersistentStateManagerMixin from mod fabric_object_builder_api_v1: Class version 65 required is higher than the class version supported by the current version of Mixin (JAVA_17 supports class version 61)
[08set.2026 23:15:08.539] [Server thread/DEBUG] [mixin/]: Mixing accessor.ServerChunkLoadingManagerAccessor from fabric-networking-api-v1.mixins.json into net.minecraft.server.level.ChunkMap
[08set.2026 23:15:08.539] [Server thread/DEBUG] [mixin/]: fabric-networking-api-v1.mixins.json:accessor.ServerChunkLoadingManagerAccessor from mod fabric_networking_api_v1: Class version 65 required is higher than the class version supported by the current version of Mixin (JAVA_17 supports class version 61)
[08set.2026 23:15:08.546] [Server thread/DEBUG] [mixin/]: Mixing ChunkHolderMixin from fabric-lifecycle-events-v1.mixins.json into net.minecraft.server.level.ChunkHolder
[08set.2026 23:15:08.546] [Server thread/DEBUG] [mixin/]: fabric-lifecycle-events-v1.mixins.json:ChunkHolderMixin from mod fabric_lifecycle_events_v1: Class version 65 required is higher than the class version supported by the current version of Mixin (JAVA_17 supports class version 61)
[08set.2026 23:15:08.550] [Server thread/DEBUG] [mixin/]: fabric-lifecycle-events-v1.mixins.json:ChunkHolderMixin from mod fabric_lifecycle_events_v1->@Inject::updateFutures$inaccessibleToFull(Lnet/minecraft/server/level/ChunkMap;Ljava/util/concurrent/Executor;Lorg/spongepowered/asm/mixin/injection/callback/CallbackInfo;)V doesn't use it's CallbackInfo
[08set.2026 23:15:08.550] [Server thread/DEBUG] [mixin/]: fabric-lifecycle-events-v1.mixins.json:ChunkHolderMixin from mod fabric_lifecycle_events_v1->@Inject::updateFutures$inaccessibleToFull(Lnet/minecraft/server/level/ChunkMap;Ljava/util/concurrent/Executor;Lorg/spongepowered/asm/mixin/injection/callback/CallbackInfo;)V has 0 override(s) in child classes
[08set.2026 23:15:08.550] [Server thread/DEBUG] [mixin/]: fabric-lifecycle-events-v1.mixins.json:ChunkHolderMixin from mod fabric_lifecycle_events_v1->@Inject::updateFutures$inaccessibleToFull(Lnet/minecraft/server/level/ChunkMap;Ljava/util/concurrent/Executor;Lorg/spongepowered/asm/mixin/injection/callback/CallbackInfo;)V won't be passed a CallbackInfo as a result
[08set.2026 23:15:08.550] [Server thread/DEBUG] [mixin/]: fabric-lifecycle-events-v1.mixins.json:ChunkHolderMixin from mod fabric_lifecycle_events_v1->@Inject::updateFutures$fullToBlockTicking(Lnet/minecraft/server/level/ChunkMap;Ljava/util/concurrent/Executor;Lorg/spongepowered/asm/mixin/injection/callback/CallbackInfo;)V doesn't use it's CallbackInfo
[08set.2026 23:15:08.550] [Server thread/DEBUG] [mixin/]: fabric-lifecycle-events-v1.mixins.json:ChunkHolderMixin from mod fabric_lifecycle_events_v1->@Inject::updateFutures$fullToBlockTicking(Lnet/minecraft/server/level/ChunkMap;Ljava/util/concurrent/Executor;Lorg/spongepowered/asm/mixin/injection/callback/CallbackInfo;)V has 0 override(s) in child classes
[08set.2026 23:15:08.550] [Server thread/DEBUG] [mixin/]: fabric-lifecycle-events-v1.mixins.json:ChunkHolderMixin from mod fabric_lifecycle_events_v1->@Inject::updateFutures$fullToBlockTicking(Lnet/minecraft/server/level/ChunkMap;Ljava/util/concurrent/Executor;Lorg/spongepowered/asm/mixin/injection/callback/CallbackInfo;)V won't be passed a CallbackInfo as a result
[08set.2026 23:15:08.550] [Server thread/DEBUG] [mixin/]: fabric-lifecycle-events-v1.mixins.json:ChunkHolderMixin from mod fabric_lifecycle_events_v1->@Inject::updateFutures$blockTickingToEntityTicking(Lnet/minecraft/server/level/ChunkMap;Ljava/util/concurrent/Executor;Lorg/spongepowered/asm/mixin/injection/callback/CallbackInfo;)V doesn't use it's CallbackInfo
[08set.2026 23:15:08.550] [Server thread/DEBUG] [mixin/]: fabric-lifecycle-events-v1.mixins.json:ChunkHolderMixin from mod fabric_lifecycle_events_v1->@Inject::updateFutures$blockTickingToEntityTicking(Lnet/minecraft/server/level/ChunkMap;Ljava/util/concurrent/Executor;Lorg/spongepowered/asm/mixin/injection/callback/CallbackInfo;)V has 0 override(s) in child classes
[08set.2026 23:15:08.550] [Server thread/DEBUG] [mixin/]: fabric-lifecycle-events-v1.mixins.json:ChunkHolderMixin from mod fabric_lifecycle_events_v1->@Inject::updateFutures$blockTickingToEntityTicking(Lnet/minecraft/server/level/ChunkMap;Ljava/util/concurrent/Executor;Lorg/spongepowered/asm/mixin/injection/callback/CallbackInfo;)V won't be passed a CallbackInfo as a result
[08set.2026 23:15:08.550] [Server thread/DEBUG] [mixin/]: fabric-lifecycle-events-v1.mixins.json:ChunkHolderMixin from mod fabric_lifecycle_events_v1->@Inject::decreaseLevel(Lnet/minecraft/server/level/ChunkMap;Lnet/minecraft/server/level/FullChunkStatus;Lorg/spongepowered/asm/mixin/injection/callback/CallbackInfo;)V doesn't use it's CallbackInfo
[08set.2026 23:15:08.550] [Server thread/DEBUG] [mixin/]: fabric-lifecycle-events-v1.mixins.json:ChunkHolderMixin from mod fabric_lifecycle_events_v1->@Inject::decreaseLevel(Lnet/minecraft/server/level/ChunkMap;Lnet/minecraft/server/level/FullChunkStatus;Lorg/spongepowered/asm/mixin/injection/callback/CallbackInfo;)V has 0 override(s) in child classes
[08set.2026 23:15:08.550] [Server thread/DEBUG] [mixin/]: fabric-lifecycle-events-v1.mixins.json:ChunkHolderMixin from mod fabric_lifecycle_events_v1->@Inject::decreaseLevel(Lnet/minecraft/server/level/ChunkMap;Lnet/minecraft/server/level/FullChunkStatus;Lorg/spongepowered/asm/mixin/injection/callback/CallbackInfo;)V won't be passed a CallbackInfo as a result
[08set.2026 23:15:08.557] [Server thread/DEBUG] [mixin/]: Mixing NoiseConfigMixin from fabric-biome-api-v1.mixins.json into net.minecraft.world.level.levelgen.RandomState
[08set.2026 23:15:08.557] [Server thread/DEBUG] [mixin/]: fabric-biome-api-v1.mixins.json:NoiseConfigMixin from mod fabric_biome_api_v1: Class version 65 required is higher than the class version supported by the current version of Mixin (JAVA_17 supports class version 61)
[08set.2026 23:15:08.558] [Server thread/DEBUG] [mixin/]: fabric-biome-api-v1.mixins.json:NoiseConfigMixin from mod fabric_biome_api_v1->@Inject::init(Lnet/minecraft/world/level/levelgen/NoiseGeneratorSettings;Lnet/minecraft/core/HolderGetter;JLorg/spongepowered/asm/mixin/injection/callback/CallbackInfo;)V doesn't use it's CallbackInfo
[08set.2026 23:15:08.613] [Server thread/DEBUG] [mixin/]: Mixing MultiNoiseUtilMultiNoiseSamplerMixin from fabric-biome-api-v1.mixins.json into net.minecraft.world.level.biome.Climate$Sampler
[08set.2026 23:15:08.613] [Server thread/DEBUG] [mixin/]: fabric-biome-api-v1.mixins.json:MultiNoiseUtilMultiNoiseSamplerMixin from mod fabric_biome_api_v1: Class version 65 required is higher than the class version supported by the current version of Mixin (JAVA_17 supports class version 61)
[08set.2026 23:15:09.193] [Server thread/INFO] [net.minecraft.server.MinecraftServer/]: Preparing start region for dimension minecraft:overworld
[08set.2026 23:15:09.494] [progressListener/INFO] [net.minecraft.server.level.progress.LoggerChunkProgressListener/]: Preparing spawn area: 0%
[08set.2026 23:15:09.570] [entity-deserializer/DEBUG] [mixin/]: Mixing LandPathNodeMakerMixin from fabric-content-registries-v0.mixins.json into net.minecraft.world.level.pathfinder.WalkNodeEvaluator
[08set.2026 23:15:09.571] [entity-deserializer/DEBUG] [mixin/]: fabric-content-registries-v0.mixins.json:LandPathNodeMakerMixin from mod fabric_content_registries_v0: Class version 65 required is higher than the class version supported by the current version of Mixin (JAVA_17 supports class version 61)
[08set.2026 23:15:09.572] [entity-deserializer/DEBUG] [mixin/]: fabric-content-registries-v0.mixins.json:LandPathNodeMakerMixin from mod fabric_content_registries_v0->@Inject::getCommonNodeType(Lnet/minecraft/world/level/BlockGetter;Lnet/minecraft/core/BlockPos;Lorg/spongepowered/asm/mixin/injection/callback/CallbackInfoReturnable;)V does use it's CallbackInfoReturnable
[08set.2026 23:15:09.624] [progressListener/INFO] [net.minecraft.server.level.progress.LoggerChunkProgressListener/]: Time elapsed: 412 ms
[08set.2026 23:15:09.626] [Server thread/INFO] [net.neoforged.neoforge.server.permission.PermissionAPI/]: Successfully initialized permission handler neoforge:default_handler
[08set.2026 23:15:09.629] [Server thread/WARN] [net.neoforged.neoforge.common.TagConventionLogWarning/]: 
   Dev warning - Legacy Tags detected. Please migrate your 'forge' namespace tags to the 'c' namespace! See net.neoforged.neoforge.common.Tags.java for all tags.
   NOTE: Many tags have been moved around or renamed. Some new ones were added so please review the new tags.
    And make sure you follow tag conventions for new tags! The convention is `c` with nouns generally being plural and adjectives being singular.
   You can disable this message in NeoForge's common config by setting `logLegacyTagWarnings` to "SILENCED" or see individual tags with "DEV_VERBOSE".

[08set.2026 23:15:09.632] [Server thread/WARN] [net.fabricmc.fabric.impl.tag.convention.v2.TranslationConventionLogWarnings/]: 
	Dev warning - Untranslated Item Tags detected. Please translate your item tags so other mods such as recipe viewers can properly display your tag's name.
	The format desired is tag.item.<namespace>.<path> for the translation key with slashes in path turned into periods.
	To disable this message, set this system property in your runs: `-Dfabric-tag-conventions-v2.missingTagTranslationWarning=SILENCED`.
	To see individual untranslated item tags found, set the system property to `-Dfabric-tag-conventions-v2.missingTagTranslationWarning=VERBOSE`.
	Default is `SHORT`.

[08set.2026 23:15:09.767] [Server thread/DEBUG] [mixin/]: Mixing accessor.EntityTrackerAccessor from fabric-networking-api-v1.mixins.json into net.minecraft.server.level.ChunkMap$TrackedEntity
[08set.2026 23:15:09.767] [Server thread/DEBUG] [mixin/]: fabric-networking-api-v1.mixins.json:accessor.EntityTrackerAccessor from mod fabric_networking_api_v1: Class version 65 required is higher than the class version supported by the current version of Mixin (JAVA_17 supports class version 61)
[08set.2026 23:15:09.768] [Server thread/DEBUG] [mixin/]: Mixing EntityTrackerEntryMixin from fabric-networking-api-v1.mixins.json into net.minecraft.server.level.ServerEntity
[08set.2026 23:15:09.769] [Server thread/DEBUG] [mixin/]: fabric-networking-api-v1.mixins.json:EntityTrackerEntryMixin from mod fabric_networking_api_v1: Class version 65 required is higher than the class version supported by the current version of Mixin (JAVA_17 supports class version 61)
[08set.2026 23:15:09.770] [Server thread/DEBUG] [mixin/]: fabric-networking-api-v1.mixins.json:EntityTrackerEntryMixin from mod fabric_networking_api_v1->@Inject::onStartTracking(Lnet/minecraft/server/level/ServerPlayer;Lorg/spongepowered/asm/mixin/injection/callback/CallbackInfo;)V doesn't use it's CallbackInfo
[08set.2026 23:15:09.770] [Server thread/DEBUG] [mixin/]: fabric-networking-api-v1.mixins.json:EntityTrackerEntryMixin from mod fabric_networking_api_v1->@Inject::onStartTracking(Lnet/minecraft/server/level/ServerPlayer;Lorg/spongepowered/asm/mixin/injection/callback/CallbackInfo;)V has 0 override(s) in child classes
[08set.2026 23:15:09.770] [Server thread/DEBUG] [mixin/]: fabric-networking-api-v1.mixins.json:EntityTrackerEntryMixin from mod fabric_networking_api_v1->@Inject::onStartTracking(Lnet/minecraft/server/level/ServerPlayer;Lorg/spongepowered/asm/mixin/injection/callback/CallbackInfo;)V won't be passed a CallbackInfo as a result
[08set.2026 23:15:09.770] [Server thread/DEBUG] [mixin/]: fabric-networking-api-v1.mixins.json:EntityTrackerEntryMixin from mod fabric_networking_api_v1->@Inject::onStopTracking(Lnet/minecraft/server/level/ServerPlayer;Lorg/spongepowered/asm/mixin/injection/callback/CallbackInfo;)V doesn't use it's CallbackInfo
[08set.2026 23:15:09.770] [Server thread/DEBUG] [mixin/]: fabric-networking-api-v1.mixins.json:EntityTrackerEntryMixin from mod fabric_networking_api_v1->@Inject::onStopTracking(Lnet/minecraft/server/level/ServerPlayer;Lorg/spongepowered/asm/mixin/injection/callback/CallbackInfo;)V has 0 override(s) in child classes
[08set.2026 23:15:09.770] [Server thread/DEBUG] [mixin/]: fabric-networking-api-v1.mixins.json:EntityTrackerEntryMixin from mod fabric_networking_api_v1->@Inject::onStopTracking(Lnet/minecraft/server/level/ServerPlayer;Lorg/spongepowered/asm/mixin/injection/callback/CallbackInfo;)V won't be passed a CallbackInfo as a result
[08set.2026 23:15:09.785] [Server thread/INFO] [net.minecraft.client.server.IntegratedServer/]: Changing view distance to 12, from 10
[08set.2026 23:15:09.785] [Server thread/INFO] [net.minecraft.client.server.IntegratedServer/]: Changing simulation distance to 12, from 0
[08set.2026 23:15:09.799] [Server thread/DEBUG] [mixin/]: Mixing EnchantmentHelperMixin from fabric-item-api-v1.mixins.json into net.minecraft.world.item.enchantment.EnchantmentHelper
[08set.2026 23:15:09.799] [Server thread/DEBUG] [mixin/]: fabric-item-api-v1.mixins.json:EnchantmentHelperMixin from mod fabric_item_api_v1: Class version 65 required is higher than the class version supported by the current version of Mixin (JAVA_17 supports class version 61)
[08set.2026 23:15:09.800] [Server thread/DEBUG] [mixin/]: Renaming synthetic method lambda$useCustomEnchantingChecks$0(Lnet/minecraft/world/item/ItemStack;Lnet/minecraft/core/Holder;)Z to md61b50d$fabric_item_api_v1$lambda$useCustomEnchantingChecks$0$0 in fabric-item-api-v1.mixins.json:EnchantmentHelperMixin from mod fabric_item_api_v1
[08set.2026 23:15:09.804] [Render thread/DEBUG] [io.netty.channel.MultithreadEventLoopGroup/]: -Dio.netty.eventLoopThreads: 32
[08set.2026 23:15:09.817] [Render thread/DEBUG] [io.netty.util.concurrent.GlobalEventExecutor/]: -Dio.netty.globalEventExecutor.quietPeriodSeconds: 1
[08set.2026 23:15:09.823] [Server thread/DEBUG] [mixin/]: Mixing PathContextMixin from fabric-content-registries-v0.mixins.json into net.minecraft.world.level.pathfinder.PathfindingContext
[08set.2026 23:15:09.824] [Server thread/DEBUG] [mixin/]: fabric-content-registries-v0.mixins.json:PathContextMixin from mod fabric_content_registries_v0: Class version 65 required is higher than the class version supported by the current version of Mixin (JAVA_17 supports class version 61)
[08set.2026 23:15:09.826] [Server thread/DEBUG] [mixin/]: fabric-content-registries-v0.mixins.json:PathContextMixin from mod fabric_content_registries_v0->@Inject::onGetNodeType(IIILorg/spongepowered/asm/mixin/injection/callback/CallbackInfoReturnable;)V does use it's CallbackInfoReturnable
[08set.2026 23:15:09.844] [Render thread/DEBUG] [io.netty.channel.nio.NioEventLoop/]: -Dio.netty.noKeySetOptimization: false
[08set.2026 23:15:09.844] [Render thread/DEBUG] [io.netty.channel.nio.NioEventLoop/]: -Dio.netty.selectorAutoRebuildThreshold: 512
[08set.2026 23:15:09.853] [Render thread/DEBUG] [io.netty.util.internal.PlatformDependent/]: org.jctools-core.MpscChunkedArrayQueue: available
[08set.2026 23:15:09.906] [Render thread/DEBUG] [io.netty.channel.DefaultChannelId/]: -Dio.netty.processId: 4236 (auto-detected)
[08set.2026 23:15:09.908] [Render thread/DEBUG] [io.netty.util.NetUtil/]: -Djava.net.preferIPv4Stack: false
[08set.2026 23:15:09.908] [Render thread/DEBUG] [io.netty.util.NetUtil/]: -Djava.net.preferIPv6Addresses: system
[08set.2026 23:15:09.911] [Render thread/DEBUG] [io.netty.util.NetUtilInitializations/]: Loopback interface: loopback_0 (Software Loopback Interface 1, 0:0:0:0:0:0:0:1)
[08set.2026 23:15:09.912] [Render thread/DEBUG] [io.netty.util.NetUtil/]: Failed to get SOMAXCONN from sysctl and file \proc\sys\net\core\somaxconn. Default: 200
[08set.2026 23:15:09.913] [Render thread/DEBUG] [io.netty.channel.DefaultChannelId/]: -Dio.netty.machineId: 00:00:00:00:00:00:00:e0 (auto-detected)
[08set.2026 23:15:10.049] [Render thread/DEBUG] [mixin/]: Mixing accessor.ClientLoginNetworkHandlerAccessor from fabric-networking-api-v1.client.mixins.json into net.minecraft.client.multiplayer.ClientHandshakePacketListenerImpl
[08set.2026 23:15:10.049] [Render thread/DEBUG] [mixin/]: fabric-networking-api-v1.client.mixins.json:accessor.ClientLoginNetworkHandlerAccessor from mod fabric_networking_api_v1: Class version 65 required is higher than the class version supported by the current version of Mixin (JAVA_17 supports class version 61)
[08set.2026 23:15:10.050] [Render thread/DEBUG] [mixin/]: Mixing ClientLoginNetworkHandlerMixin from fabric-networking-api-v1.client.mixins.json into net.minecraft.client.multiplayer.ClientHandshakePacketListenerImpl
[08set.2026 23:15:10.050] [Render thread/DEBUG] [mixin/]: fabric-networking-api-v1.client.mixins.json:ClientLoginNetworkHandlerMixin from mod fabric_networking_api_v1: Class version 65 required is higher than the class version supported by the current version of Mixin (JAVA_17 supports class version 61)
[08set.2026 23:15:10.058] [Render thread/DEBUG] [mixin/]: fabric-networking-api-v1.client.mixins.json:ClientLoginNetworkHandlerMixin from mod fabric_networking_api_v1->@Inject::initAddon(Lorg/spongepowered/asm/mixin/injection/callback/CallbackInfo;)V doesn't use it's CallbackInfo
[08set.2026 23:15:10.058] [Render thread/DEBUG] [mixin/]: fabric-networking-api-v1.client.mixins.json:ClientLoginNetworkHandlerMixin from mod fabric_networking_api_v1->@Inject::initAddon(Lorg/spongepowered/asm/mixin/injection/callback/CallbackInfo;)V has 0 override(s) in child classes
[08set.2026 23:15:10.058] [Render thread/DEBUG] [mixin/]: fabric-networking-api-v1.client.mixins.json:ClientLoginNetworkHandlerMixin from mod fabric_networking_api_v1->@Inject::initAddon(Lorg/spongepowered/asm/mixin/injection/callback/CallbackInfo;)V won't be passed a CallbackInfo as a result
[08set.2026 23:15:10.058] [Render thread/DEBUG] [mixin/]: fabric-networking-api-v1.client.mixins.json:ClientLoginNetworkHandlerMixin from mod fabric_networking_api_v1->@Inject::handleQueryRequest(Lnet/minecraft/network/protocol/login/ClientboundCustomQueryPacket;Lorg/spongepowered/asm/mixin/injection/callback/CallbackInfo;)V does use it's CallbackInfo
[08set.2026 23:15:10.089] [Render thread/DEBUG] [mixin/]: Mixing LoginQueryResponseC2SPacketMixin from fabric-networking-api-v1.mixins.json into net.minecraft.network.protocol.login.ServerboundCustomQueryAnswerPacket
[08set.2026 23:15:10.089] [Render thread/DEBUG] [mixin/]: fabric-networking-api-v1.mixins.json:LoginQueryResponseC2SPacketMixin from mod fabric_networking_api_v1: Class version 65 required is higher than the class version supported by the current version of Mixin (JAVA_17 supports class version 61)
[08set.2026 23:15:10.092] [Render thread/DEBUG] [mixin/]: fabric-networking-api-v1.mixins.json:LoginQueryResponseC2SPacketMixin from mod fabric_networking_api_v1->@Inject::readResponse(ILnet/minecraft/network/FriendlyByteBuf;Lorg/spongepowered/asm/mixin/injection/callback/CallbackInfoReturnable;)V does use it's CallbackInfoReturnable
[08set.2026 23:15:10.109] [Render thread/DEBUG] [mixin/]: Mixing LoginQueryRequestS2CPacketMixin from fabric-networking-api-v1.mixins.json into net.minecraft.network.protocol.login.ClientboundCustomQueryPacket
[08set.2026 23:15:10.110] [Render thread/DEBUG] [mixin/]: fabric-networking-api-v1.mixins.json:LoginQueryRequestS2CPacketMixin from mod fabric_networking_api_v1: Class version 65 required is higher than the class version supported by the current version of Mixin (JAVA_17 supports class version 61)
[08set.2026 23:15:10.111] [Render thread/DEBUG] [mixin/]: fabric-networking-api-v1.mixins.json:LoginQueryRequestS2CPacketMixin from mod fabric_networking_api_v1->@Inject::readPayload(Lnet/minecraft/resources/ResourceLocation;Lnet/minecraft/network/FriendlyByteBuf;Lorg/spongepowered/asm/mixin/injection/callback/CallbackInfoReturnable;)V does use it's CallbackInfoReturnable
[08set.2026 23:15:10.129] [Render thread/DEBUG] [io.netty.util.Recycler/]: -Dio.netty.recycler.maxCapacityPerThread: 4096
[08set.2026 23:15:10.129] [Render thread/DEBUG] [io.netty.util.Recycler/]: -Dio.netty.recycler.ratio: 8
[08set.2026 23:15:10.129] [Render thread/DEBUG] [io.netty.util.Recycler/]: -Dio.netty.recycler.chunkSize: 32
[08set.2026 23:15:10.129] [Render thread/DEBUG] [io.netty.util.Recycler/]: -Dio.netty.recycler.blocking: false
[08set.2026 23:15:10.129] [Render thread/DEBUG] [io.netty.util.Recycler/]: -Dio.netty.recycler.batchFastThreadLocalOnly: true
[08set.2026 23:15:10.162] [Netty Server IO #1/DEBUG] [mixin/]: Mixing ServerLoginNetworkHandlerMixin from fabric-networking-api-v1.mixins.json into net.minecraft.server.network.ServerLoginPacketListenerImpl
[08set.2026 23:15:10.162] [Netty Server IO #1/DEBUG] [mixin/]: fabric-networking-api-v1.mixins.json:ServerLoginNetworkHandlerMixin from mod fabric_networking_api_v1: Class version 65 required is higher than the class version supported by the current version of Mixin (JAVA_17 supports class version 61)
[08set.2026 23:15:10.163] [Netty Server IO #1/DEBUG] [mixin/]: Mixing accessor.ServerLoginNetworkHandlerAccessor from fabric-networking-api-v1.mixins.json into net.minecraft.server.network.ServerLoginPacketListenerImpl
[08set.2026 23:15:10.163] [Netty Server IO #1/DEBUG] [mixin/]: fabric-networking-api-v1.mixins.json:accessor.ServerLoginNetworkHandlerAccessor from mod fabric_networking_api_v1: Class version 65 required is higher than the class version supported by the current version of Mixin (JAVA_17 supports class version 61)
[08set.2026 23:15:10.166] [Netty Server IO #1/DEBUG] [mixin/]: fabric-networking-api-v1.mixins.json:ServerLoginNetworkHandlerMixin from mod fabric_networking_api_v1->@Inject::initAddon(Lorg/spongepowered/asm/mixin/injection/callback/CallbackInfo;)V doesn't use it's CallbackInfo
[08set.2026 23:15:10.166] [Netty Server IO #1/DEBUG] [mixin/]: fabric-networking-api-v1.mixins.json:ServerLoginNetworkHandlerMixin from mod fabric_networking_api_v1->@Inject::initAddon(Lorg/spongepowered/asm/mixin/injection/callback/CallbackInfo;)V has 0 override(s) in child classes
[08set.2026 23:15:10.166] [Netty Server IO #1/DEBUG] [mixin/]: fabric-networking-api-v1.mixins.json:ServerLoginNetworkHandlerMixin from mod fabric_networking_api_v1->@Inject::initAddon(Lorg/spongepowered/asm/mixin/injection/callback/CallbackInfo;)V won't be passed a CallbackInfo as a result
[08set.2026 23:15:10.166] [Netty Server IO #1/DEBUG] [mixin/]: fabric-networking-api-v1.mixins.json:ServerLoginNetworkHandlerMixin from mod fabric_networking_api_v1->@Inject::handleCustomPayloadReceivedAsync(Lnet/minecraft/network/protocol/login/ServerboundCustomQueryAnswerPacket;Lorg/spongepowered/asm/mixin/injection/callback/CallbackInfo;)V does use it's CallbackInfo
[08set.2026 23:15:10.207] [Netty Local Client IO #0/DEBUG] [mixin/]: Mixing SelectKnownPacksC2SPacketMixin from fabric-resource-loader-v0.mixins.json into net.minecraft.network.protocol.configuration.ServerboundSelectKnownPacks
[08set.2026 23:15:10.208] [Netty Local Client IO #0/DEBUG] [mixin/]: fabric-resource-loader-v0.mixins.json:SelectKnownPacksC2SPacketMixin from mod fabric_resource_loader_v0: Class version 65 required is higher than the class version supported by the current version of Mixin (JAVA_17 supports class version 61)
[08set.2026 23:15:10.234] [Netty Local Client IO #0/DEBUG] [mixin/]: Mixing ClientConfigurationNetworkHandlerMixin from fabric-networking-api-v1.client.mixins.json into net.minecraft.client.multiplayer.ClientConfigurationPacketListenerImpl
[08set.2026 23:15:10.234] [Netty Local Client IO #0/DEBUG] [mixin/]: fabric-networking-api-v1.client.mixins.json:ClientConfigurationNetworkHandlerMixin from mod fabric_networking_api_v1: Class version 65 required is higher than the class version supported by the current version of Mixin (JAVA_17 supports class version 61)
[08set.2026 23:15:10.236] [Netty Local Client IO #0/DEBUG] [mixin/]: fabric-networking-api-v1.client.mixins.json:ClientConfigurationNetworkHandlerMixin from mod fabric_networking_api_v1->@Inject::initAddon(Lorg/spongepowered/asm/mixin/injection/callback/CallbackInfo;)V doesn't use it's CallbackInfo
[08set.2026 23:15:10.236] [Netty Local Client IO #0/DEBUG] [mixin/]: fabric-networking-api-v1.client.mixins.json:ClientConfigurationNetworkHandlerMixin from mod fabric_networking_api_v1->@Inject::initAddon(Lorg/spongepowered/asm/mixin/injection/callback/CallbackInfo;)V has 0 override(s) in child classes
[08set.2026 23:15:10.236] [Netty Local Client IO #0/DEBUG] [mixin/]: fabric-networking-api-v1.client.mixins.json:ClientConfigurationNetworkHandlerMixin from mod fabric_networking_api_v1->@Inject::initAddon(Lorg/spongepowered/asm/mixin/injection/callback/CallbackInfo;)V won't be passed a CallbackInfo as a result
[08set.2026 23:15:10.236] [Netty Local Client IO #0/DEBUG] [mixin/]: fabric-networking-api-v1.client.mixins.json:ClientConfigurationNetworkHandlerMixin from mod fabric_networking_api_v1->@Inject::handleComplete(Lnet/minecraft/network/protocol/configuration/ClientboundFinishConfigurationPacket;Lorg/spongepowered/asm/mixin/injection/callback/CallbackInfo;)V doesn't use it's CallbackInfo
[08set.2026 23:15:10.236] [Netty Local Client IO #0/DEBUG] [mixin/]: fabric-networking-api-v1.client.mixins.json:ClientConfigurationNetworkHandlerMixin from mod fabric_networking_api_v1->@Inject::handleComplete(Lnet/minecraft/network/protocol/configuration/ClientboundFinishConfigurationPacket;Lorg/spongepowered/asm/mixin/injection/callback/CallbackInfo;)V has 0 override(s) in child classes
[08set.2026 23:15:10.236] [Netty Local Client IO #0/DEBUG] [mixin/]: fabric-networking-api-v1.client.mixins.json:ClientConfigurationNetworkHandlerMixin from mod fabric_networking_api_v1->@Inject::handleComplete(Lnet/minecraft/network/protocol/configuration/ClientboundFinishConfigurationPacket;Lorg/spongepowered/asm/mixin/injection/callback/CallbackInfo;)V won't be passed a CallbackInfo as a result
[08set.2026 23:15:10.239] [Netty Local Client IO #0/DEBUG] [mixin/]: Mixing ClientCommonNetworkHandlerMixin from fabric-networking-api-v1.client.mixins.json into net.minecraft.client.multiplayer.ClientCommonPacketListenerImpl
[08set.2026 23:15:10.239] [Netty Local Client IO #0/DEBUG] [mixin/]: fabric-networking-api-v1.client.mixins.json:ClientCommonNetworkHandlerMixin from mod fabric_networking_api_v1: Class version 65 required is higher than the class version supported by the current version of Mixin (JAVA_17 supports class version 61)
[08set.2026 23:15:10.266] [Netty Server IO #1/DEBUG] [mixin/]: Mixing ServerConfigurationNetworkHandlerMixin from fabric-networking-api-v1.mixins.json into net.minecraft.server.network.ServerConfigurationPacketListenerImpl
[08set.2026 23:15:10.266] [Netty Server IO #1/DEBUG] [mixin/]: fabric-networking-api-v1.mixins.json:ServerConfigurationNetworkHandlerMixin from mod fabric_networking_api_v1: Class version 65 required is higher than the class version supported by the current version of Mixin (JAVA_17 supports class version 61)
[08set.2026 23:15:10.268] [Netty Server IO #1/DEBUG] [mixin/]: Mixing ServerConfigurationNetworkHandlerMixin from fabric-resource-loader-v0.mixins.json into net.minecraft.server.network.ServerConfigurationPacketListenerImpl
[08set.2026 23:15:10.268] [Netty Server IO #1/DEBUG] [mixin/]: fabric-resource-loader-v0.mixins.json:ServerConfigurationNetworkHandlerMixin from mod fabric_resource_loader_v0: Class version 65 required is higher than the class version supported by the current version of Mixin (JAVA_17 supports class version 61)
[08set.2026 23:15:10.271] [Netty Server IO #1/DEBUG] [mixin/]: fabric-networking-api-v1.mixins.json:ServerConfigurationNetworkHandlerMixin from mod fabric_networking_api_v1->@Inject::onPreConfiguration(Lorg/spongepowered/asm/mixin/injection/callback/CallbackInfo;)V doesn't use it's CallbackInfo
[08set.2026 23:15:10.272] [Netty Server IO #1/DEBUG] [mixin/]: fabric-networking-api-v1.mixins.json:ServerConfigurationNetworkHandlerMixin from mod fabric_networking_api_v1->@Inject::onPreConfiguration(Lorg/spongepowered/asm/mixin/injection/callback/CallbackInfo;)V has 0 override(s) in child classes
[08set.2026 23:15:10.272] [Netty Server IO #1/DEBUG] [mixin/]: fabric-networking-api-v1.mixins.json:ServerConfigurationNetworkHandlerMixin from mod fabric_networking_api_v1->@Inject::onPreConfiguration(Lorg/spongepowered/asm/mixin/injection/callback/CallbackInfo;)V won't be passed a CallbackInfo as a result
[08set.2026 23:15:10.275] [Netty Server IO #1/DEBUG] [mixin/]: Mixing ServerCommonNetworkHandlerMixin from fabric-networking-api-v1.mixins.json into net.minecraft.server.network.ServerCommonPacketListenerImpl
[08set.2026 23:15:10.275] [Netty Server IO #1/DEBUG] [mixin/]: fabric-networking-api-v1.mixins.json:ServerCommonNetworkHandlerMixin from mod fabric_networking_api_v1: Class version 65 required is higher than the class version supported by the current version of Mixin (JAVA_17 supports class version 61)
[08set.2026 23:15:10.276] [Netty Server IO #1/DEBUG] [mixin/]: Mixing accessor.ServerCommonNetworkHandlerAccessor from fabric-networking-api-v1.mixins.json into net.minecraft.server.network.ServerCommonPacketListenerImpl
[08set.2026 23:15:10.276] [Netty Server IO #1/DEBUG] [mixin/]: fabric-networking-api-v1.mixins.json:accessor.ServerCommonNetworkHandlerAccessor from mod fabric_networking_api_v1: Class version 65 required is higher than the class version supported by the current version of Mixin (JAVA_17 supports class version 61)
[08set.2026 23:15:10.326] [Netty Server IO #1/DEBUG] [net.neoforged.neoforge.network.filters.NetworkFilters/]: Injected net.neoforged.neoforge.network.filters.GenericPacketSplitter@78ffaf58 into net.minecraft.network.Connection@43d891cf
[08set.2026 23:15:10.343] [Netty Local Client IO #0/DEBUG] [net.neoforged.neoforge.network.filters.NetworkFilters/]: Injected net.neoforged.neoforge.network.filters.GenericPacketSplitter@502bab75 into net.minecraft.network.Connection@739a2db2
[08set.2026 23:15:10.354] [Netty Server IO #1/DEBUG] [mixin/]: Mixing SynchronizeRegistriesTaskMixin from fabric-resource-loader-v0.mixins.json into net.minecraft.server.network.config.SynchronizeRegistriesTask
[08set.2026 23:15:10.354] [Netty Server IO #1/DEBUG] [mixin/]: fabric-resource-loader-v0.mixins.json:SynchronizeRegistriesTaskMixin from mod fabric_resource_loader_v0: Class version 65 required is higher than the class version supported by the current version of Mixin (JAVA_17 supports class version 61)
[08set.2026 23:15:10.356] [Netty Server IO #1/DEBUG] [mixin/]: fabric-resource-loader-v0.mixins.json:SynchronizeRegistriesTaskMixin from mod fabric_resource_loader_v0->@Inject::onSelectKnownPacks(Ljava/util/List;Ljava/util/function/Consumer;Lorg/spongepowered/asm/mixin/injection/callback/CallbackInfo;)V does use it's CallbackInfo
[08set.2026 23:15:10.356] [Netty Server IO #1/DEBUG] [mixin/]: fabric-resource-loader-v0.mixins.json:SynchronizeRegistriesTaskMixin from mod fabric_resource_loader_v0->@Inject::syncRegistryAndTags(Ljava/util/function/Consumer;Ljava/util/Set;Lorg/spongepowered/asm/mixin/injection/callback/CallbackInfo;)V doesn't use it's CallbackInfo
[08set.2026 23:15:10.356] [Netty Server IO #1/DEBUG] [mixin/]: fabric-resource-loader-v0.mixins.json:SynchronizeRegistriesTaskMixin from mod fabric_resource_loader_v0->@Inject::syncRegistryAndTags(Ljava/util/function/Consumer;Ljava/util/Set;Lorg/spongepowered/asm/mixin/injection/callback/CallbackInfo;)V has 0 override(s) in child classes
[08set.2026 23:15:10.356] [Netty Server IO #1/DEBUG] [mixin/]: fabric-resource-loader-v0.mixins.json:SynchronizeRegistriesTaskMixin from mod fabric_resource_loader_v0->@Inject::syncRegistryAndTags(Ljava/util/function/Consumer;Ljava/util/Set;Lorg/spongepowered/asm/mixin/injection/callback/CallbackInfo;)V won't be passed a CallbackInfo as a result
[08set.2026 23:15:10.356] [Netty Server IO #1/DEBUG] [mixin/]: fabric-resource-loader-v0.mixins.json:SynchronizeRegistriesTaskMixin from mod fabric_resource_loader_v0->@Inject::sendPacket(Ljava/util/function/Consumer;Lorg/spongepowered/asm/mixin/injection/callback/CallbackInfo;)V does use it's CallbackInfo
[08set.2026 23:15:10.380] [Render thread/DEBUG] [mixin/]: Mixing ClientDataPackManagerMixin from fabric-resource-loader-v0.client.mixins.json into net.minecraft.client.multiplayer.KnownPacksManager
[08set.2026 23:15:10.380] [Render thread/DEBUG] [mixin/]: fabric-resource-loader-v0.client.mixins.json:ClientDataPackManagerMixin from mod fabric_resource_loader_v0: Class version 65 required is higher than the class version supported by the current version of Mixin (JAVA_17 supports class version 61)
[08set.2026 23:15:10.385] [Render thread/DEBUG] [net.fabricmc.fabric.impl.resource.loader.ModResourcePackUtil/]: [Fabric] Starting internal pack sorting with: []
[08set.2026 23:15:10.385] [Render thread/DEBUG] [net.fabricmc.fabric.impl.resource.loader.ModResourcePackUtil/]: [Fabric] Removed all internal packs, result: []
[08set.2026 23:15:10.385] [Render thread/DEBUG] [net.fabricmc.fabric.impl.resource.loader.ModResourcePackUtil/]: [Fabric] Final sorting result: []
[08set.2026 23:15:10.386] [Render thread/DEBUG] [net.fabricmc.fabric.impl.resource.loader.ModResourcePackUtil/]: [Fabric] Starting internal pack sorting with: [vanilla]
[08set.2026 23:15:10.386] [Render thread/DEBUG] [net.fabricmc.fabric.impl.resource.loader.ModResourcePackUtil/]: [Fabric] Removed all internal packs, result: [vanilla]
[08set.2026 23:15:10.386] [Render thread/DEBUG] [net.fabricmc.fabric.impl.resource.loader.ModResourcePackUtil/]: [Fabric] Final sorting result: [vanilla]
[08set.2026 23:15:10.393] [Server thread/DEBUG] [SynchronizeRegistriesTaskMixin/]: Synchronizing registries with common known packs: [minecraft:core:1.21.1]
[08set.2026 23:15:10.583] [Render thread/DEBUG] [mixin/]: Mixing ClientPlayNetworkHandlerMixin from fabric-message-api-v1.client.mixins.json into net.minecraft.client.multiplayer.ClientPacketListener
[08set.2026 23:15:10.583] [Render thread/DEBUG] [mixin/]: fabric-message-api-v1.client.mixins.json:ClientPlayNetworkHandlerMixin from mod fabric_message_api_v1: Class version 65 required is higher than the class version supported by the current version of Mixin (JAVA_17 supports class version 61)
[08set.2026 23:15:10.584] [Render thread/DEBUG] [mixin/]: Mixing ClientPlayNetworkHandlerMixin from fabric-networking-api-v1.client.mixins.json into net.minecraft.client.multiplayer.ClientPacketListener
[08set.2026 23:15:10.584] [Render thread/DEBUG] [mixin/]: fabric-networking-api-v1.client.mixins.json:ClientPlayNetworkHandlerMixin from mod fabric_networking_api_v1: Class version 65 required is higher than the class version supported by the current version of Mixin (JAVA_17 supports class version 61)
[08set.2026 23:15:10.585] [Render thread/DEBUG] [mixin/]: Mixing ClientPlayNetworkHandlerMixin from fabric-lifecycle-events-v1.client.mixins.json into net.minecraft.client.multiplayer.ClientPacketListener
[08set.2026 23:15:10.585] [Render thread/DEBUG] [mixin/]: fabric-lifecycle-events-v1.client.mixins.json:ClientPlayNetworkHandlerMixin from mod fabric_lifecycle_events_v1: Class version 65 required is higher than the class version supported by the current version of Mixin (JAVA_17 supports class version 61)
[08set.2026 23:15:10.591] [Render thread/DEBUG] [mixin/]: fabric-message-api-v1.client.mixins.json:ClientPlayNetworkHandlerMixin from mod fabric_message_api_v1->@Inject::fabric_allowSendChatMessage(Ljava/lang/String;Lorg/spongepowered/asm/mixin/injection/callback/CallbackInfo;)V does use it's CallbackInfo
[08set.2026 23:15:10.591] [Render thread/DEBUG] [mixin/]: fabric-message-api-v1.client.mixins.json:ClientPlayNetworkHandlerMixin from mod fabric_message_api_v1->@Inject::fabric_allowSendCommandMessage(Ljava/lang/String;Lorg/spongepowered/asm/mixin/injection/callback/CallbackInfo;)V does use it's CallbackInfo
[08set.2026 23:15:10.591] [Render thread/DEBUG] [mixin/]: fabric-networking-api-v1.client.mixins.json:ClientPlayNetworkHandlerMixin from mod fabric_networking_api_v1->@Inject::initAddon(Lorg/spongepowered/asm/mixin/injection/callback/CallbackInfo;)V doesn't use it's CallbackInfo
[08set.2026 23:15:10.591] [Render thread/DEBUG] [mixin/]: fabric-networking-api-v1.client.mixins.json:ClientPlayNetworkHandlerMixin from mod fabric_networking_api_v1->@Inject::initAddon(Lorg/spongepowered/asm/mixin/injection/callback/CallbackInfo;)V has 0 override(s) in child classes
[08set.2026 23:15:10.591] [Render thread/DEBUG] [mixin/]: fabric-networking-api-v1.client.mixins.json:ClientPlayNetworkHandlerMixin from mod fabric_networking_api_v1->@Inject::initAddon(Lorg/spongepowered/asm/mixin/injection/callback/CallbackInfo;)V won't be passed a CallbackInfo as a result
[08set.2026 23:15:10.591] [Render thread/DEBUG] [mixin/]: fabric-networking-api-v1.client.mixins.json:ClientPlayNetworkHandlerMixin from mod fabric_networking_api_v1->@Inject::handleServerPlayReady(Lnet/minecraft/network/protocol/game/ClientboundLoginPacket;Lorg/spongepowered/asm/mixin/injection/callback/CallbackInfo;)V doesn't use it's CallbackInfo
[08set.2026 23:15:10.591] [Render thread/DEBUG] [mixin/]: fabric-networking-api-v1.client.mixins.json:ClientPlayNetworkHandlerMixin from mod fabric_networking_api_v1->@Inject::handleServerPlayReady(Lnet/minecraft/network/protocol/game/ClientboundLoginPacket;Lorg/spongepowered/asm/mixin/injection/callback/CallbackInfo;)V has 0 override(s) in child classes
[08set.2026 23:15:10.591] [Render thread/DEBUG] [mixin/]: fabric-networking-api-v1.client.mixins.json:ClientPlayNetworkHandlerMixin from mod fabric_networking_api_v1->@Inject::handleServerPlayReady(Lnet/minecraft/network/protocol/game/ClientboundLoginPacket;Lorg/spongepowered/asm/mixin/injection/callback/CallbackInfo;)V won't be passed a CallbackInfo as a result
[08set.2026 23:15:10.591] [Render thread/DEBUG] [mixin/]: fabric-lifecycle-events-v1.client.mixins.json:ClientPlayNetworkHandlerMixin from mod fabric_lifecycle_events_v1->@Inject::onPlayerRespawn(Lnet/minecraft/network/protocol/game/ClientboundRespawnPacket;Lorg/spongepowered/asm/mixin/injection/callback/CallbackInfo;)V doesn't use it's CallbackInfo
[08set.2026 23:15:10.591] [Render thread/DEBUG] [mixin/]: fabric-lifecycle-events-v1.client.mixins.json:ClientPlayNetworkHandlerMixin from mod fabric_lifecycle_events_v1->@Inject::onPlayerRespawn(Lnet/minecraft/network/protocol/game/ClientboundRespawnPacket;Lorg/spongepowered/asm/mixin/injection/callback/CallbackInfo;)V has 0 override(s) in child classes
[08set.2026 23:15:10.591] [Render thread/DEBUG] [mixin/]: fabric-lifecycle-events-v1.client.mixins.json:ClientPlayNetworkHandlerMixin from mod fabric_lifecycle_events_v1->@Inject::onPlayerRespawn(Lnet/minecraft/network/protocol/game/ClientboundRespawnPacket;Lorg/spongepowered/asm/mixin/injection/callback/CallbackInfo;)V won't be passed a CallbackInfo as a result
[08set.2026 23:15:10.591] [Render thread/DEBUG] [mixin/]: fabric-lifecycle-events-v1.client.mixins.json:ClientPlayNetworkHandlerMixin from mod fabric_lifecycle_events_v1->@Inject::onGameJoin(Lnet/minecraft/network/protocol/game/ClientboundLoginPacket;Lorg/spongepowered/asm/mixin/injection/callback/CallbackInfo;)V doesn't use it's CallbackInfo
[08set.2026 23:15:10.591] [Render thread/DEBUG] [mixin/]: fabric-lifecycle-events-v1.client.mixins.json:ClientPlayNetworkHandlerMixin from mod fabric_lifecycle_events_v1->@Inject::onGameJoin(Lnet/minecraft/network/protocol/game/ClientboundLoginPacket;Lorg/spongepowered/asm/mixin/injection/callback/CallbackInfo;)V has 0 override(s) in child classes
[08set.2026 23:15:10.591] [Render thread/DEBUG] [mixin/]: fabric-lifecycle-events-v1.client.mixins.json:ClientPlayNetworkHandlerMixin from mod fabric_lifecycle_events_v1->@Inject::onGameJoin(Lnet/minecraft/network/protocol/game/ClientboundLoginPacket;Lorg/spongepowered/asm/mixin/injection/callback/CallbackInfo;)V won't be passed a CallbackInfo as a result
[08set.2026 23:15:10.591] [Render thread/DEBUG] [mixin/]: fabric-lifecycle-events-v1.client.mixins.json:ClientPlayNetworkHandlerMixin from mod fabric_lifecycle_events_v1->@Inject::onClearWorld(Lorg/spongepowered/asm/mixin/injection/callback/CallbackInfo;)V doesn't use it's CallbackInfo
[08set.2026 23:15:10.591] [Render thread/DEBUG] [mixin/]: fabric-lifecycle-events-v1.client.mixins.json:ClientPlayNetworkHandlerMixin from mod fabric_lifecycle_events_v1->@Inject::onClearWorld(Lorg/spongepowered/asm/mixin/injection/callback/CallbackInfo;)V has 0 override(s) in child classes
[08set.2026 23:15:10.591] [Render thread/DEBUG] [mixin/]: fabric-lifecycle-events-v1.client.mixins.json:ClientPlayNetworkHandlerMixin from mod fabric_lifecycle_events_v1->@Inject::onClearWorld(Lorg/spongepowered/asm/mixin/injection/callback/CallbackInfo;)V won't be passed a CallbackInfo as a result
[08set.2026 23:15:10.607] [Render thread/DEBUG] [mixin/]: Mixing ClientCommandSourceMixin from fabric-command-api-v2.client.mixins.json into net.minecraft.client.multiplayer.ClientSuggestionProvider
[08set.2026 23:15:10.608] [Render thread/DEBUG] [mixin/]: fabric-command-api-v2.client.mixins.json:ClientCommandSourceMixin from mod fabric_command_api_v2: Class version 65 required is higher than the class version supported by the current version of Mixin (JAVA_17 supports class version 61)
[08set.2026 23:15:10.617] [Netty Server IO #1/DEBUG] [net.neoforged.neoforge.network.filters.NetworkFilters/]: Injected net.neoforged.neoforge.network.filters.GenericPacketSplitter@440bf013 into net.minecraft.network.Connection@43d891cf
[08set.2026 23:15:10.634] [Server thread/DEBUG] [mixin/]: Mixing PlayerAdvancementTrackerMixin from fabric-events-interaction-v0.mixins.json into net.minecraft.server.PlayerAdvancements
[08set.2026 23:15:10.634] [Server thread/DEBUG] [mixin/]: fabric-events-interaction-v0.mixins.json:PlayerAdvancementTrackerMixin from mod fabric_events_interaction_v0: Class version 65 required is higher than the class version supported by the current version of Mixin (JAVA_17 supports class version 61)
[08set.2026 23:15:10.635] [Server thread/DEBUG] [mixin/]: fabric-events-interaction-v0.mixins.json:PlayerAdvancementTrackerMixin from mod fabric_events_interaction_v0->@Inject::preventOwnerOverride(Lnet/minecraft/server/level/ServerPlayer;Lorg/spongepowered/asm/mixin/injection/callback/CallbackInfo;)V does use it's CallbackInfo
[08set.2026 23:15:10.635] [Server thread/DEBUG] [mixin/]: fabric-events-interaction-v0.mixins.json:PlayerAdvancementTrackerMixin from mod fabric_events_interaction_v0->@Inject::preventGrantCriterion(Lnet/minecraft/advancements/AdvancementHolder;Ljava/lang/String;Lorg/spongepowered/asm/mixin/injection/callback/CallbackInfoReturnable;)V does use it's CallbackInfoReturnable
[08set.2026 23:15:10.677] [Server thread/INFO] [net.minecraft.server.players.PlayerList/]: Dev[local:E:f62e8665] logged in with entity id 95 at (22.14307669619055, 63.0, 88.0585047016781)
[08set.2026 23:15:10.678] [Server thread/DEBUG] [mixin/]: Mixing ServerPlayNetworkHandlerMixin from fabric-networking-api-v1.mixins.json into net.minecraft.server.network.ServerGamePacketListenerImpl
[08set.2026 23:15:10.678] [Server thread/DEBUG] [mixin/]: fabric-networking-api-v1.mixins.json:ServerPlayNetworkHandlerMixin from mod fabric_networking_api_v1: Class version 65 required is higher than the class version supported by the current version of Mixin (JAVA_17 supports class version 61)
[08set.2026 23:15:10.679] [Server thread/DEBUG] [mixin/]: fabric-networking-api-v1.mixins.json:ServerPlayNetworkHandlerMixin from mod fabric_networking_api_v1->@Inject::initAddon(Lorg/spongepowered/asm/mixin/injection/callback/CallbackInfo;)V doesn't use it's CallbackInfo
[08set.2026 23:15:10.679] [Server thread/DEBUG] [mixin/]: fabric-networking-api-v1.mixins.json:ServerPlayNetworkHandlerMixin from mod fabric_networking_api_v1->@Inject::initAddon(Lorg/spongepowered/asm/mixin/injection/callback/CallbackInfo;)V has 0 override(s) in child classes
[08set.2026 23:15:10.679] [Server thread/DEBUG] [mixin/]: fabric-networking-api-v1.mixins.json:ServerPlayNetworkHandlerMixin from mod fabric_networking_api_v1->@Inject::initAddon(Lorg/spongepowered/asm/mixin/injection/callback/CallbackInfo;)V won't be passed a CallbackInfo as a result
[08set.2026 23:15:10.706] [Render thread/DEBUG] [mixin/]: Mixing client.MultiPlayerGameModeMixin from lodestone.mixins.json into net.minecraft.client.multiplayer.MultiPlayerGameMode
[08set.2026 23:15:10.706] [Render thread/DEBUG] [mixin/]: lodestone.mixins.json:client.MultiPlayerGameModeMixin from mod lodestone: Class version 65 required is higher than the class version supported by the current version of Mixin (JAVA_17 supports class version 61)
[08set.2026 23:15:10.706] [Render thread/DEBUG] [mixin/]: Mixing ClientPlayerInteractionManagerMixin from fabric-events-interaction-v0.client.mixins.json into net.minecraft.client.multiplayer.MultiPlayerGameMode
[08set.2026 23:15:10.707] [Render thread/DEBUG] [mixin/]: fabric-events-interaction-v0.client.mixins.json:ClientPlayerInteractionManagerMixin from mod fabric_events_interaction_v0: Class version 65 required is higher than the class version supported by the current version of Mixin (JAVA_17 supports class version 61)
[08set.2026 23:15:10.710] [Render thread/DEBUG] [mixin/]: lodestone.mixins.json:client.MultiPlayerGameModeMixin from mod lodestone->@Inject::lodestone$CallExtendedStepSound(Lnet/minecraft/core/BlockPos;Lnet/minecraft/core/Direction;Lorg/spongepowered/asm/mixin/injection/callback/CallbackInfoReturnable;)V doesn't use it's CallbackInfoReturnable
[08set.2026 23:15:10.711] [Render thread/DEBUG] [mixin/]: lodestone.mixins.json:client.MultiPlayerGameModeMixin from mod lodestone->@Inject::lodestone$CallExtendedStepSound(Lnet/minecraft/core/BlockPos;Lnet/minecraft/core/Direction;Lorg/spongepowered/asm/mixin/injection/callback/CallbackInfoReturnable;)V has 0 override(s) in child classes
[08set.2026 23:15:10.711] [Render thread/DEBUG] [mixin/]: lodestone.mixins.json:client.MultiPlayerGameModeMixin from mod lodestone->@Inject::lodestone$CallExtendedStepSound(Lnet/minecraft/core/BlockPos;Lnet/minecraft/core/Direction;Lorg/spongepowered/asm/mixin/injection/callback/CallbackInfoReturnable;)V won't be passed a CallbackInfoReturnable as a result
[08set.2026 23:15:10.711] [Render thread/DEBUG] [mixin/]: fabric-events-interaction-v0.client.mixins.json:ClientPlayerInteractionManagerMixin from mod fabric_events_interaction_v0->@Inject::fabric$onBlockBroken(Lnet/minecraft/core/BlockPos;Lorg/spongepowered/asm/mixin/injection/callback/CallbackInfoReturnable;Lnet/minecraft/world/level/Level;Lnet/minecraft/world/level/block/state/BlockState;)V doesn't use it's CallbackInfoReturnable
[08set.2026 23:15:10.711] [Render thread/DEBUG] [mixin/]: fabric-events-interaction-v0.client.mixins.json:ClientPlayerInteractionManagerMixin from mod fabric_events_interaction_v0->@Inject::fabric$onBlockBroken(Lnet/minecraft/core/BlockPos;Lorg/spongepowered/asm/mixin/injection/callback/CallbackInfoReturnable;Lnet/minecraft/world/level/Level;Lnet/minecraft/world/level/block/state/BlockState;)V has 0 override(s) in child classes
[08set.2026 23:15:10.711] [Render thread/DEBUG] [mixin/]: fabric-events-interaction-v0.client.mixins.json:ClientPlayerInteractionManagerMixin from mod fabric_events_interaction_v0->@Inject::fabric$onBlockBroken(Lnet/minecraft/core/BlockPos;Lorg/spongepowered/asm/mixin/injection/callback/CallbackInfoReturnable;Lnet/minecraft/world/level/Level;Lnet/minecraft/world/level/block/state/BlockState;)V won't be passed a CallbackInfoReturnable as a result
[08set.2026 23:15:10.727] [Render thread/DEBUG] [mixin/]: Mixing ClientChunkManagerMixin from fabric-lifecycle-events-v1.client.mixins.json into net.minecraft.client.multiplayer.ClientChunkCache
[08set.2026 23:15:10.727] [Render thread/DEBUG] [mixin/]: fabric-lifecycle-events-v1.client.mixins.json:ClientChunkManagerMixin from mod fabric_lifecycle_events_v1: Class version 65 required is higher than the class version supported by the current version of Mixin (JAVA_17 supports class version 61)
[08set.2026 23:15:10.730] [Render thread/DEBUG] [mixin/]: fabric-lifecycle-events-v1.client.mixins.json:ClientChunkManagerMixin from mod fabric_lifecycle_events_v1->@Inject::onChunkUnload(IILnet/minecraft/network/FriendlyByteBuf;Lnet/minecraft/nbt/CompoundTag;Ljava/util/function/Consumer;Lorg/spongepowered/asm/mixin/injection/callback/CallbackInfoReturnable;ILnet/minecraft/world/level/chunk/LevelChunk;Lnet/minecraft/world/level/ChunkPos;)V doesn't use it's CallbackInfoReturnable
[08set.2026 23:15:10.730] [Render thread/DEBUG] [mixin/]: fabric-lifecycle-events-v1.client.mixins.json:ClientChunkManagerMixin from mod fabric_lifecycle_events_v1->@Inject::onChunkUnload(IILnet/minecraft/network/FriendlyByteBuf;Lnet/minecraft/nbt/CompoundTag;Ljava/util/function/Consumer;Lorg/spongepowered/asm/mixin/injection/callback/CallbackInfoReturnable;ILnet/minecraft/world/level/chunk/LevelChunk;Lnet/minecraft/world/level/ChunkPos;)V has 0 override(s) in child classes
[08set.2026 23:15:10.731] [Render thread/DEBUG] [mixin/]: fabric-lifecycle-events-v1.client.mixins.json:ClientChunkManagerMixin from mod fabric_lifecycle_events_v1->@Inject::onChunkUnload(IILnet/minecraft/network/FriendlyByteBuf;Lnet/minecraft/nbt/CompoundTag;Ljava/util/function/Consumer;Lorg/spongepowered/asm/mixin/injection/callback/CallbackInfoReturnable;ILnet/minecraft/world/level/chunk/LevelChunk;Lnet/minecraft/world/level/ChunkPos;)V won't be passed a CallbackInfoReturnable as a result
[08set.2026 23:15:10.731] [Render thread/DEBUG] [mixin/]: fabric-lifecycle-events-v1.client.mixins.json:ClientChunkManagerMixin from mod fabric_lifecycle_events_v1->@Inject::onUpdateLoadDistance(ILorg/spongepowered/asm/mixin/injection/callback/CallbackInfo;IILnet/minecraft/client/multiplayer/ClientChunkCache$Storage;ILnet/minecraft/world/level/chunk/LevelChunk;Lnet/minecraft/world/level/ChunkPos;)V doesn't use it's CallbackInfo
[08set.2026 23:15:10.731] [Render thread/DEBUG] [mixin/]: fabric-lifecycle-events-v1.client.mixins.json:ClientChunkManagerMixin from mod fabric_lifecycle_events_v1->@Inject::onUpdateLoadDistance(ILorg/spongepowered/asm/mixin/injection/callback/CallbackInfo;IILnet/minecraft/client/multiplayer/ClientChunkCache$Storage;ILnet/minecraft/world/level/chunk/LevelChunk;Lnet/minecraft/world/level/ChunkPos;)V has 0 override(s) in child classes
[08set.2026 23:15:10.731] [Render thread/DEBUG] [mixin/]: fabric-lifecycle-events-v1.client.mixins.json:ClientChunkManagerMixin from mod fabric_lifecycle_events_v1->@Inject::onUpdateLoadDistance(ILorg/spongepowered/asm/mixin/injection/callback/CallbackInfo;IILnet/minecraft/client/multiplayer/ClientChunkCache$Storage;ILnet/minecraft/world/level/chunk/LevelChunk;Lnet/minecraft/world/level/ChunkPos;)V won't be passed a CallbackInfo as a result
[08set.2026 23:15:10.747] [Render thread/DEBUG] [mixin/]: Mixing ClientWorldClientEntityHandlerMixin from fabric-lifecycle-events-v1.client.mixins.json into net.minecraft.client.multiplayer.ClientLevel$EntityCallbacks
[08set.2026 23:15:10.748] [Render thread/DEBUG] [mixin/]: fabric-lifecycle-events-v1.client.mixins.json:ClientWorldClientEntityHandlerMixin from mod fabric_lifecycle_events_v1: Class version 65 required is higher than the class version supported by the current version of Mixin (JAVA_17 supports class version 61)
[08set.2026 23:15:10.749] [Render thread/DEBUG] [mixin/]: fabric-lifecycle-events-v1.client.mixins.json:ClientWorldClientEntityHandlerMixin from mod fabric_lifecycle_events_v1->@Inject::invokeLoadEntity(Lnet/minecraft/world/entity/Entity;Lorg/spongepowered/asm/mixin/injection/callback/CallbackInfo;)V doesn't use it's CallbackInfo
[08set.2026 23:15:10.750] [Render thread/DEBUG] [mixin/]: fabric-lifecycle-events-v1.client.mixins.json:ClientWorldClientEntityHandlerMixin from mod fabric_lifecycle_events_v1->@Inject::invokeUnloadEntity(Lnet/minecraft/world/entity/Entity;Lorg/spongepowered/asm/mixin/injection/callback/CallbackInfo;)V doesn't use it's CallbackInfo
[08set.2026 23:15:10.800] [Render thread/DEBUG] [mixin/]: Mixing SectionBuilderMixin from fabric-renderer-indigo.mixins.json into net.minecraft.client.renderer.chunk.SectionCompiler
[08set.2026 23:15:10.800] [Render thread/DEBUG] [mixin/]: Renaming synthetic method lambda$hookBuild$0(Ljava/util/Map;Lnet/minecraft/client/renderer/SectionBufferBuilderPack;Lnet/minecraft/client/renderer/RenderType;)Lcom/mojang/blaze3d/vertex/BufferBuilder; to md61b50d$fabric_renderer_indigo$lambda$hookBuild$0$0 in fabric-renderer-indigo.mixins.json:SectionBuilderMixin from mod fabric_renderer_indigo
[08set.2026 23:15:10.804] [Render thread/DEBUG] [mixin/]: fabric-renderer-indigo.mixins.json:SectionBuilderMixin from mod fabric_renderer_indigo->@Inject::hookBuild(Lnet/minecraft/core/SectionPos;Lnet/minecraft/client/renderer/chunk/RenderChunkRegion;Lcom/mojang/blaze3d/vertex/VertexSorting;Lnet/minecraft/client/renderer/SectionBufferBuilderPack;Ljava/util/List;Lorg/spongepowered/asm/mixin/injection/callback/CallbackInfoReturnable;)V doesn't use it's CallbackInfoReturnable
[08set.2026 23:15:10.805] [Render thread/DEBUG] [mixin/]: fabric-renderer-indigo.mixins.json:SectionBuilderMixin from mod fabric_renderer_indigo->@Inject::hookBuild(Lnet/minecraft/core/SectionPos;Lnet/minecraft/client/renderer/chunk/RenderChunkRegion;Lcom/mojang/blaze3d/vertex/VertexSorting;Lnet/minecraft/client/renderer/SectionBufferBuilderPack;Ljava/util/List;Lorg/spongepowered/asm/mixin/injection/callback/CallbackInfoReturnable;)V has 0 override(s) in child classes
[08set.2026 23:15:10.805] [Render thread/DEBUG] [mixin/]: fabric-renderer-indigo.mixins.json:SectionBuilderMixin from mod fabric_renderer_indigo->@Inject::hookBuild(Lnet/minecraft/core/SectionPos;Lnet/minecraft/client/renderer/chunk/RenderChunkRegion;Lcom/mojang/blaze3d/vertex/VertexSorting;Lnet/minecraft/client/renderer/SectionBufferBuilderPack;Ljava/util/List;Lorg/spongepowered/asm/mixin/injection/callback/CallbackInfoReturnable;)V won't be passed a CallbackInfoReturnable as a result
[08set.2026 23:15:10.805] [Render thread/DEBUG] [mixin/]: fabric-renderer-indigo.mixins.json:SectionBuilderMixin from mod fabric_renderer_indigo->@Inject::hookBuildReturn(Lnet/minecraft/core/SectionPos;Lnet/minecraft/client/renderer/chunk/RenderChunkRegion;Lcom/mojang/blaze3d/vertex/VertexSorting;Lnet/minecraft/client/renderer/SectionBufferBuilderPack;Ljava/util/List;Lorg/spongepowered/asm/mixin/injection/callback/CallbackInfoReturnable;)V doesn't use it's CallbackInfoReturnable
[08set.2026 23:15:10.805] [Render thread/DEBUG] [mixin/]: fabric-renderer-indigo.mixins.json:SectionBuilderMixin from mod fabric_renderer_indigo->@Inject::hookBuildReturn(Lnet/minecraft/core/SectionPos;Lnet/minecraft/client/renderer/chunk/RenderChunkRegion;Lcom/mojang/blaze3d/vertex/VertexSorting;Lnet/minecraft/client/renderer/SectionBufferBuilderPack;Ljava/util/List;Lorg/spongepowered/asm/mixin/injection/callback/CallbackInfoReturnable;)V has 0 override(s) in child classes
[08set.2026 23:15:10.805] [Render thread/DEBUG] [mixin/]: fabric-renderer-indigo.mixins.json:SectionBuilderMixin from mod fabric_renderer_indigo->@Inject::hookBuildReturn(Lnet/minecraft/core/SectionPos;Lnet/minecraft/client/renderer/chunk/RenderChunkRegion;Lcom/mojang/blaze3d/vertex/VertexSorting;Lnet/minecraft/client/renderer/SectionBufferBuilderPack;Ljava/util/List;Lorg/spongepowered/asm/mixin/injection/callback/CallbackInfoReturnable;)V won't be passed a CallbackInfoReturnable as a result
[08set.2026 23:15:10.811] [Server thread/INFO] [net.minecraft.server.MinecraftServer/]: Dev joined the game
[08set.2026 23:15:10.815] [Render thread/DEBUG] [mixin/]: Mixing ChunkRenderTypeSetMixin from fabric-blockrenderlayer-v1.mixins.json into net.neoforged.neoforge.client.ChunkRenderTypeSet
[08set.2026 23:15:10.815] [Render thread/DEBUG] [mixin/]: fabric-blockrenderlayer-v1.mixins.json:ChunkRenderTypeSetMixin from mod fabric_blockrenderlayer_v1: Class version 65 required is higher than the class version supported by the current version of Mixin (JAVA_17 supports class version 61)
[08set.2026 23:15:10.977] [Render thread/DEBUG] [mixin/]: Mixing ClientCommandSourceMixin from fabric-command-api-v2.client.mixins.json into net.neoforged.neoforge.client.ClientCommandSourceStack
[08set.2026 23:15:10.977] [Render thread/DEBUG] [mixin/]: fabric-command-api-v2.client.mixins.json:ClientCommandSourceMixin from mod fabric_command_api_v2: Class version 65 required is higher than the class version supported by the current version of Mixin (JAVA_17 supports class version 61)
[08set.2026 23:15:11.090] [Render thread/INFO] [net.minecraft.advancements.AdvancementTree/]: Loaded 15 advancements
[08set.2026 23:15:11.254] [Render thread/DEBUG] [mixin/]: Mixing ChunkRendererRegionBuilderMixin from fabric-block-view-api-v2.client.mixins.json into net.minecraft.client.renderer.chunk.RenderRegionCache
[08set.2026 23:15:11.254] [Render thread/DEBUG] [mixin/]: fabric-block-view-api-v2.client.mixins.json:ChunkRendererRegionBuilderMixin from mod fabric_block_view_api_v2: Class version 65 required is higher than the class version supported by the current version of Mixin (JAVA_17 supports class version 61)
[08set.2026 23:15:11.265] [Render thread/DEBUG] [mixin/]: fabric-block-view-api-v2.client.mixins.json:ChunkRendererRegionBuilderMixin from mod fabric_block_view_api_v2->@Inject::copyDataForChunk(Lnet/minecraft/world/level/Level;Lnet/minecraft/core/SectionPos;ZLorg/spongepowered/asm/mixin/injection/callback/CallbackInfoReturnable;)V doesn't use it's CallbackInfoReturnable
[08set.2026 23:15:11.265] [Render thread/DEBUG] [mixin/]: fabric-block-view-api-v2.client.mixins.json:ChunkRendererRegionBuilderMixin from mod fabric_block_view_api_v2->@Inject::copyDataForChunk(Lnet/minecraft/world/level/Level;Lnet/minecraft/core/SectionPos;ZLorg/spongepowered/asm/mixin/injection/callback/CallbackInfoReturnable;)V has 0 override(s) in child classes
[08set.2026 23:15:11.265] [Render thread/DEBUG] [mixin/]: fabric-block-view-api-v2.client.mixins.json:ChunkRendererRegionBuilderMixin from mod fabric_block_view_api_v2->@Inject::copyDataForChunk(Lnet/minecraft/world/level/Level;Lnet/minecraft/core/SectionPos;ZLorg/spongepowered/asm/mixin/injection/callback/CallbackInfoReturnable;)V won't be passed a CallbackInfoReturnable as a result
[08set.2026 23:15:11.265] [Render thread/DEBUG] [mixin/]: fabric-block-view-api-v2.client.mixins.json:ChunkRendererRegionBuilderMixin from mod fabric_block_view_api_v2->@Inject::createDataMap(Lnet/minecraft/world/level/Level;Lnet/minecraft/core/SectionPos;ZLorg/spongepowered/asm/mixin/injection/callback/CallbackInfoReturnable;)V does use it's CallbackInfoReturnable
[08set.2026 23:15:11.298] [Render thread/DEBUG] [mixin/]: Mixing client.OverlayMixin from elementals.mixins.json into net.minecraft.client.renderer.ScreenEffectRenderer
[08set.2026 23:15:11.299] [Render thread/DEBUG] [mixin/]: elementals.mixins.json:client.OverlayMixin from mod elementals: Class version 65 required is higher than the class version supported by the current version of Mixin (JAVA_18 supports class version 62)
[08set.2026 23:15:11.303] [Render thread/DEBUG] [mixin/]: elementals.mixins.json:client.OverlayMixin from mod elementals->@Inject::renderWaterOverlay(Lnet/minecraft/client/Minecraft;Lcom/mojang/blaze3d/vertex/PoseStack;Lorg/spongepowered/asm/mixin/injection/callback/CallbackInfo;)V doesn't use it's CallbackInfo
[08set.2026 23:15:11.437] [Render thread/DEBUG] [mixin/]: Mixing ChunkRendererRegionMixin from fabric-renderer-indigo.mixins.json into net.minecraft.client.renderer.chunk.RenderChunkRegion
[08set.2026 23:15:11.438] [Render thread/DEBUG] [mixin/]: Mixing ChunkRendererRegionMixin from fabric-block-view-api-v2.client.mixins.json into net.minecraft.client.renderer.chunk.RenderChunkRegion
[08set.2026 23:15:11.438] [Render thread/DEBUG] [mixin/]: fabric-block-view-api-v2.client.mixins.json:ChunkRendererRegionMixin from mod fabric_block_view_api_v2: Class version 65 required is higher than the class version supported by the current version of Mixin (JAVA_17 supports class version 61)
[08set.2026 23:15:11.439] [Render thread/DEBUG] [mixin/]: Mixing ChunkRendererRegionMixin from fabric-rendering-data-attachment-v1.client.mixins.json into net.minecraft.client.renderer.chunk.RenderChunkRegion
[08set.2026 23:15:11.439] [Render thread/DEBUG] [mixin/]: fabric-rendering-data-attachment-v1.client.mixins.json:ChunkRendererRegionMixin from mod fabric_rendering_data_attachment_v1: Class version 65 required is higher than the class version supported by the current version of Mixin (JAVA_17 supports class version 61)
[08set.2026 23:15:19.721] [Render thread/WARN] [net.minecraft.client.renderer.texture.TextureManager/]: Failed to load texture: elementals:textures/gui/avatar_upgrade_button.png
java.io.FileNotFoundException: elementals:textures/gui/avatar_upgrade_button.png
	at TRANSFORMER/minecraft@1.21.1/net.minecraft.server.packs.resources.ResourceProvider.lambda$getResourceOrThrow$1(ResourceProvider.java:18) ~[neoforge-21.1.235.jar%23189!/:?]
	at java.base/java.util.Optional.orElseThrow(Optional.java:403) ~[?:?]
	at TRANSFORMER/minecraft@1.21.1/net.minecraft.server.packs.resources.ResourceProvider.getResourceOrThrow(ResourceProvider.java:18) ~[neoforge-21.1.235.jar%23189!/:?]
	at TRANSFORMER/geckolib@4.8.4/software.bernie.geckolib.cache.texture.AnimatableTexture.load(AnimatableTexture.java:40) ~[geckolib-neoforge-1.21.1-4.8.4.jar%23195!/:4.8.4]
	at TRANSFORMER/minecraft@1.21.1/net.minecraft.client.renderer.texture.TextureManager.loadTexture(TextureManager.java:92) ~[neoforge-21.1.235.jar%23189!/:?]
	at TRANSFORMER/minecraft@1.21.1/net.minecraft.client.renderer.texture.TextureManager.register(TextureManager.java:63) ~[neoforge-21.1.235.jar%23189!/:?]
	at TRANSFORMER/minecraft@1.21.1/net.minecraft.client.renderer.texture.TextureManager.wrapOperation$zba000$geckolib$replaceAnimatableTexture(TextureManager.java:1031) ~[neoforge-21.1.235.jar%23189!/:?]
	at TRANSFORMER/minecraft@1.21.1/net.minecraft.client.renderer.texture.TextureManager.getTexture(TextureManager.java:112) ~[neoforge-21.1.235.jar%23189!/:?]
	at TRANSFORMER/minecraft@1.21.1/com.mojang.blaze3d.systems.RenderSystem._setShaderTexture(RenderSystem.java:725) ~[neoforge-21.1.235.jar%23189!/:?]
	at TRANSFORMER/minecraft@1.21.1/com.mojang.blaze3d.systems.RenderSystem.setShaderTexture(RenderSystem.java:718) ~[neoforge-21.1.235.jar%23189!/:?]
	at TRANSFORMER/minecraft@1.21.1/net.minecraft.client.gui.GuiGraphics.innerBlit(GuiGraphics.java:965) ~[neoforge-21.1.235.jar%23189!/:?]
	at TRANSFORMER/minecraft@1.21.1/net.minecraft.client.gui.GuiGraphics.blit(GuiGraphics.java:923) ~[neoforge-21.1.235.jar%23189!/:?]
	at TRANSFORMER/minecraft@1.21.1/net.minecraft.client.gui.GuiGraphics.blit(GuiGraphics.java:865) ~[neoforge-21.1.235.jar%23189!/:?]
	at TRANSFORMER/minecraft@1.21.1/net.minecraft.client.gui.GuiGraphics.blit(GuiGraphics.java:888) ~[neoforge-21.1.235.jar%23189!/:?]
	at TRANSFORMER/elementals@5.0.0/dev.saperate.elementals.client.gui.ChiHudOverlay.render(ChiHudOverlay.java:31) ~[elementals-neoforge-1.21.1-5.0.0.jar%23193!/:5.0.0]
	at TRANSFORMER/neoforge@21.1.235/net.neoforged.neoforge.client.gui.GuiLayerManager.renderInner(GuiLayerManager.java:69) ~[neoforge-21.1.235.jar%23190!/:?]
	at TRANSFORMER/neoforge@21.1.235/net.neoforged.neoforge.client.gui.GuiLayerManager.render(GuiLayerManager.java:59) ~[neoforge-21.1.235.jar%23190!/:?]
	at TRANSFORMER/minecraft@1.21.1/net.minecraft.client.gui.Gui.render(Gui.java:261) ~[neoforge-21.1.235.jar%23189!/:?]
	at TRANSFORMER/minecraft@1.21.1/net.minecraft.client.renderer.GameRenderer.render(GameRenderer.java:1079) ~[neoforge-21.1.235.jar%23189!/:?]
	at TRANSFORMER/minecraft@1.21.1/net.minecraft.client.Minecraft.runTick(Minecraft.java:1201) ~[neoforge-21.1.235.jar%23189!/:?]
	at TRANSFORMER/minecraft@1.21.1/net.minecraft.client.Minecraft.run(Minecraft.java:813) ~[neoforge-21.1.235.jar%23189!/:?]
	at TRANSFORMER/minecraft@1.21.1/net.minecraft.client.main.Main.main(Main.java:230) ~[neoforge-21.1.235.jar%23189!/:?]
	at java.base/jdk.internal.reflect.DirectMethodHandleAccessor.invoke(DirectMethodHandleAccessor.java:103) ~[?:?]
	at java.base/java.lang.reflect.Method.invoke(Method.java:580) ~[?:?]
	at MC-BOOTSTRAP/fml_loader@4.0.42/net.neoforged.fml.loading.targets.CommonLaunchHandler.runTarget(CommonLaunchHandler.java:136) ~[loader-4.0.42.jar%23146!/:4.0]
	at MC-BOOTSTRAP/fml_loader@4.0.42/net.neoforged.fml.loading.targets.CommonLaunchHandler.clientService(CommonLaunchHandler.java:124) ~[loader-4.0.42.jar%23146!/:4.0]
	at MC-BOOTSTRAP/fml_loader@4.0.42/net.neoforged.fml.loading.targets.NeoForgeClientDevLaunchHandler.runService(NeoForgeClientDevLaunchHandler.java:23) ~[loader-4.0.42.jar%23146!/:4.0]
	at MC-BOOTSTRAP/fml_loader@4.0.42/net.neoforged.fml.loading.targets.CommonLaunchHandler.lambda$launchService$4(CommonLaunchHandler.java:118) ~[loader-4.0.42.jar%23146!/:4.0]
	at MC-BOOTSTRAP/cpw.mods.modlauncher@11.0.5/cpw.mods.modlauncher.LaunchServiceHandlerDecorator.launch(LaunchServiceHandlerDecorator.java:30) [modlauncher-11.0.5.jar%23128!/:?]
	at MC-BOOTSTRAP/cpw.mods.modlauncher@11.0.5/cpw.mods.modlauncher.LaunchServiceHandler.launch(LaunchServiceHandler.java:53) [modlauncher-11.0.5.jar%23128!/:?]
	at MC-BOOTSTRAP/cpw.mods.modlauncher@11.0.5/cpw.mods.modlauncher.LaunchServiceHandler.launch(LaunchServiceHandler.java:71) [modlauncher-11.0.5.jar%23128!/:?]
	at MC-BOOTSTRAP/cpw.mods.modlauncher@11.0.5/cpw.mods.modlauncher.Launcher.run(Launcher.java:103) [modlauncher-11.0.5.jar%23128!/:?]
	at MC-BOOTSTRAP/cpw.mods.modlauncher@11.0.5/cpw.mods.modlauncher.Launcher.main(Launcher.java:74) [modlauncher-11.0.5.jar%23128!/:?]
	at MC-BOOTSTRAP/cpw.mods.modlauncher@11.0.5/cpw.mods.modlauncher.BootstrapLaunchConsumer.accept(BootstrapLaunchConsumer.java:26) [modlauncher-11.0.5.jar%23128!/:?]
	at MC-BOOTSTRAP/cpw.mods.modlauncher@11.0.5/cpw.mods.modlauncher.BootstrapLaunchConsumer.accept(BootstrapLaunchConsumer.java:23) [modlauncher-11.0.5.jar%23128!/:?]
	at cpw.mods.bootstraplauncher@2.0.2/cpw.mods.bootstraplauncher.BootstrapLauncher.run(BootstrapLauncher.java:210) [bootstraplauncher-2.0.2.jar:?]
	at cpw.mods.bootstraplauncher@2.0.2/cpw.mods.bootstraplauncher.BootstrapLauncher.main(BootstrapLauncher.java:69) [bootstraplauncher-2.0.2.jar:?]
	at java.base/jdk.internal.reflect.DirectMethodHandleAccessor.invoke(DirectMethodHandleAccessor.java:103) ~[?:?]
	at java.base/java.lang.reflect.Method.invoke(Method.java:580) ~[?:?]
	at net.neoforged.devlaunch.Main.main(Main.java:57) [DevLaunch-1.0.2.jar:?]
[08set.2026 23:15:19.724] [Render thread/WARN] [net.minecraft.client.renderer.texture.TextureManager/]: Failed to load texture: elementals:textures/gui/avatar_upgrade_button.png
java.io.FileNotFoundException: elementals:textures/gui/avatar_upgrade_button.png
	at TRANSFORMER/minecraft@1.21.1/net.minecraft.server.packs.resources.ResourceProvider.lambda$getResourceOrThrow$1(ResourceProvider.java:18) ~[neoforge-21.1.235.jar%23189!/:?]
	at java.base/java.util.Optional.orElseThrow(Optional.java:403) ~[?:?]
	at TRANSFORMER/minecraft@1.21.1/net.minecraft.server.packs.resources.ResourceProvider.getResourceOrThrow(ResourceProvider.java:18) ~[neoforge-21.1.235.jar%23189!/:?]
	at TRANSFORMER/minecraft@1.21.1/net.minecraft.client.renderer.texture.SimpleTexture$TextureImage.load(SimpleTexture.java:83) ~[neoforge-21.1.235.jar%23189!/:?]
	at TRANSFORMER/minecraft@1.21.1/net.minecraft.client.renderer.texture.SimpleTexture.getTextureImage(SimpleTexture.java:57) ~[neoforge-21.1.235.jar%23189!/:?]
	at TRANSFORMER/minecraft@1.21.1/net.minecraft.client.renderer.texture.SimpleTexture.load(SimpleTexture.java:30) ~[neoforge-21.1.235.jar%23189!/:?]
	at TRANSFORMER/minecraft@1.21.1/net.minecraft.client.renderer.texture.TextureManager.loadTexture(TextureManager.java:92) ~[neoforge-21.1.235.jar%23189!/:?]
	at TRANSFORMER/minecraft@1.21.1/net.minecraft.client.renderer.texture.TextureManager.register(TextureManager.java:63) ~[neoforge-21.1.235.jar%23189!/:?]
	at TRANSFORMER/minecraft@1.21.1/net.minecraft.client.renderer.texture.TextureManager.getTexture(TextureManager.java:113) ~[neoforge-21.1.235.jar%23189!/:?]
	at TRANSFORMER/minecraft@1.21.1/com.mojang.blaze3d.systems.RenderSystem._setShaderTexture(RenderSystem.java:725) ~[neoforge-21.1.235.jar%23189!/:?]
	at TRANSFORMER/minecraft@1.21.1/com.mojang.blaze3d.systems.RenderSystem.setShaderTexture(RenderSystem.java:718) ~[neoforge-21.1.235.jar%23189!/:?]
	at TRANSFORMER/minecraft@1.21.1/net.minecraft.client.gui.GuiGraphics.innerBlit(GuiGraphics.java:965) ~[neoforge-21.1.235.jar%23189!/:?]
	at TRANSFORMER/minecraft@1.21.1/net.minecraft.client.gui.GuiGraphics.blit(GuiGraphics.java:923) ~[neoforge-21.1.235.jar%23189!/:?]
	at TRANSFORMER/minecraft@1.21.1/net.minecraft.client.gui.GuiGraphics.blit(GuiGraphics.java:865) ~[neoforge-21.1.235.jar%23189!/:?]
	at TRANSFORMER/minecraft@1.21.1/net.minecraft.client.gui.GuiGraphics.blit(GuiGraphics.java:888) ~[neoforge-21.1.235.jar%23189!/:?]
	at TRANSFORMER/elementals@5.0.0/dev.saperate.elementals.client.gui.ChiHudOverlay.render(ChiHudOverlay.java:31) ~[elementals-neoforge-1.21.1-5.0.0.jar%23193!/:5.0.0]
	at TRANSFORMER/neoforge@21.1.235/net.neoforged.neoforge.client.gui.GuiLayerManager.renderInner(GuiLayerManager.java:69) ~[neoforge-21.1.235.jar%23190!/:?]
	at TRANSFORMER/neoforge@21.1.235/net.neoforged.neoforge.client.gui.GuiLayerManager.render(GuiLayerManager.java:59) ~[neoforge-21.1.235.jar%23190!/:?]
	at TRANSFORMER/minecraft@1.21.1/net.minecraft.client.gui.Gui.render(Gui.java:261) ~[neoforge-21.1.235.jar%23189!/:?]
	at TRANSFORMER/minecraft@1.21.1/net.minecraft.client.renderer.GameRenderer.render(GameRenderer.java:1079) ~[neoforge-21.1.235.jar%23189!/:?]
	at TRANSFORMER/minecraft@1.21.1/net.minecraft.client.Minecraft.runTick(Minecraft.java:1201) ~[neoforge-21.1.235.jar%23189!/:?]
	at TRANSFORMER/minecraft@1.21.1/net.minecraft.client.Minecraft.run(Minecraft.java:813) ~[neoforge-21.1.235.jar%23189!/:?]
	at TRANSFORMER/minecraft@1.21.1/net.minecraft.client.main.Main.main(Main.java:230) ~[neoforge-21.1.235.jar%23189!/:?]
	at java.base/jdk.internal.reflect.DirectMethodHandleAccessor.invoke(DirectMethodHandleAccessor.java:103) ~[?:?]
	at java.base/java.lang.reflect.Method.invoke(Method.java:580) ~[?:?]
	at MC-BOOTSTRAP/fml_loader@4.0.42/net.neoforged.fml.loading.targets.CommonLaunchHandler.runTarget(CommonLaunchHandler.java:136) ~[loader-4.0.42.jar%23146!/:4.0]
	at MC-BOOTSTRAP/fml_loader@4.0.42/net.neoforged.fml.loading.targets.CommonLaunchHandler.clientService(CommonLaunchHandler.java:124) ~[loader-4.0.42.jar%23146!/:4.0]
	at MC-BOOTSTRAP/fml_loader@4.0.42/net.neoforged.fml.loading.targets.NeoForgeClientDevLaunchHandler.runService(NeoForgeClientDevLaunchHandler.java:23) ~[loader-4.0.42.jar%23146!/:4.0]
	at MC-BOOTSTRAP/fml_loader@4.0.42/net.neoforged.fml.loading.targets.CommonLaunchHandler.lambda$launchService$4(CommonLaunchHandler.java:118) ~[loader-4.0.42.jar%23146!/:4.0]
	at MC-BOOTSTRAP/cpw.mods.modlauncher@11.0.5/cpw.mods.modlauncher.LaunchServiceHandlerDecorator.launch(LaunchServiceHandlerDecorator.java:30) [modlauncher-11.0.5.jar%23128!/:?]
	at MC-BOOTSTRAP/cpw.mods.modlauncher@11.0.5/cpw.mods.modlauncher.LaunchServiceHandler.launch(LaunchServiceHandler.java:53) [modlauncher-11.0.5.jar%23128!/:?]
	at MC-BOOTSTRAP/cpw.mods.modlauncher@11.0.5/cpw.mods.modlauncher.LaunchServiceHandler.launch(LaunchServiceHandler.java:71) [modlauncher-11.0.5.jar%23128!/:?]
	at MC-BOOTSTRAP/cpw.mods.modlauncher@11.0.5/cpw.mods.modlauncher.Launcher.run(Launcher.java:103) [modlauncher-11.0.5.jar%23128!/:?]
	at MC-BOOTSTRAP/cpw.mods.modlauncher@11.0.5/cpw.mods.modlauncher.Launcher.main(Launcher.java:74) [modlauncher-11.0.5.jar%23128!/:?]
	at MC-BOOTSTRAP/cpw.mods.modlauncher@11.0.5/cpw.mods.modlauncher.BootstrapLaunchConsumer.accept(BootstrapLaunchConsumer.java:26) [modlauncher-11.0.5.jar%23128!/:?]
	at MC-BOOTSTRAP/cpw.mods.modlauncher@11.0.5/cpw.mods.modlauncher.BootstrapLaunchConsumer.accept(BootstrapLaunchConsumer.java:23) [modlauncher-11.0.5.jar%23128!/:?]
	at cpw.mods.bootstraplauncher@2.0.2/cpw.mods.bootstraplauncher.BootstrapLauncher.run(BootstrapLauncher.java:210) [bootstraplauncher-2.0.2.jar:?]
	at cpw.mods.bootstraplauncher@2.0.2/cpw.mods.bootstraplauncher.BootstrapLauncher.main(BootstrapLauncher.java:69) [bootstraplauncher-2.0.2.jar:?]
	at java.base/jdk.internal.reflect.DirectMethodHandleAccessor.invoke(DirectMethodHandleAccessor.java:103) ~[?:?]
	at java.base/java.lang.reflect.Method.invoke(Method.java:580) ~[?:?]
	at net.neoforged.devlaunch.Main.main(Main.java:57) [DevLaunch-1.0.2.jar:?]
[08set.2026 23:15:21.558] [Render thread/WARN] [net.minecraft.client.renderer.texture.TextureManager/]: Failed to load texture: elementals:textures/gui/energy_upgrade_button.png
java.io.FileNotFoundException: elementals:textures/gui/energy_upgrade_button.png
	at TRANSFORMER/minecraft@1.21.1/net.minecraft.server.packs.resources.ResourceProvider.lambda$getResourceOrThrow$1(ResourceProvider.java:18) ~[neoforge-21.1.235.jar%23189!/:?]
	at java.base/java.util.Optional.orElseThrow(Optional.java:403) ~[?:?]
	at TRANSFORMER/minecraft@1.21.1/net.minecraft.server.packs.resources.ResourceProvider.getResourceOrThrow(ResourceProvider.java:18) ~[neoforge-21.1.235.jar%23189!/:?]
	at TRANSFORMER/geckolib@4.8.4/software.bernie.geckolib.cache.texture.AnimatableTexture.load(AnimatableTexture.java:40) ~[geckolib-neoforge-1.21.1-4.8.4.jar%23195!/:4.8.4]
	at TRANSFORMER/minecraft@1.21.1/net.minecraft.client.renderer.texture.TextureManager.loadTexture(TextureManager.java:92) ~[neoforge-21.1.235.jar%23189!/:?]
	at TRANSFORMER/minecraft@1.21.1/net.minecraft.client.renderer.texture.TextureManager.register(TextureManager.java:63) ~[neoforge-21.1.235.jar%23189!/:?]
	at TRANSFORMER/minecraft@1.21.1/net.minecraft.client.renderer.texture.TextureManager.wrapOperation$zba000$geckolib$replaceAnimatableTexture(TextureManager.java:1031) ~[neoforge-21.1.235.jar%23189!/:?]
	at TRANSFORMER/minecraft@1.21.1/net.minecraft.client.renderer.texture.TextureManager.getTexture(TextureManager.java:112) ~[neoforge-21.1.235.jar%23189!/:?]
	at TRANSFORMER/minecraft@1.21.1/com.mojang.blaze3d.systems.RenderSystem._setShaderTexture(RenderSystem.java:725) ~[neoforge-21.1.235.jar%23189!/:?]
	at TRANSFORMER/minecraft@1.21.1/com.mojang.blaze3d.systems.RenderSystem.setShaderTexture(RenderSystem.java:718) ~[neoforge-21.1.235.jar%23189!/:?]
	at TRANSFORMER/minecraft@1.21.1/net.minecraft.client.gui.GuiGraphics.innerBlit(GuiGraphics.java:965) ~[neoforge-21.1.235.jar%23189!/:?]
	at TRANSFORMER/minecraft@1.21.1/net.minecraft.client.gui.GuiGraphics.blit(GuiGraphics.java:923) ~[neoforge-21.1.235.jar%23189!/:?]
	at TRANSFORMER/minecraft@1.21.1/net.minecraft.client.gui.GuiGraphics.blit(GuiGraphics.java:865) ~[neoforge-21.1.235.jar%23189!/:?]
	at TRANSFORMER/minecraft@1.21.1/net.minecraft.client.gui.GuiGraphics.blit(GuiGraphics.java:888) ~[neoforge-21.1.235.jar%23189!/:?]
	at TRANSFORMER/elementals@5.0.0/dev.saperate.elementals.client.gui.ChiHudOverlay.render(ChiHudOverlay.java:31) ~[elementals-neoforge-1.21.1-5.0.0.jar%23193!/:5.0.0]
	at TRANSFORMER/neoforge@21.1.235/net.neoforged.neoforge.client.gui.GuiLayerManager.renderInner(GuiLayerManager.java:69) ~[neoforge-21.1.235.jar%23190!/:?]
	at TRANSFORMER/neoforge@21.1.235/net.neoforged.neoforge.client.gui.GuiLayerManager.render(GuiLayerManager.java:59) ~[neoforge-21.1.235.jar%23190!/:?]
	at TRANSFORMER/minecraft@1.21.1/net.minecraft.client.gui.Gui.render(Gui.java:261) ~[neoforge-21.1.235.jar%23189!/:?]
	at TRANSFORMER/minecraft@1.21.1/net.minecraft.client.renderer.GameRenderer.render(GameRenderer.java:1079) ~[neoforge-21.1.235.jar%23189!/:?]
	at TRANSFORMER/minecraft@1.21.1/net.minecraft.client.Minecraft.runTick(Minecraft.java:1201) ~[neoforge-21.1.235.jar%23189!/:?]
	at TRANSFORMER/minecraft@1.21.1/net.minecraft.client.Minecraft.run(Minecraft.java:813) ~[neoforge-21.1.235.jar%23189!/:?]
	at TRANSFORMER/minecraft@1.21.1/net.minecraft.client.main.Main.main(Main.java:230) ~[neoforge-21.1.235.jar%23189!/:?]
	at java.base/jdk.internal.reflect.DirectMethodHandleAccessor.invoke(DirectMethodHandleAccessor.java:103) ~[?:?]
	at java.base/java.lang.reflect.Method.invoke(Method.java:580) ~[?:?]
	at MC-BOOTSTRAP/fml_loader@4.0.42/net.neoforged.fml.loading.targets.CommonLaunchHandler.runTarget(CommonLaunchHandler.java:136) ~[loader-4.0.42.jar%23146!/:4.0]
	at MC-BOOTSTRAP/fml_loader@4.0.42/net.neoforged.fml.loading.targets.CommonLaunchHandler.clientService(CommonLaunchHandler.java:124) ~[loader-4.0.42.jar%23146!/:4.0]
	at MC-BOOTSTRAP/fml_loader@4.0.42/net.neoforged.fml.loading.targets.NeoForgeClientDevLaunchHandler.runService(NeoForgeClientDevLaunchHandler.java:23) ~[loader-4.0.42.jar%23146!/:4.0]
	at MC-BOOTSTRAP/fml_loader@4.0.42/net.neoforged.fml.loading.targets.CommonLaunchHandler.lambda$launchService$4(CommonLaunchHandler.java:118) ~[loader-4.0.42.jar%23146!/:4.0]
	at MC-BOOTSTRAP/cpw.mods.modlauncher@11.0.5/cpw.mods.modlauncher.LaunchServiceHandlerDecorator.launch(LaunchServiceHandlerDecorator.java:30) [modlauncher-11.0.5.jar%23128!/:?]
	at MC-BOOTSTRAP/cpw.mods.modlauncher@11.0.5/cpw.mods.modlauncher.LaunchServiceHandler.launch(LaunchServiceHandler.java:53) [modlauncher-11.0.5.jar%23128!/:?]
	at MC-BOOTSTRAP/cpw.mods.modlauncher@11.0.5/cpw.mods.modlauncher.LaunchServiceHandler.launch(LaunchServiceHandler.java:71) [modlauncher-11.0.5.jar%23128!/:?]
	at MC-BOOTSTRAP/cpw.mods.modlauncher@11.0.5/cpw.mods.modlauncher.Launcher.run(Launcher.java:103) [modlauncher-11.0.5.jar%23128!/:?]
	at MC-BOOTSTRAP/cpw.mods.modlauncher@11.0.5/cpw.mods.modlauncher.Launcher.main(Launcher.java:74) [modlauncher-11.0.5.jar%23128!/:?]
	at MC-BOOTSTRAP/cpw.mods.modlauncher@11.0.5/cpw.mods.modlauncher.BootstrapLaunchConsumer.accept(BootstrapLaunchConsumer.java:26) [modlauncher-11.0.5.jar%23128!/:?]
	at MC-BOOTSTRAP/cpw.mods.modlauncher@11.0.5/cpw.mods.modlauncher.BootstrapLaunchConsumer.accept(BootstrapLaunchConsumer.java:23) [modlauncher-11.0.5.jar%23128!/:?]
	at cpw.mods.bootstraplauncher@2.0.2/cpw.mods.bootstraplauncher.BootstrapLauncher.run(BootstrapLauncher.java:210) [bootstraplauncher-2.0.2.jar:?]
	at cpw.mods.bootstraplauncher@2.0.2/cpw.mods.bootstraplauncher.BootstrapLauncher.main(BootstrapLauncher.java:69) [bootstraplauncher-2.0.2.jar:?]
	at java.base/jdk.internal.reflect.DirectMethodHandleAccessor.invoke(DirectMethodHandleAccessor.java:103) ~[?:?]
	at java.base/java.lang.reflect.Method.invoke(Method.java:580) ~[?:?]
	at net.neoforged.devlaunch.Main.main(Main.java:57) [DevLaunch-1.0.2.jar:?]
[08set.2026 23:15:21.560] [Render thread/WARN] [net.minecraft.client.renderer.texture.TextureManager/]: Failed to load texture: elementals:textures/gui/energy_upgrade_button.png
java.io.FileNotFoundException: elementals:textures/gui/energy_upgrade_button.png
	at TRANSFORMER/minecraft@1.21.1/net.minecraft.server.packs.resources.ResourceProvider.lambda$getResourceOrThrow$1(ResourceProvider.java:18) ~[neoforge-21.1.235.jar%23189!/:?]
	at java.base/java.util.Optional.orElseThrow(Optional.java:403) ~[?:?]
	at TRANSFORMER/minecraft@1.21.1/net.minecraft.server.packs.resources.ResourceProvider.getResourceOrThrow(ResourceProvider.java:18) ~[neoforge-21.1.235.jar%23189!/:?]
	at TRANSFORMER/minecraft@1.21.1/net.minecraft.client.renderer.texture.SimpleTexture$TextureImage.load(SimpleTexture.java:83) ~[neoforge-21.1.235.jar%23189!/:?]
	at TRANSFORMER/minecraft@1.21.1/net.minecraft.client.renderer.texture.SimpleTexture.getTextureImage(SimpleTexture.java:57) ~[neoforge-21.1.235.jar%23189!/:?]
	at TRANSFORMER/minecraft@1.21.1/net.minecraft.client.renderer.texture.SimpleTexture.load(SimpleTexture.java:30) ~[neoforge-21.1.235.jar%23189!/:?]
	at TRANSFORMER/minecraft@1.21.1/net.minecraft.client.renderer.texture.TextureManager.loadTexture(TextureManager.java:92) ~[neoforge-21.1.235.jar%23189!/:?]
	at TRANSFORMER/minecraft@1.21.1/net.minecraft.client.renderer.texture.TextureManager.register(TextureManager.java:63) ~[neoforge-21.1.235.jar%23189!/:?]
	at TRANSFORMER/minecraft@1.21.1/net.minecraft.client.renderer.texture.TextureManager.getTexture(TextureManager.java:113) ~[neoforge-21.1.235.jar%23189!/:?]
	at TRANSFORMER/minecraft@1.21.1/com.mojang.blaze3d.systems.RenderSystem._setShaderTexture(RenderSystem.java:725) ~[neoforge-21.1.235.jar%23189!/:?]
	at TRANSFORMER/minecraft@1.21.1/com.mojang.blaze3d.systems.RenderSystem.setShaderTexture(RenderSystem.java:718) ~[neoforge-21.1.235.jar%23189!/:?]
	at TRANSFORMER/minecraft@1.21.1/net.minecraft.client.gui.GuiGraphics.innerBlit(GuiGraphics.java:965) ~[neoforge-21.1.235.jar%23189!/:?]
	at TRANSFORMER/minecraft@1.21.1/net.minecraft.client.gui.GuiGraphics.blit(GuiGraphics.java:923) ~[neoforge-21.1.235.jar%23189!/:?]
	at TRANSFORMER/minecraft@1.21.1/net.minecraft.client.gui.GuiGraphics.blit(GuiGraphics.java:865) ~[neoforge-21.1.235.jar%23189!/:?]
	at TRANSFORMER/minecraft@1.21.1/net.minecraft.client.gui.GuiGraphics.blit(GuiGraphics.java:888) ~[neoforge-21.1.235.jar%23189!/:?]
	at TRANSFORMER/elementals@5.0.0/dev.saperate.elementals.client.gui.ChiHudOverlay.render(ChiHudOverlay.java:31) ~[elementals-neoforge-1.21.1-5.0.0.jar%23193!/:5.0.0]
	at TRANSFORMER/neoforge@21.1.235/net.neoforged.neoforge.client.gui.GuiLayerManager.renderInner(GuiLayerManager.java:69) ~[neoforge-21.1.235.jar%23190!/:?]
	at TRANSFORMER/neoforge@21.1.235/net.neoforged.neoforge.client.gui.GuiLayerManager.render(GuiLayerManager.java:59) ~[neoforge-21.1.235.jar%23190!/:?]
	at TRANSFORMER/minecraft@1.21.1/net.minecraft.client.gui.Gui.render(Gui.java:261) ~[neoforge-21.1.235.jar%23189!/:?]
	at TRANSFORMER/minecraft@1.21.1/net.minecraft.client.renderer.GameRenderer.render(GameRenderer.java:1079) ~[neoforge-21.1.235.jar%23189!/:?]
	at TRANSFORMER/minecraft@1.21.1/net.minecraft.client.Minecraft.runTick(Minecraft.java:1201) ~[neoforge-21.1.235.jar%23189!/:?]
	at TRANSFORMER/minecraft@1.21.1/net.minecraft.client.Minecraft.run(Minecraft.java:813) ~[neoforge-21.1.235.jar%23189!/:?]
	at TRANSFORMER/minecraft@1.21.1/net.minecraft.client.main.Main.main(Main.java:230) ~[neoforge-21.1.235.jar%23189!/:?]
	at java.base/jdk.internal.reflect.DirectMethodHandleAccessor.invoke(DirectMethodHandleAccessor.java:103) ~[?:?]
	at java.base/java.lang.reflect.Method.invoke(Method.java:580) ~[?:?]
	at MC-BOOTSTRAP/fml_loader@4.0.42/net.neoforged.fml.loading.targets.CommonLaunchHandler.runTarget(CommonLaunchHandler.java:136) ~[loader-4.0.42.jar%23146!/:4.0]
	at MC-BOOTSTRAP/fml_loader@4.0.42/net.neoforged.fml.loading.targets.CommonLaunchHandler.clientService(CommonLaunchHandler.java:124) ~[loader-4.0.42.jar%23146!/:4.0]
	at MC-BOOTSTRAP/fml_loader@4.0.42/net.neoforged.fml.loading.targets.NeoForgeClientDevLaunchHandler.runService(NeoForgeClientDevLaunchHandler.java:23) ~[loader-4.0.42.jar%23146!/:4.0]
	at MC-BOOTSTRAP/fml_loader@4.0.42/net.neoforged.fml.loading.targets.CommonLaunchHandler.lambda$launchService$4(CommonLaunchHandler.java:118) ~[loader-4.0.42.jar%23146!/:4.0]
	at MC-BOOTSTRAP/cpw.mods.modlauncher@11.0.5/cpw.mods.modlauncher.LaunchServiceHandlerDecorator.launch(LaunchServiceHandlerDecorator.java:30) [modlauncher-11.0.5.jar%23128!/:?]
	at MC-BOOTSTRAP/cpw.mods.modlauncher@11.0.5/cpw.mods.modlauncher.LaunchServiceHandler.launch(LaunchServiceHandler.java:53) [modlauncher-11.0.5.jar%23128!/:?]
	at MC-BOOTSTRAP/cpw.mods.modlauncher@11.0.5/cpw.mods.modlauncher.LaunchServiceHandler.launch(LaunchServiceHandler.java:71) [modlauncher-11.0.5.jar%23128!/:?]
	at MC-BOOTSTRAP/cpw.mods.modlauncher@11.0.5/cpw.mods.modlauncher.Launcher.run(Launcher.java:103) [modlauncher-11.0.5.jar%23128!/:?]
	at MC-BOOTSTRAP/cpw.mods.modlauncher@11.0.5/cpw.mods.modlauncher.Launcher.main(Launcher.java:74) [modlauncher-11.0.5.jar%23128!/:?]
	at MC-BOOTSTRAP/cpw.mods.modlauncher@11.0.5/cpw.mods.modlauncher.BootstrapLaunchConsumer.accept(BootstrapLaunchConsumer.java:26) [modlauncher-11.0.5.jar%23128!/:?]
	at MC-BOOTSTRAP/cpw.mods.modlauncher@11.0.5/cpw.mods.modlauncher.BootstrapLaunchConsumer.accept(BootstrapLaunchConsumer.java:23) [modlauncher-11.0.5.jar%23128!/:?]
	at cpw.mods.bootstraplauncher@2.0.2/cpw.mods.bootstraplauncher.BootstrapLauncher.run(BootstrapLauncher.java:210) [bootstraplauncher-2.0.2.jar:?]
	at cpw.mods.bootstraplauncher@2.0.2/cpw.mods.bootstraplauncher.BootstrapLauncher.main(BootstrapLauncher.java:69) [bootstraplauncher-2.0.2.jar:?]
	at java.base/jdk.internal.reflect.DirectMethodHandleAccessor.invoke(DirectMethodHandleAccessor.java:103) ~[?:?]
	at java.base/java.lang.reflect.Method.invoke(Method.java:580) ~[?:?]
	at net.neoforged.devlaunch.Main.main(Main.java:57) [DevLaunch-1.0.2.jar:?]
[08set.2026 23:15:29.432] [Render thread/DEBUG] [mixin/]: Mixing CreativeInventoryScreenMixin from fabric-item-group-api-v1.client.mixins.json into net.minecraft.client.gui.screens.inventory.CreativeModeInventoryScreen
[08set.2026 23:15:29.433] [Render thread/DEBUG] [mixin/]: fabric-item-group-api-v1.client.mixins.json:CreativeInventoryScreenMixin from mod fabric_item_group_api_v1: Class version 65 required is higher than the class version supported by the current version of Mixin (JAVA_17 supports class version 61)
[08set.2026 23:15:29.433] [Render thread/DEBUG] [mixin/]: Renaming synthetic method lambda$getPage$0(Lnet/minecraft/world/item/CreativeModeTab;Lnet/neoforged/neoforge/client/gui/CreativeTabsScreenPage;)Z to md61b50d$fabric_item_group_api_v1$lambda$getPage$0$0 in fabric-item-group-api-v1.client.mixins.json:CreativeInventoryScreenMixin from mod fabric_item_group_api_v1
[08set.2026 23:15:29.434] [Render thread/DEBUG] [mixin/]: Mixing client.CreativeModeInventoryScreenMixin from lodestone.mixins.json into net.minecraft.client.gui.screens.inventory.CreativeModeInventoryScreen
[08set.2026 23:15:29.434] [Render thread/DEBUG] [mixin/]: lodestone.mixins.json:client.CreativeModeInventoryScreenMixin from mod lodestone: Class version 65 required is higher than the class version supported by the current version of Mixin (JAVA_17 supports class version 61)
[08set.2026 23:15:29.552] [Render thread/DEBUG] [mixin/]: Mixing TooltipComponentMixin from fabric-rendering-v1.mixins.json into net.minecraft.client.gui.screens.inventory.tooltip.ClientTooltipComponent
[08set.2026 23:15:29.553] [Render thread/DEBUG] [mixin/]: fabric-rendering-v1.mixins.json:TooltipComponentMixin from mod fabric_rendering_v1: Class version 65 required is higher than the class version supported by the current version of Mixin (JAVA_17 supports class version 61)
[08set.2026 23:15:29.554] [Render thread/DEBUG] [mixin/]: fabric-rendering-v1.mixins.json:TooltipComponentMixin from mod fabric_rendering_v1->@Inject::convertCustomTooltipData(Lnet/minecraft/world/inventory/tooltip/TooltipComponent;Lorg/spongepowered/asm/mixin/injection/callback/CallbackInfoReturnable;)V does use it's CallbackInfoReturnable
[08set.2026 23:15:41.923] [Server thread/INFO] [net.minecraft.server.MinecraftServer/]: [Dev: Dev can now bend: Healing]
[08set.2026 23:15:41.932] [Render thread/INFO] [net.minecraft.client.gui.components.ChatComponent/]: [System] [CHAT] Dev can now bend: Healing
[08set.2026 23:15:43.200] [Render thread/WARN] [net.minecraft.client.renderer.texture.TextureManager/]: Failed to load texture: elementals:textures/gui/healing_upgrade_button.png
java.io.FileNotFoundException: elementals:textures/gui/healing_upgrade_button.png
	at TRANSFORMER/minecraft@1.21.1/net.minecraft.server.packs.resources.ResourceProvider.lambda$getResourceOrThrow$1(ResourceProvider.java:18) ~[neoforge-21.1.235.jar%23189!/:?]
	at java.base/java.util.Optional.orElseThrow(Optional.java:403) ~[?:?]
	at TRANSFORMER/minecraft@1.21.1/net.minecraft.server.packs.resources.ResourceProvider.getResourceOrThrow(ResourceProvider.java:18) ~[neoforge-21.1.235.jar%23189!/:?]
	at TRANSFORMER/geckolib@4.8.4/software.bernie.geckolib.cache.texture.AnimatableTexture.load(AnimatableTexture.java:40) ~[geckolib-neoforge-1.21.1-4.8.4.jar%23195!/:4.8.4]
	at TRANSFORMER/minecraft@1.21.1/net.minecraft.client.renderer.texture.TextureManager.loadTexture(TextureManager.java:92) ~[neoforge-21.1.235.jar%23189!/:?]
	at TRANSFORMER/minecraft@1.21.1/net.minecraft.client.renderer.texture.TextureManager.register(TextureManager.java:63) ~[neoforge-21.1.235.jar%23189!/:?]
	at TRANSFORMER/minecraft@1.21.1/net.minecraft.client.renderer.texture.TextureManager.wrapOperation$zba000$geckolib$replaceAnimatableTexture(TextureManager.java:1031) ~[neoforge-21.1.235.jar%23189!/:?]
	at TRANSFORMER/minecraft@1.21.1/net.minecraft.client.renderer.texture.TextureManager.getTexture(TextureManager.java:112) ~[neoforge-21.1.235.jar%23189!/:?]
	at TRANSFORMER/minecraft@1.21.1/com.mojang.blaze3d.systems.RenderSystem._setShaderTexture(RenderSystem.java:725) ~[neoforge-21.1.235.jar%23189!/:?]
	at TRANSFORMER/minecraft@1.21.1/com.mojang.blaze3d.systems.RenderSystem.setShaderTexture(RenderSystem.java:718) ~[neoforge-21.1.235.jar%23189!/:?]
	at TRANSFORMER/minecraft@1.21.1/net.minecraft.client.gui.GuiGraphics.innerBlit(GuiGraphics.java:965) ~[neoforge-21.1.235.jar%23189!/:?]
	at TRANSFORMER/minecraft@1.21.1/net.minecraft.client.gui.GuiGraphics.blit(GuiGraphics.java:923) ~[neoforge-21.1.235.jar%23189!/:?]
	at TRANSFORMER/minecraft@1.21.1/net.minecraft.client.gui.GuiGraphics.blit(GuiGraphics.java:865) ~[neoforge-21.1.235.jar%23189!/:?]
	at TRANSFORMER/minecraft@1.21.1/net.minecraft.client.gui.GuiGraphics.blit(GuiGraphics.java:888) ~[neoforge-21.1.235.jar%23189!/:?]
	at TRANSFORMER/elementals@5.0.0/dev.saperate.elementals.client.gui.ChiHudOverlay.render(ChiHudOverlay.java:31) ~[elementals-neoforge-1.21.1-5.0.0.jar%23193!/:5.0.0]
	at TRANSFORMER/neoforge@21.1.235/net.neoforged.neoforge.client.gui.GuiLayerManager.renderInner(GuiLayerManager.java:69) ~[neoforge-21.1.235.jar%23190!/:?]
	at TRANSFORMER/neoforge@21.1.235/net.neoforged.neoforge.client.gui.GuiLayerManager.render(GuiLayerManager.java:59) ~[neoforge-21.1.235.jar%23190!/:?]
	at TRANSFORMER/minecraft@1.21.1/net.minecraft.client.gui.Gui.render(Gui.java:261) ~[neoforge-21.1.235.jar%23189!/:?]
	at TRANSFORMER/minecraft@1.21.1/net.minecraft.client.renderer.GameRenderer.render(GameRenderer.java:1079) ~[neoforge-21.1.235.jar%23189!/:?]
	at TRANSFORMER/minecraft@1.21.1/net.minecraft.client.Minecraft.runTick(Minecraft.java:1201) ~[neoforge-21.1.235.jar%23189!/:?]
	at TRANSFORMER/minecraft@1.21.1/net.minecraft.client.Minecraft.run(Minecraft.java:813) ~[neoforge-21.1.235.jar%23189!/:?]
	at TRANSFORMER/minecraft@1.21.1/net.minecraft.client.main.Main.main(Main.java:230) ~[neoforge-21.1.235.jar%23189!/:?]
	at java.base/jdk.internal.reflect.DirectMethodHandleAccessor.invoke(DirectMethodHandleAccessor.java:103) ~[?:?]
	at java.base/java.lang.reflect.Method.invoke(Method.java:580) ~[?:?]
	at MC-BOOTSTRAP/fml_loader@4.0.42/net.neoforged.fml.loading.targets.CommonLaunchHandler.runTarget(CommonLaunchHandler.java:136) ~[loader-4.0.42.jar%23146!/:4.0]
	at MC-BOOTSTRAP/fml_loader@4.0.42/net.neoforged.fml.loading.targets.CommonLaunchHandler.clientService(CommonLaunchHandler.java:124) ~[loader-4.0.42.jar%23146!/:4.0]
	at MC-BOOTSTRAP/fml_loader@4.0.42/net.neoforged.fml.loading.targets.NeoForgeClientDevLaunchHandler.runService(NeoForgeClientDevLaunchHandler.java:23) ~[loader-4.0.42.jar%23146!/:4.0]
	at MC-BOOTSTRAP/fml_loader@4.0.42/net.neoforged.fml.loading.targets.CommonLaunchHandler.lambda$launchService$4(CommonLaunchHandler.java:118) ~[loader-4.0.42.jar%23146!/:4.0]
	at MC-BOOTSTRAP/cpw.mods.modlauncher@11.0.5/cpw.mods.modlauncher.LaunchServiceHandlerDecorator.launch(LaunchServiceHandlerDecorator.java:30) [modlauncher-11.0.5.jar%23128!/:?]
	at MC-BOOTSTRAP/cpw.mods.modlauncher@11.0.5/cpw.mods.modlauncher.LaunchServiceHandler.launch(LaunchServiceHandler.java:53) [modlauncher-11.0.5.jar%23128!/:?]
	at MC-BOOTSTRAP/cpw.mods.modlauncher@11.0.5/cpw.mods.modlauncher.LaunchServiceHandler.launch(LaunchServiceHandler.java:71) [modlauncher-11.0.5.jar%23128!/:?]
	at MC-BOOTSTRAP/cpw.mods.modlauncher@11.0.5/cpw.mods.modlauncher.Launcher.run(Launcher.java:103) [modlauncher-11.0.5.jar%23128!/:?]
	at MC-BOOTSTRAP/cpw.mods.modlauncher@11.0.5/cpw.mods.modlauncher.Launcher.main(Launcher.java:74) [modlauncher-11.0.5.jar%23128!/:?]
	at MC-BOOTSTRAP/cpw.mods.modlauncher@11.0.5/cpw.mods.modlauncher.BootstrapLaunchConsumer.accept(BootstrapLaunchConsumer.java:26) [modlauncher-11.0.5.jar%23128!/:?]
	at MC-BOOTSTRAP/cpw.mods.modlauncher@11.0.5/cpw.mods.modlauncher.BootstrapLaunchConsumer.accept(BootstrapLaunchConsumer.java:23) [modlauncher-11.0.5.jar%23128!/:?]
	at cpw.mods.bootstraplauncher@2.0.2/cpw.mods.bootstraplauncher.BootstrapLauncher.run(BootstrapLauncher.java:210) [bootstraplauncher-2.0.2.jar:?]
	at cpw.mods.bootstraplauncher@2.0.2/cpw.mods.bootstraplauncher.BootstrapLauncher.main(BootstrapLauncher.java:69) [bootstraplauncher-2.0.2.jar:?]
	at java.base/jdk.internal.reflect.DirectMethodHandleAccessor.invoke(DirectMethodHandleAccessor.java:103) ~[?:?]
	at java.base/java.lang.reflect.Method.invoke(Method.java:580) ~[?:?]
	at net.neoforged.devlaunch.Main.main(Main.java:57) [DevLaunch-1.0.2.jar:?]
[08set.2026 23:15:43.201] [Render thread/WARN] [net.minecraft.client.renderer.texture.TextureManager/]: Failed to load texture: elementals:textures/gui/healing_upgrade_button.png
java.io.FileNotFoundException: elementals:textures/gui/healing_upgrade_button.png
	at TRANSFORMER/minecraft@1.21.1/net.minecraft.server.packs.resources.ResourceProvider.lambda$getResourceOrThrow$1(ResourceProvider.java:18) ~[neoforge-21.1.235.jar%23189!/:?]
	at java.base/java.util.Optional.orElseThrow(Optional.java:403) ~[?:?]
	at TRANSFORMER/minecraft@1.21.1/net.minecraft.server.packs.resources.ResourceProvider.getResourceOrThrow(ResourceProvider.java:18) ~[neoforge-21.1.235.jar%23189!/:?]
	at TRANSFORMER/minecraft@1.21.1/net.minecraft.client.renderer.texture.SimpleTexture$TextureImage.load(SimpleTexture.java:83) ~[neoforge-21.1.235.jar%23189!/:?]
	at TRANSFORMER/minecraft@1.21.1/net.minecraft.client.renderer.texture.SimpleTexture.getTextureImage(SimpleTexture.java:57) ~[neoforge-21.1.235.jar%23189!/:?]
	at TRANSFORMER/minecraft@1.21.1/net.minecraft.client.renderer.texture.SimpleTexture.load(SimpleTexture.java:30) ~[neoforge-21.1.235.jar%23189!/:?]
	at TRANSFORMER/minecraft@1.21.1/net.minecraft.client.renderer.texture.TextureManager.loadTexture(TextureManager.java:92) ~[neoforge-21.1.235.jar%23189!/:?]
	at TRANSFORMER/minecraft@1.21.1/net.minecraft.client.renderer.texture.TextureManager.register(TextureManager.java:63) ~[neoforge-21.1.235.jar%23189!/:?]
	at TRANSFORMER/minecraft@1.21.1/net.minecraft.client.renderer.texture.TextureManager.getTexture(TextureManager.java:113) ~[neoforge-21.1.235.jar%23189!/:?]
	at TRANSFORMER/minecraft@1.21.1/com.mojang.blaze3d.systems.RenderSystem._setShaderTexture(RenderSystem.java:725) ~[neoforge-21.1.235.jar%23189!/:?]
	at TRANSFORMER/minecraft@1.21.1/com.mojang.blaze3d.systems.RenderSystem.setShaderTexture(RenderSystem.java:718) ~[neoforge-21.1.235.jar%23189!/:?]
	at TRANSFORMER/minecraft@1.21.1/net.minecraft.client.gui.GuiGraphics.innerBlit(GuiGraphics.java:965) ~[neoforge-21.1.235.jar%23189!/:?]
	at TRANSFORMER/minecraft@1.21.1/net.minecraft.client.gui.GuiGraphics.blit(GuiGraphics.java:923) ~[neoforge-21.1.235.jar%23189!/:?]
	at TRANSFORMER/minecraft@1.21.1/net.minecraft.client.gui.GuiGraphics.blit(GuiGraphics.java:865) ~[neoforge-21.1.235.jar%23189!/:?]
	at TRANSFORMER/minecraft@1.21.1/net.minecraft.client.gui.GuiGraphics.blit(GuiGraphics.java:888) ~[neoforge-21.1.235.jar%23189!/:?]
	at TRANSFORMER/elementals@5.0.0/dev.saperate.elementals.client.gui.ChiHudOverlay.render(ChiHudOverlay.java:31) ~[elementals-neoforge-1.21.1-5.0.0.jar%23193!/:5.0.0]
	at TRANSFORMER/neoforge@21.1.235/net.neoforged.neoforge.client.gui.GuiLayerManager.renderInner(GuiLayerManager.java:69) ~[neoforge-21.1.235.jar%23190!/:?]
	at TRANSFORMER/neoforge@21.1.235/net.neoforged.neoforge.client.gui.GuiLayerManager.render(GuiLayerManager.java:59) ~[neoforge-21.1.235.jar%23190!/:?]
	at TRANSFORMER/minecraft@1.21.1/net.minecraft.client.gui.Gui.render(Gui.java:261) ~[neoforge-21.1.235.jar%23189!/:?]
	at TRANSFORMER/minecraft@1.21.1/net.minecraft.client.renderer.GameRenderer.render(GameRenderer.java:1079) ~[neoforge-21.1.235.jar%23189!/:?]
	at TRANSFORMER/minecraft@1.21.1/net.minecraft.client.Minecraft.runTick(Minecraft.java:1201) ~[neoforge-21.1.235.jar%23189!/:?]
	at TRANSFORMER/minecraft@1.21.1/net.minecraft.client.Minecraft.run(Minecraft.java:813) ~[neoforge-21.1.235.jar%23189!/:?]
	at TRANSFORMER/minecraft@1.21.1/net.minecraft.client.main.Main.main(Main.java:230) ~[neoforge-21.1.235.jar%23189!/:?]
	at java.base/jdk.internal.reflect.DirectMethodHandleAccessor.invoke(DirectMethodHandleAccessor.java:103) ~[?:?]
	at java.base/java.lang.reflect.Method.invoke(Method.java:580) ~[?:?]
	at MC-BOOTSTRAP/fml_loader@4.0.42/net.neoforged.fml.loading.targets.CommonLaunchHandler.runTarget(CommonLaunchHandler.java:136) ~[loader-4.0.42.jar%23146!/:4.0]
	at MC-BOOTSTRAP/fml_loader@4.0.42/net.neoforged.fml.loading.targets.CommonLaunchHandler.clientService(CommonLaunchHandler.java:124) ~[loader-4.0.42.jar%23146!/:4.0]
	at MC-BOOTSTRAP/fml_loader@4.0.42/net.neoforged.fml.loading.targets.NeoForgeClientDevLaunchHandler.runService(NeoForgeClientDevLaunchHandler.java:23) ~[loader-4.0.42.jar%23146!/:4.0]
	at MC-BOOTSTRAP/fml_loader@4.0.42/net.neoforged.fml.loading.targets.CommonLaunchHandler.lambda$launchService$4(CommonLaunchHandler.java:118) ~[loader-4.0.42.jar%23146!/:4.0]
	at MC-BOOTSTRAP/cpw.mods.modlauncher@11.0.5/cpw.mods.modlauncher.LaunchServiceHandlerDecorator.launch(LaunchServiceHandlerDecorator.java:30) [modlauncher-11.0.5.jar%23128!/:?]
	at MC-BOOTSTRAP/cpw.mods.modlauncher@11.0.5/cpw.mods.modlauncher.LaunchServiceHandler.launch(LaunchServiceHandler.java:53) [modlauncher-11.0.5.jar%23128!/:?]
	at MC-BOOTSTRAP/cpw.mods.modlauncher@11.0.5/cpw.mods.modlauncher.LaunchServiceHandler.launch(LaunchServiceHandler.java:71) [modlauncher-11.0.5.jar%23128!/:?]
	at MC-BOOTSTRAP/cpw.mods.modlauncher@11.0.5/cpw.mods.modlauncher.Launcher.run(Launcher.java:103) [modlauncher-11.0.5.jar%23128!/:?]
	at MC-BOOTSTRAP/cpw.mods.modlauncher@11.0.5/cpw.mods.modlauncher.Launcher.main(Launcher.java:74) [modlauncher-11.0.5.jar%23128!/:?]
	at MC-BOOTSTRAP/cpw.mods.modlauncher@11.0.5/cpw.mods.modlauncher.BootstrapLaunchConsumer.accept(BootstrapLaunchConsumer.java:26) [modlauncher-11.0.5.jar%23128!/:?]
	at MC-BOOTSTRAP/cpw.mods.modlauncher@11.0.5/cpw.mods.modlauncher.BootstrapLaunchConsumer.accept(BootstrapLaunchConsumer.java:23) [modlauncher-11.0.5.jar%23128!/:?]
	at cpw.mods.bootstraplauncher@2.0.2/cpw.mods.bootstraplauncher.BootstrapLauncher.run(BootstrapLauncher.java:210) [bootstraplauncher-2.0.2.jar:?]
	at cpw.mods.bootstraplauncher@2.0.2/cpw.mods.bootstraplauncher.BootstrapLauncher.main(BootstrapLauncher.java:69) [bootstraplauncher-2.0.2.jar:?]
	at java.base/jdk.internal.reflect.DirectMethodHandleAccessor.invoke(DirectMethodHandleAccessor.java:103) ~[?:?]
	at java.base/java.lang.reflect.Method.invoke(Method.java:580) ~[?:?]
	at net.neoforged.devlaunch.Main.main(Main.java:57) [DevLaunch-1.0.2.jar:?]
[08set.2026 23:15:44.488] [Render thread/WARN] [net.minecraft.client.renderer.texture.TextureManager/]: Failed to load texture: elementals:textures/gui/withering_touch_icon.png
java.io.FileNotFoundException: elementals:textures/gui/withering_touch_icon.png
	at TRANSFORMER/minecraft@1.21.1/net.minecraft.server.packs.resources.ResourceProvider.lambda$getResourceOrThrow$1(ResourceProvider.java:18) ~[neoforge-21.1.235.jar%23189!/:?]
	at java.base/java.util.Optional.orElseThrow(Optional.java:403) ~[?:?]
	at TRANSFORMER/minecraft@1.21.1/net.minecraft.server.packs.resources.ResourceProvider.getResourceOrThrow(ResourceProvider.java:18) ~[neoforge-21.1.235.jar%23189!/:?]
	at TRANSFORMER/geckolib@4.8.4/software.bernie.geckolib.cache.texture.AnimatableTexture.load(AnimatableTexture.java:40) ~[geckolib-neoforge-1.21.1-4.8.4.jar%23195!/:4.8.4]
	at TRANSFORMER/minecraft@1.21.1/net.minecraft.client.renderer.texture.TextureManager.loadTexture(TextureManager.java:92) ~[neoforge-21.1.235.jar%23189!/:?]
	at TRANSFORMER/minecraft@1.21.1/net.minecraft.client.renderer.texture.TextureManager.register(TextureManager.java:63) ~[neoforge-21.1.235.jar%23189!/:?]
	at TRANSFORMER/minecraft@1.21.1/net.minecraft.client.renderer.texture.TextureManager.wrapOperation$zba000$geckolib$replaceAnimatableTexture(TextureManager.java:1031) ~[neoforge-21.1.235.jar%23189!/:?]
	at TRANSFORMER/minecraft@1.21.1/net.minecraft.client.renderer.texture.TextureManager.getTexture(TextureManager.java:112) ~[neoforge-21.1.235.jar%23189!/:?]
	at TRANSFORMER/minecraft@1.21.1/com.mojang.blaze3d.systems.RenderSystem._setShaderTexture(RenderSystem.java:725) ~[neoforge-21.1.235.jar%23189!/:?]
	at TRANSFORMER/minecraft@1.21.1/com.mojang.blaze3d.systems.RenderSystem.setShaderTexture(RenderSystem.java:718) ~[neoforge-21.1.235.jar%23189!/:?]
	at TRANSFORMER/elementals@5.0.0/dev.saperate.elementals.client.gui.UpgradeTreeScreen.drawTexture(UpgradeTreeScreen.java:473) ~[elementals-neoforge-1.21.1-5.0.0.jar%23193!/:5.0.0]
	at TRANSFORMER/elementals@5.0.0/dev.saperate.elementals.client.gui.UpgradeTreeScreen.drawUpgradeButton(UpgradeTreeScreen.java:279) ~[elementals-neoforge-1.21.1-5.0.0.jar%23193!/:5.0.0]
	at TRANSFORMER/elementals@5.0.0/dev.saperate.elementals.client.gui.UpgradeTreeScreen.drawTree(UpgradeTreeScreen.java:309) ~[elementals-neoforge-1.21.1-5.0.0.jar%23193!/:5.0.0]
	at TRANSFORMER/elementals@5.0.0/dev.saperate.elementals.client.gui.UpgradeTreeScreen.drawTree(UpgradeTreeScreen.java:362) ~[elementals-neoforge-1.21.1-5.0.0.jar%23193!/:5.0.0]
	at TRANSFORMER/elementals@5.0.0/dev.saperate.elementals.client.gui.UpgradeTreeScreen.render(UpgradeTreeScreen.java:110) ~[elementals-neoforge-1.21.1-5.0.0.jar%23193!/:5.0.0]
	at TRANSFORMER/minecraft@1.21.1/net.minecraft.client.gui.screens.Screen.renderWithTooltip(Screen.java:112) ~[neoforge-21.1.235.jar%23189!/:?]
	at TRANSFORMER/neoforge@21.1.235/net.neoforged.neoforge.client.ClientHooks.drawScreenInternal(ClientHooks.java:429) ~[neoforge-21.1.235.jar%23190!/:?]
	at TRANSFORMER/neoforge@21.1.235/net.neoforged.neoforge.client.ClientHooks.drawScreen(ClientHooks.java:423) ~[neoforge-21.1.235.jar%23190!/:?]
	at TRANSFORMER/minecraft@1.21.1/net.minecraft.client.renderer.GameRenderer.render(GameRenderer.java:1098) ~[neoforge-21.1.235.jar%23189!/:?]
	at TRANSFORMER/minecraft@1.21.1/net.minecraft.client.Minecraft.runTick(Minecraft.java:1201) ~[neoforge-21.1.235.jar%23189!/:?]
	at TRANSFORMER/minecraft@1.21.1/net.minecraft.client.Minecraft.run(Minecraft.java:813) ~[neoforge-21.1.235.jar%23189!/:?]
	at TRANSFORMER/minecraft@1.21.1/net.minecraft.client.main.Main.main(Main.java:230) ~[neoforge-21.1.235.jar%23189!/:?]
	at java.base/jdk.internal.reflect.DirectMethodHandleAccessor.invoke(DirectMethodHandleAccessor.java:103) ~[?:?]
	at java.base/java.lang.reflect.Method.invoke(Method.java:580) ~[?:?]
	at MC-BOOTSTRAP/fml_loader@4.0.42/net.neoforged.fml.loading.targets.CommonLaunchHandler.runTarget(CommonLaunchHandler.java:136) ~[loader-4.0.42.jar%23146!/:4.0]
	at MC-BOOTSTRAP/fml_loader@4.0.42/net.neoforged.fml.loading.targets.CommonLaunchHandler.clientService(CommonLaunchHandler.java:124) ~[loader-4.0.42.jar%23146!/:4.0]
	at MC-BOOTSTRAP/fml_loader@4.0.42/net.neoforged.fml.loading.targets.NeoForgeClientDevLaunchHandler.runService(NeoForgeClientDevLaunchHandler.java:23) ~[loader-4.0.42.jar%23146!/:4.0]
	at MC-BOOTSTRAP/fml_loader@4.0.42/net.neoforged.fml.loading.targets.CommonLaunchHandler.lambda$launchService$4(CommonLaunchHandler.java:118) ~[loader-4.0.42.jar%23146!/:4.0]
	at MC-BOOTSTRAP/cpw.mods.modlauncher@11.0.5/cpw.mods.modlauncher.LaunchServiceHandlerDecorator.launch(LaunchServiceHandlerDecorator.java:30) [modlauncher-11.0.5.jar%23128!/:?]
	at MC-BOOTSTRAP/cpw.mods.modlauncher@11.0.5/cpw.mods.modlauncher.LaunchServiceHandler.launch(LaunchServiceHandler.java:53) [modlauncher-11.0.5.jar%23128!/:?]
	at MC-BOOTSTRAP/cpw.mods.modlauncher@11.0.5/cpw.mods.modlauncher.LaunchServiceHandler.launch(LaunchServiceHandler.java:71) [modlauncher-11.0.5.jar%23128!/:?]
	at MC-BOOTSTRAP/cpw.mods.modlauncher@11.0.5/cpw.mods.modlauncher.Launcher.run(Launcher.java:103) [modlauncher-11.0.5.jar%23128!/:?]
	at MC-BOOTSTRAP/cpw.mods.modlauncher@11.0.5/cpw.mods.modlauncher.Launcher.main(Launcher.java:74) [modlauncher-11.0.5.jar%23128!/:?]
	at MC-BOOTSTRAP/cpw.mods.modlauncher@11.0.5/cpw.mods.modlauncher.BootstrapLaunchConsumer.accept(BootstrapLaunchConsumer.java:26) [modlauncher-11.0.5.jar%23128!/:?]
	at MC-BOOTSTRAP/cpw.mods.modlauncher@11.0.5/cpw.mods.modlauncher.BootstrapLaunchConsumer.accept(BootstrapLaunchConsumer.java:23) [modlauncher-11.0.5.jar%23128!/:?]
	at cpw.mods.bootstraplauncher@2.0.2/cpw.mods.bootstraplauncher.BootstrapLauncher.run(BootstrapLauncher.java:210) [bootstraplauncher-2.0.2.jar:?]
	at cpw.mods.bootstraplauncher@2.0.2/cpw.mods.bootstraplauncher.BootstrapLauncher.main(BootstrapLauncher.java:69) [bootstraplauncher-2.0.2.jar:?]
	at java.base/jdk.internal.reflect.DirectMethodHandleAccessor.invoke(DirectMethodHandleAccessor.java:103) ~[?:?]
	at java.base/java.lang.reflect.Method.invoke(Method.java:580) ~[?:?]
	at net.neoforged.devlaunch.Main.main(Main.java:57) [DevLaunch-1.0.2.jar:?]
[08set.2026 23:15:44.489] [Render thread/WARN] [net.minecraft.client.renderer.texture.TextureManager/]: Failed to load texture: elementals:textures/gui/withering_touch_icon.png
java.io.FileNotFoundException: elementals:textures/gui/withering_touch_icon.png
	at TRANSFORMER/minecraft@1.21.1/net.minecraft.server.packs.resources.ResourceProvider.lambda$getResourceOrThrow$1(ResourceProvider.java:18) ~[neoforge-21.1.235.jar%23189!/:?]
	at java.base/java.util.Optional.orElseThrow(Optional.java:403) ~[?:?]
	at TRANSFORMER/minecraft@1.21.1/net.minecraft.server.packs.resources.ResourceProvider.getResourceOrThrow(ResourceProvider.java:18) ~[neoforge-21.1.235.jar%23189!/:?]
	at TRANSFORMER/minecraft@1.21.1/net.minecraft.client.renderer.texture.SimpleTexture$TextureImage.load(SimpleTexture.java:83) ~[neoforge-21.1.235.jar%23189!/:?]
	at TRANSFORMER/minecraft@1.21.1/net.minecraft.client.renderer.texture.SimpleTexture.getTextureImage(SimpleTexture.java:57) ~[neoforge-21.1.235.jar%23189!/:?]
	at TRANSFORMER/minecraft@1.21.1/net.minecraft.client.renderer.texture.SimpleTexture.load(SimpleTexture.java:30) ~[neoforge-21.1.235.jar%23189!/:?]
	at TRANSFORMER/minecraft@1.21.1/net.minecraft.client.renderer.texture.TextureManager.loadTexture(TextureManager.java:92) ~[neoforge-21.1.235.jar%23189!/:?]
	at TRANSFORMER/minecraft@1.21.1/net.minecraft.client.renderer.texture.TextureManager.register(TextureManager.java:63) ~[neoforge-21.1.235.jar%23189!/:?]
	at TRANSFORMER/minecraft@1.21.1/net.minecraft.client.renderer.texture.TextureManager.getTexture(TextureManager.java:113) ~[neoforge-21.1.235.jar%23189!/:?]
	at TRANSFORMER/minecraft@1.21.1/com.mojang.blaze3d.systems.RenderSystem._setShaderTexture(RenderSystem.java:725) ~[neoforge-21.1.235.jar%23189!/:?]
	at TRANSFORMER/minecraft@1.21.1/com.mojang.blaze3d.systems.RenderSystem.setShaderTexture(RenderSystem.java:718) ~[neoforge-21.1.235.jar%23189!/:?]
	at TRANSFORMER/elementals@5.0.0/dev.saperate.elementals.client.gui.UpgradeTreeScreen.drawTexture(UpgradeTreeScreen.java:473) ~[elementals-neoforge-1.21.1-5.0.0.jar%23193!/:5.0.0]
	at TRANSFORMER/elementals@5.0.0/dev.saperate.elementals.client.gui.UpgradeTreeScreen.drawUpgradeButton(UpgradeTreeScreen.java:279) ~[elementals-neoforge-1.21.1-5.0.0.jar%23193!/:5.0.0]
	at TRANSFORMER/elementals@5.0.0/dev.saperate.elementals.client.gui.UpgradeTreeScreen.drawTree(UpgradeTreeScreen.java:309) ~[elementals-neoforge-1.21.1-5.0.0.jar%23193!/:5.0.0]
	at TRANSFORMER/elementals@5.0.0/dev.saperate.elementals.client.gui.UpgradeTreeScreen.drawTree(UpgradeTreeScreen.java:362) ~[elementals-neoforge-1.21.1-5.0.0.jar%23193!/:5.0.0]
	at TRANSFORMER/elementals@5.0.0/dev.saperate.elementals.client.gui.UpgradeTreeScreen.render(UpgradeTreeScreen.java:110) ~[elementals-neoforge-1.21.1-5.0.0.jar%23193!/:5.0.0]
	at TRANSFORMER/minecraft@1.21.1/net.minecraft.client.gui.screens.Screen.renderWithTooltip(Screen.java:112) ~[neoforge-21.1.235.jar%23189!/:?]
	at TRANSFORMER/neoforge@21.1.235/net.neoforged.neoforge.client.ClientHooks.drawScreenInternal(ClientHooks.java:429) ~[neoforge-21.1.235.jar%23190!/:?]
	at TRANSFORMER/neoforge@21.1.235/net.neoforged.neoforge.client.ClientHooks.drawScreen(ClientHooks.java:423) ~[neoforge-21.1.235.jar%23190!/:?]
	at TRANSFORMER/minecraft@1.21.1/net.minecraft.client.renderer.GameRenderer.render(GameRenderer.java:1098) ~[neoforge-21.1.235.jar%23189!/:?]
	at TRANSFORMER/minecraft@1.21.1/net.minecraft.client.Minecraft.runTick(Minecraft.java:1201) ~[neoforge-21.1.235.jar%23189!/:?]
	at TRANSFORMER/minecraft@1.21.1/net.minecraft.client.Minecraft.run(Minecraft.java:813) ~[neoforge-21.1.235.jar%23189!/:?]
	at TRANSFORMER/minecraft@1.21.1/net.minecraft.client.main.Main.main(Main.java:230) ~[neoforge-21.1.235.jar%23189!/:?]
	at java.base/jdk.internal.reflect.DirectMethodHandleAccessor.invoke(DirectMethodHandleAccessor.java:103) ~[?:?]
	at java.base/java.lang.reflect.Method.invoke(Method.java:580) ~[?:?]
	at MC-BOOTSTRAP/fml_loader@4.0.42/net.neoforged.fml.loading.targets.CommonLaunchHandler.runTarget(CommonLaunchHandler.java:136) ~[loader-4.0.42.jar%23146!/:4.0]
	at MC-BOOTSTRAP/fml_loader@4.0.42/net.neoforged.fml.loading.targets.CommonLaunchHandler.clientService(CommonLaunchHandler.java:124) ~[loader-4.0.42.jar%23146!/:4.0]
	at MC-BOOTSTRAP/fml_loader@4.0.42/net.neoforged.fml.loading.targets.NeoForgeClientDevLaunchHandler.runService(NeoForgeClientDevLaunchHandler.java:23) ~[loader-4.0.42.jar%23146!/:4.0]
	at MC-BOOTSTRAP/fml_loader@4.0.42/net.neoforged.fml.loading.targets.CommonLaunchHandler.lambda$launchService$4(CommonLaunchHandler.java:118) ~[loader-4.0.42.jar%23146!/:4.0]
	at MC-BOOTSTRAP/cpw.mods.modlauncher@11.0.5/cpw.mods.modlauncher.LaunchServiceHandlerDecorator.launch(LaunchServiceHandlerDecorator.java:30) [modlauncher-11.0.5.jar%23128!/:?]
	at MC-BOOTSTRAP/cpw.mods.modlauncher@11.0.5/cpw.mods.modlauncher.LaunchServiceHandler.launch(LaunchServiceHandler.java:53) [modlauncher-11.0.5.jar%23128!/:?]
	at MC-BOOTSTRAP/cpw.mods.modlauncher@11.0.5/cpw.mods.modlauncher.LaunchServiceHandler.launch(LaunchServiceHandler.java:71) [modlauncher-11.0.5.jar%23128!/:?]
	at MC-BOOTSTRAP/cpw.mods.modlauncher@11.0.5/cpw.mods.modlauncher.Launcher.run(Launcher.java:103) [modlauncher-11.0.5.jar%23128!/:?]
	at MC-BOOTSTRAP/cpw.mods.modlauncher@11.0.5/cpw.mods.modlauncher.Launcher.main(Launcher.java:74) [modlauncher-11.0.5.jar%23128!/:?]
	at MC-BOOTSTRAP/cpw.mods.modlauncher@11.0.5/cpw.mods.modlauncher.BootstrapLaunchConsumer.accept(BootstrapLaunchConsumer.java:26) [modlauncher-11.0.5.jar%23128!/:?]
	at MC-BOOTSTRAP/cpw.mods.modlauncher@11.0.5/cpw.mods.modlauncher.BootstrapLaunchConsumer.accept(BootstrapLaunchConsumer.java:23) [modlauncher-11.0.5.jar%23128!/:?]
	at cpw.mods.bootstraplauncher@2.0.2/cpw.mods.bootstraplauncher.BootstrapLauncher.run(BootstrapLauncher.java:210) [bootstraplauncher-2.0.2.jar:?]
	at cpw.mods.bootstraplauncher@2.0.2/cpw.mods.bootstraplauncher.BootstrapLauncher.main(BootstrapLauncher.java:69) [bootstraplauncher-2.0.2.jar:?]
	at java.base/jdk.internal.reflect.DirectMethodHandleAccessor.invoke(DirectMethodHandleAccessor.java:103) ~[?:?]
	at java.base/java.lang.reflect.Method.invoke(Method.java:580) ~[?:?]
	at net.neoforged.devlaunch.Main.main(Main.java:57) [DevLaunch-1.0.2.jar:?]
[08set.2026 23:15:44.490] [Render thread/WARN] [net.minecraft.client.renderer.texture.TextureManager/]: Failed to load texture: elementals:textures/gui/healing_touch_icon.png
java.io.FileNotFoundException: elementals:textures/gui/healing_touch_icon.png
	at TRANSFORMER/minecraft@1.21.1/net.minecraft.server.packs.resources.ResourceProvider.lambda$getResourceOrThrow$1(ResourceProvider.java:18) ~[neoforge-21.1.235.jar%23189!/:?]
	at java.base/java.util.Optional.orElseThrow(Optional.java:403) ~[?:?]
	at TRANSFORMER/minecraft@1.21.1/net.minecraft.server.packs.resources.ResourceProvider.getResourceOrThrow(ResourceProvider.java:18) ~[neoforge-21.1.235.jar%23189!/:?]
	at TRANSFORMER/geckolib@4.8.4/software.bernie.geckolib.cache.texture.AnimatableTexture.load(AnimatableTexture.java:40) ~[geckolib-neoforge-1.21.1-4.8.4.jar%23195!/:4.8.4]
	at TRANSFORMER/minecraft@1.21.1/net.minecraft.client.renderer.texture.TextureManager.loadTexture(TextureManager.java:92) ~[neoforge-21.1.235.jar%23189!/:?]
	at TRANSFORMER/minecraft@1.21.1/net.minecraft.client.renderer.texture.TextureManager.register(TextureManager.java:63) ~[neoforge-21.1.235.jar%23189!/:?]
	at TRANSFORMER/minecraft@1.21.1/net.minecraft.client.renderer.texture.TextureManager.wrapOperation$zba000$geckolib$replaceAnimatableTexture(TextureManager.java:1031) ~[neoforge-21.1.235.jar%23189!/:?]
	at TRANSFORMER/minecraft@1.21.1/net.minecraft.client.renderer.texture.TextureManager.getTexture(TextureManager.java:112) ~[neoforge-21.1.235.jar%23189!/:?]
	at TRANSFORMER/minecraft@1.21.1/com.mojang.blaze3d.systems.RenderSystem._setShaderTexture(RenderSystem.java:725) ~[neoforge-21.1.235.jar%23189!/:?]
	at TRANSFORMER/minecraft@1.21.1/com.mojang.blaze3d.systems.RenderSystem.setShaderTexture(RenderSystem.java:718) ~[neoforge-21.1.235.jar%23189!/:?]
	at TRANSFORMER/elementals@5.0.0/dev.saperate.elementals.client.gui.UpgradeTreeScreen.drawTexture(UpgradeTreeScreen.java:473) ~[elementals-neoforge-1.21.1-5.0.0.jar%23193!/:5.0.0]
	at TRANSFORMER/elementals@5.0.0/dev.saperate.elementals.client.gui.UpgradeTreeScreen.drawUpgradeButton(UpgradeTreeScreen.java:279) ~[elementals-neoforge-1.21.1-5.0.0.jar%23193!/:5.0.0]
	at TRANSFORMER/elementals@5.0.0/dev.saperate.elementals.client.gui.UpgradeTreeScreen.drawTree(UpgradeTreeScreen.java:382) ~[elementals-neoforge-1.21.1-5.0.0.jar%23193!/:5.0.0]
	at TRANSFORMER/elementals@5.0.0/dev.saperate.elementals.client.gui.UpgradeTreeScreen.render(UpgradeTreeScreen.java:110) ~[elementals-neoforge-1.21.1-5.0.0.jar%23193!/:5.0.0]
	at TRANSFORMER/minecraft@1.21.1/net.minecraft.client.gui.screens.Screen.renderWithTooltip(Screen.java:112) ~[neoforge-21.1.235.jar%23189!/:?]
	at TRANSFORMER/neoforge@21.1.235/net.neoforged.neoforge.client.ClientHooks.drawScreenInternal(ClientHooks.java:429) ~[neoforge-21.1.235.jar%23190!/:?]
	at TRANSFORMER/neoforge@21.1.235/net.neoforged.neoforge.client.ClientHooks.drawScreen(ClientHooks.java:423) ~[neoforge-21.1.235.jar%23190!/:?]
	at TRANSFORMER/minecraft@1.21.1/net.minecraft.client.renderer.GameRenderer.render(GameRenderer.java:1098) ~[neoforge-21.1.235.jar%23189!/:?]
	at TRANSFORMER/minecraft@1.21.1/net.minecraft.client.Minecraft.runTick(Minecraft.java:1201) ~[neoforge-21.1.235.jar%23189!/:?]
	at TRANSFORMER/minecraft@1.21.1/net.minecraft.client.Minecraft.run(Minecraft.java:813) ~[neoforge-21.1.235.jar%23189!/:?]
	at TRANSFORMER/minecraft@1.21.1/net.minecraft.client.main.Main.main(Main.java:230) ~[neoforge-21.1.235.jar%23189!/:?]
	at java.base/jdk.internal.reflect.DirectMethodHandleAccessor.invoke(DirectMethodHandleAccessor.java:103) ~[?:?]
	at java.base/java.lang.reflect.Method.invoke(Method.java:580) ~[?:?]
	at MC-BOOTSTRAP/fml_loader@4.0.42/net.neoforged.fml.loading.targets.CommonLaunchHandler.runTarget(CommonLaunchHandler.java:136) ~[loader-4.0.42.jar%23146!/:4.0]
	at MC-BOOTSTRAP/fml_loader@4.0.42/net.neoforged.fml.loading.targets.CommonLaunchHandler.clientService(CommonLaunchHandler.java:124) ~[loader-4.0.42.jar%23146!/:4.0]
	at MC-BOOTSTRAP/fml_loader@4.0.42/net.neoforged.fml.loading.targets.NeoForgeClientDevLaunchHandler.runService(NeoForgeClientDevLaunchHandler.java:23) ~[loader-4.0.42.jar%23146!/:4.0]
	at MC-BOOTSTRAP/fml_loader@4.0.42/net.neoforged.fml.loading.targets.CommonLaunchHandler.lambda$launchService$4(CommonLaunchHandler.java:118) ~[loader-4.0.42.jar%23146!/:4.0]
	at MC-BOOTSTRAP/cpw.mods.modlauncher@11.0.5/cpw.mods.modlauncher.LaunchServiceHandlerDecorator.launch(LaunchServiceHandlerDecorator.java:30) [modlauncher-11.0.5.jar%23128!/:?]
	at MC-BOOTSTRAP/cpw.mods.modlauncher@11.0.5/cpw.mods.modlauncher.LaunchServiceHandler.launch(LaunchServiceHandler.java:53) [modlauncher-11.0.5.jar%23128!/:?]
	at MC-BOOTSTRAP/cpw.mods.modlauncher@11.0.5/cpw.mods.modlauncher.LaunchServiceHandler.launch(LaunchServiceHandler.java:71) [modlauncher-11.0.5.jar%23128!/:?]
	at MC-BOOTSTRAP/cpw.mods.modlauncher@11.0.5/cpw.mods.modlauncher.Launcher.run(Launcher.java:103) [modlauncher-11.0.5.jar%23128!/:?]
	at MC-BOOTSTRAP/cpw.mods.modlauncher@11.0.5/cpw.mods.modlauncher.Launcher.main(Launcher.java:74) [modlauncher-11.0.5.jar%23128!/:?]
	at MC-BOOTSTRAP/cpw.mods.modlauncher@11.0.5/cpw.mods.modlauncher.BootstrapLaunchConsumer.accept(BootstrapLaunchConsumer.java:26) [modlauncher-11.0.5.jar%23128!/:?]
	at MC-BOOTSTRAP/cpw.mods.modlauncher@11.0.5/cpw.mods.modlauncher.BootstrapLaunchConsumer.accept(BootstrapLaunchConsumer.java:23) [modlauncher-11.0.5.jar%23128!/:?]
	at cpw.mods.bootstraplauncher@2.0.2/cpw.mods.bootstraplauncher.BootstrapLauncher.run(BootstrapLauncher.java:210) [bootstraplauncher-2.0.2.jar:?]
	at cpw.mods.bootstraplauncher@2.0.2/cpw.mods.bootstraplauncher.BootstrapLauncher.main(BootstrapLauncher.java:69) [bootstraplauncher-2.0.2.jar:?]
	at java.base/jdk.internal.reflect.DirectMethodHandleAccessor.invoke(DirectMethodHandleAccessor.java:103) ~[?:?]
	at java.base/java.lang.reflect.Method.invoke(Method.java:580) ~[?:?]
	at net.neoforged.devlaunch.Main.main(Main.java:57) [DevLaunch-1.0.2.jar:?]
[08set.2026 23:15:44.490] [Render thread/WARN] [net.minecraft.client.renderer.texture.TextureManager/]: Failed to load texture: elementals:textures/gui/healing_touch_icon.png
java.io.FileNotFoundException: elementals:textures/gui/healing_touch_icon.png
	at TRANSFORMER/minecraft@1.21.1/net.minecraft.server.packs.resources.ResourceProvider.lambda$getResourceOrThrow$1(ResourceProvider.java:18) ~[neoforge-21.1.235.jar%23189!/:?]
	at java.base/java.util.Optional.orElseThrow(Optional.java:403) ~[?:?]
	at TRANSFORMER/minecraft@1.21.1/net.minecraft.server.packs.resources.ResourceProvider.getResourceOrThrow(ResourceProvider.java:18) ~[neoforge-21.1.235.jar%23189!/:?]
	at TRANSFORMER/minecraft@1.21.1/net.minecraft.client.renderer.texture.SimpleTexture$TextureImage.load(SimpleTexture.java:83) ~[neoforge-21.1.235.jar%23189!/:?]
	at TRANSFORMER/minecraft@1.21.1/net.minecraft.client.renderer.texture.SimpleTexture.getTextureImage(SimpleTexture.java:57) ~[neoforge-21.1.235.jar%23189!/:?]
	at TRANSFORMER/minecraft@1.21.1/net.minecraft.client.renderer.texture.SimpleTexture.load(SimpleTexture.java:30) ~[neoforge-21.1.235.jar%23189!/:?]
	at TRANSFORMER/minecraft@1.21.1/net.minecraft.client.renderer.texture.TextureManager.loadTexture(TextureManager.java:92) ~[neoforge-21.1.235.jar%23189!/:?]
	at TRANSFORMER/minecraft@1.21.1/net.minecraft.client.renderer.texture.TextureManager.register(TextureManager.java:63) ~[neoforge-21.1.235.jar%23189!/:?]
	at TRANSFORMER/minecraft@1.21.1/net.minecraft.client.renderer.texture.TextureManager.getTexture(TextureManager.java:113) ~[neoforge-21.1.235.jar%23189!/:?]
	at TRANSFORMER/minecraft@1.21.1/com.mojang.blaze3d.systems.RenderSystem._setShaderTexture(RenderSystem.java:725) ~[neoforge-21.1.235.jar%23189!/:?]
	at TRANSFORMER/minecraft@1.21.1/com.mojang.blaze3d.systems.RenderSystem.setShaderTexture(RenderSystem.java:718) ~[neoforge-21.1.235.jar%23189!/:?]
	at TRANSFORMER/elementals@5.0.0/dev.saperate.elementals.client.gui.UpgradeTreeScreen.drawTexture(UpgradeTreeScreen.java:473) ~[elementals-neoforge-1.21.1-5.0.0.jar%23193!/:5.0.0]
	at TRANSFORMER/elementals@5.0.0/dev.saperate.elementals.client.gui.UpgradeTreeScreen.drawUpgradeButton(UpgradeTreeScreen.java:279) ~[elementals-neoforge-1.21.1-5.0.0.jar%23193!/:5.0.0]
	at TRANSFORMER/elementals@5.0.0/dev.saperate.elementals.client.gui.UpgradeTreeScreen.drawTree(UpgradeTreeScreen.java:382) ~[elementals-neoforge-1.21.1-5.0.0.jar%23193!/:5.0.0]
	at TRANSFORMER/elementals@5.0.0/dev.saperate.elementals.client.gui.UpgradeTreeScreen.render(UpgradeTreeScreen.java:110) ~[elementals-neoforge-1.21.1-5.0.0.jar%23193!/:5.0.0]
	at TRANSFORMER/minecraft@1.21.1/net.minecraft.client.gui.screens.Screen.renderWithTooltip(Screen.java:112) ~[neoforge-21.1.235.jar%23189!/:?]
	at TRANSFORMER/neoforge@21.1.235/net.neoforged.neoforge.client.ClientHooks.drawScreenInternal(ClientHooks.java:429) ~[neoforge-21.1.235.jar%23190!/:?]
	at TRANSFORMER/neoforge@21.1.235/net.neoforged.neoforge.client.ClientHooks.drawScreen(ClientHooks.java:423) ~[neoforge-21.1.235.jar%23190!/:?]
	at TRANSFORMER/minecraft@1.21.1/net.minecraft.client.renderer.GameRenderer.render(GameRenderer.java:1098) ~[neoforge-21.1.235.jar%23189!/:?]
	at TRANSFORMER/minecraft@1.21.1/net.minecraft.client.Minecraft.runTick(Minecraft.java:1201) ~[neoforge-21.1.235.jar%23189!/:?]
	at TRANSFORMER/minecraft@1.21.1/net.minecraft.client.Minecraft.run(Minecraft.java:813) ~[neoforge-21.1.235.jar%23189!/:?]
	at TRANSFORMER/minecraft@1.21.1/net.minecraft.client.main.Main.main(Main.java:230) ~[neoforge-21.1.235.jar%23189!/:?]
	at java.base/jdk.internal.reflect.DirectMethodHandleAccessor.invoke(DirectMethodHandleAccessor.java:103) ~[?:?]
	at java.base/java.lang.reflect.Method.invoke(Method.java:580) ~[?:?]
	at MC-BOOTSTRAP/fml_loader@4.0.42/net.neoforged.fml.loading.targets.CommonLaunchHandler.runTarget(CommonLaunchHandler.java:136) ~[loader-4.0.42.jar%23146!/:4.0]
	at MC-BOOTSTRAP/fml_loader@4.0.42/net.neoforged.fml.loading.targets.CommonLaunchHandler.clientService(CommonLaunchHandler.java:124) ~[loader-4.0.42.jar%23146!/:4.0]
	at MC-BOOTSTRAP/fml_loader@4.0.42/net.neoforged.fml.loading.targets.NeoForgeClientDevLaunchHandler.runService(NeoForgeClientDevLaunchHandler.java:23) ~[loader-4.0.42.jar%23146!/:4.0]
	at MC-BOOTSTRAP/fml_loader@4.0.42/net.neoforged.fml.loading.targets.CommonLaunchHandler.lambda$launchService$4(CommonLaunchHandler.java:118) ~[loader-4.0.42.jar%23146!/:4.0]
	at MC-BOOTSTRAP/cpw.mods.modlauncher@11.0.5/cpw.mods.modlauncher.LaunchServiceHandlerDecorator.launch(LaunchServiceHandlerDecorator.java:30) [modlauncher-11.0.5.jar%23128!/:?]
	at MC-BOOTSTRAP/cpw.mods.modlauncher@11.0.5/cpw.mods.modlauncher.LaunchServiceHandler.launch(LaunchServiceHandler.java:53) [modlauncher-11.0.5.jar%23128!/:?]
	at MC-BOOTSTRAP/cpw.mods.modlauncher@11.0.5/cpw.mods.modlauncher.LaunchServiceHandler.launch(LaunchServiceHandler.java:71) [modlauncher-11.0.5.jar%23128!/:?]
	at MC-BOOTSTRAP/cpw.mods.modlauncher@11.0.5/cpw.mods.modlauncher.Launcher.run(Launcher.java:103) [modlauncher-11.0.5.jar%23128!/:?]
	at MC-BOOTSTRAP/cpw.mods.modlauncher@11.0.5/cpw.mods.modlauncher.Launcher.main(Launcher.java:74) [modlauncher-11.0.5.jar%23128!/:?]
	at MC-BOOTSTRAP/cpw.mods.modlauncher@11.0.5/cpw.mods.modlauncher.BootstrapLaunchConsumer.accept(BootstrapLaunchConsumer.java:26) [modlauncher-11.0.5.jar%23128!/:?]
	at MC-BOOTSTRAP/cpw.mods.modlauncher@11.0.5/cpw.mods.modlauncher.BootstrapLaunchConsumer.accept(BootstrapLaunchConsumer.java:23) [modlauncher-11.0.5.jar%23128!/:?]
	at cpw.mods.bootstraplauncher@2.0.2/cpw.mods.bootstraplauncher.BootstrapLauncher.run(BootstrapLauncher.java:210) [bootstraplauncher-2.0.2.jar:?]
	at cpw.mods.bootstraplauncher@2.0.2/cpw.mods.bootstraplauncher.BootstrapLauncher.main(BootstrapLauncher.java:69) [bootstraplauncher-2.0.2.jar:?]
	at java.base/jdk.internal.reflect.DirectMethodHandleAccessor.invoke(DirectMethodHandleAccessor.java:103) ~[?:?]
	at java.base/java.lang.reflect.Method.invoke(Method.java:580) ~[?:?]
	at net.neoforged.devlaunch.Main.main(Main.java:57) [DevLaunch-1.0.2.jar:?]
[08set.2026 23:15:44.491] [Render thread/WARN] [net.minecraft.client.renderer.texture.TextureManager/]: Failed to load texture: elementals:textures/gui/rising_tide_icon.png
java.io.FileNotFoundException: elementals:textures/gui/rising_tide_icon.png
	at TRANSFORMER/minecraft@1.21.1/net.minecraft.server.packs.resources.ResourceProvider.lambda$getResourceOrThrow$1(ResourceProvider.java:18) ~[neoforge-21.1.235.jar%23189!/:?]
	at java.base/java.util.Optional.orElseThrow(Optional.java:403) ~[?:?]
	at TRANSFORMER/minecraft@1.21.1/net.minecraft.server.packs.resources.ResourceProvider.getResourceOrThrow(ResourceProvider.java:18) ~[neoforge-21.1.235.jar%23189!/:?]
	at TRANSFORMER/geckolib@4.8.4/software.bernie.geckolib.cache.texture.AnimatableTexture.load(AnimatableTexture.java:40) ~[geckolib-neoforge-1.21.1-4.8.4.jar%23195!/:4.8.4]
	at TRANSFORMER/minecraft@1.21.1/net.minecraft.client.renderer.texture.TextureManager.loadTexture(TextureManager.java:92) ~[neoforge-21.1.235.jar%23189!/:?]
	at TRANSFORMER/minecraft@1.21.1/net.minecraft.client.renderer.texture.TextureManager.register(TextureManager.java:63) ~[neoforge-21.1.235.jar%23189!/:?]
	at TRANSFORMER/minecraft@1.21.1/net.minecraft.client.renderer.texture.TextureManager.wrapOperation$zba000$geckolib$replaceAnimatableTexture(TextureManager.java:1031) ~[neoforge-21.1.235.jar%23189!/:?]
	at TRANSFORMER/minecraft@1.21.1/net.minecraft.client.renderer.texture.TextureManager.getTexture(TextureManager.java:112) ~[neoforge-21.1.235.jar%23189!/:?]
	at TRANSFORMER/minecraft@1.21.1/com.mojang.blaze3d.systems.RenderSystem._setShaderTexture(RenderSystem.java:725) ~[neoforge-21.1.235.jar%23189!/:?]
	at TRANSFORMER/minecraft@1.21.1/com.mojang.blaze3d.systems.RenderSystem.setShaderTexture(RenderSystem.java:718) ~[neoforge-21.1.235.jar%23189!/:?]
	at TRANSFORMER/elementals@5.0.0/dev.saperate.elementals.client.gui.UpgradeTreeScreen.drawTexture(UpgradeTreeScreen.java:473) ~[elementals-neoforge-1.21.1-5.0.0.jar%23193!/:5.0.0]
	at TRANSFORMER/elementals@5.0.0/dev.saperate.elementals.client.gui.UpgradeTreeScreen.drawUpgradeButton(UpgradeTreeScreen.java:279) ~[elementals-neoforge-1.21.1-5.0.0.jar%23193!/:5.0.0]
	at TRANSFORMER/elementals@5.0.0/dev.saperate.elementals.client.gui.UpgradeTreeScreen.drawMirroredTree(UpgradeTreeScreen.java:389) ~[elementals-neoforge-1.21.1-5.0.0.jar%23193!/:5.0.0]
	at TRANSFORMER/elementals@5.0.0/dev.saperate.elementals.client.gui.UpgradeTreeScreen.render(UpgradeTreeScreen.java:125) ~[elementals-neoforge-1.21.1-5.0.0.jar%23193!/:5.0.0]
	at TRANSFORMER/minecraft@1.21.1/net.minecraft.client.gui.screens.Screen.renderWithTooltip(Screen.java:112) ~[neoforge-21.1.235.jar%23189!/:?]
	at TRANSFORMER/neoforge@21.1.235/net.neoforged.neoforge.client.ClientHooks.drawScreenInternal(ClientHooks.java:429) ~[neoforge-21.1.235.jar%23190!/:?]
	at TRANSFORMER/neoforge@21.1.235/net.neoforged.neoforge.client.ClientHooks.drawScreen(ClientHooks.java:423) ~[neoforge-21.1.235.jar%23190!/:?]
	at TRANSFORMER/minecraft@1.21.1/net.minecraft.client.renderer.GameRenderer.render(GameRenderer.java:1098) ~[neoforge-21.1.235.jar%23189!/:?]
	at TRANSFORMER/minecraft@1.21.1/net.minecraft.client.Minecraft.runTick(Minecraft.java:1201) ~[neoforge-21.1.235.jar%23189!/:?]
	at TRANSFORMER/minecraft@1.21.1/net.minecraft.client.Minecraft.run(Minecraft.java:813) ~[neoforge-21.1.235.jar%23189!/:?]
	at TRANSFORMER/minecraft@1.21.1/net.minecraft.client.main.Main.main(Main.java:230) ~[neoforge-21.1.235.jar%23189!/:?]
	at java.base/jdk.internal.reflect.DirectMethodHandleAccessor.invoke(DirectMethodHandleAccessor.java:103) ~[?:?]
	at java.base/java.lang.reflect.Method.invoke(Method.java:580) ~[?:?]
	at MC-BOOTSTRAP/fml_loader@4.0.42/net.neoforged.fml.loading.targets.CommonLaunchHandler.runTarget(CommonLaunchHandler.java:136) ~[loader-4.0.42.jar%23146!/:4.0]
	at MC-BOOTSTRAP/fml_loader@4.0.42/net.neoforged.fml.loading.targets.CommonLaunchHandler.clientService(CommonLaunchHandler.java:124) ~[loader-4.0.42.jar%23146!/:4.0]
	at MC-BOOTSTRAP/fml_loader@4.0.42/net.neoforged.fml.loading.targets.NeoForgeClientDevLaunchHandler.runService(NeoForgeClientDevLaunchHandler.java:23) ~[loader-4.0.42.jar%23146!/:4.0]
	at MC-BOOTSTRAP/fml_loader@4.0.42/net.neoforged.fml.loading.targets.CommonLaunchHandler.lambda$launchService$4(CommonLaunchHandler.java:118) ~[loader-4.0.42.jar%23146!/:4.0]
	at MC-BOOTSTRAP/cpw.mods.modlauncher@11.0.5/cpw.mods.modlauncher.LaunchServiceHandlerDecorator.launch(LaunchServiceHandlerDecorator.java:30) [modlauncher-11.0.5.jar%23128!/:?]
	at MC-BOOTSTRAP/cpw.mods.modlauncher@11.0.5/cpw.mods.modlauncher.LaunchServiceHandler.launch(LaunchServiceHandler.java:53) [modlauncher-11.0.5.jar%23128!/:?]
	at MC-BOOTSTRAP/cpw.mods.modlauncher@11.0.5/cpw.mods.modlauncher.LaunchServiceHandler.launch(LaunchServiceHandler.java:71) [modlauncher-11.0.5.jar%23128!/:?]
	at MC-BOOTSTRAP/cpw.mods.modlauncher@11.0.5/cpw.mods.modlauncher.Launcher.run(Launcher.java:103) [modlauncher-11.0.5.jar%23128!/:?]
	at MC-BOOTSTRAP/cpw.mods.modlauncher@11.0.5/cpw.mods.modlauncher.Launcher.main(Launcher.java:74) [modlauncher-11.0.5.jar%23128!/:?]
	at MC-BOOTSTRAP/cpw.mods.modlauncher@11.0.5/cpw.mods.modlauncher.BootstrapLaunchConsumer.accept(BootstrapLaunchConsumer.java:26) [modlauncher-11.0.5.jar%23128!/:?]
	at MC-BOOTSTRAP/cpw.mods.modlauncher@11.0.5/cpw.mods.modlauncher.BootstrapLaunchConsumer.accept(BootstrapLaunchConsumer.java:23) [modlauncher-11.0.5.jar%23128!/:?]
	at cpw.mods.bootstraplauncher@2.0.2/cpw.mods.bootstraplauncher.BootstrapLauncher.run(BootstrapLauncher.java:210) [bootstraplauncher-2.0.2.jar:?]
	at cpw.mods.bootstraplauncher@2.0.2/cpw.mods.bootstraplauncher.BootstrapLauncher.main(BootstrapLauncher.java:69) [bootstraplauncher-2.0.2.jar:?]
	at java.base/jdk.internal.reflect.DirectMethodHandleAccessor.invoke(DirectMethodHandleAccessor.java:103) ~[?:?]
	at java.base/java.lang.reflect.Method.invoke(Method.java:580) ~[?:?]
	at net.neoforged.devlaunch.Main.main(Main.java:57) [DevLaunch-1.0.2.jar:?]
[08set.2026 23:15:44.492] [Render thread/WARN] [net.minecraft.client.renderer.texture.TextureManager/]: Failed to load texture: elementals:textures/gui/rising_tide_icon.png
java.io.FileNotFoundException: elementals:textures/gui/rising_tide_icon.png
	at TRANSFORMER/minecraft@1.21.1/net.minecraft.server.packs.resources.ResourceProvider.lambda$getResourceOrThrow$1(ResourceProvider.java:18) ~[neoforge-21.1.235.jar%23189!/:?]
	at java.base/java.util.Optional.orElseThrow(Optional.java:403) ~[?:?]
	at TRANSFORMER/minecraft@1.21.1/net.minecraft.server.packs.resources.ResourceProvider.getResourceOrThrow(ResourceProvider.java:18) ~[neoforge-21.1.235.jar%23189!/:?]
	at TRANSFORMER/minecraft@1.21.1/net.minecraft.client.renderer.texture.SimpleTexture$TextureImage.load(SimpleTexture.java:83) ~[neoforge-21.1.235.jar%23189!/:?]
	at TRANSFORMER/minecraft@1.21.1/net.minecraft.client.renderer.texture.SimpleTexture.getTextureImage(SimpleTexture.java:57) ~[neoforge-21.1.235.jar%23189!/:?]
	at TRANSFORMER/minecraft@1.21.1/net.minecraft.client.renderer.texture.SimpleTexture.load(SimpleTexture.java:30) ~[neoforge-21.1.235.jar%23189!/:?]
	at TRANSFORMER/minecraft@1.21.1/net.minecraft.client.renderer.texture.TextureManager.loadTexture(TextureManager.java:92) ~[neoforge-21.1.235.jar%23189!/:?]
	at TRANSFORMER/minecraft@1.21.1/net.minecraft.client.renderer.texture.TextureManager.register(TextureManager.java:63) ~[neoforge-21.1.235.jar%23189!/:?]
	at TRANSFORMER/minecraft@1.21.1/net.minecraft.client.renderer.texture.TextureManager.getTexture(TextureManager.java:113) ~[neoforge-21.1.235.jar%23189!/:?]
	at TRANSFORMER/minecraft@1.21.1/com.mojang.blaze3d.systems.RenderSystem._setShaderTexture(RenderSystem.java:725) ~[neoforge-21.1.235.jar%23189!/:?]
	at TRANSFORMER/minecraft@1.21.1/com.mojang.blaze3d.systems.RenderSystem.setShaderTexture(RenderSystem.java:718) ~[neoforge-21.1.235.jar%23189!/:?]
	at TRANSFORMER/elementals@5.0.0/dev.saperate.elementals.client.gui.UpgradeTreeScreen.drawTexture(UpgradeTreeScreen.java:473) ~[elementals-neoforge-1.21.1-5.0.0.jar%23193!/:5.0.0]
	at TRANSFORMER/elementals@5.0.0/dev.saperate.elementals.client.gui.UpgradeTreeScreen.drawUpgradeButton(UpgradeTreeScreen.java:279) ~[elementals-neoforge-1.21.1-5.0.0.jar%23193!/:5.0.0]
	at TRANSFORMER/elementals@5.0.0/dev.saperate.elementals.client.gui.UpgradeTreeScreen.drawMirroredTree(UpgradeTreeScreen.java:389) ~[elementals-neoforge-1.21.1-5.0.0.jar%23193!/:5.0.0]
	at TRANSFORMER/elementals@5.0.0/dev.saperate.elementals.client.gui.UpgradeTreeScreen.render(UpgradeTreeScreen.java:125) ~[elementals-neoforge-1.21.1-5.0.0.jar%23193!/:5.0.0]
	at TRANSFORMER/minecraft@1.21.1/net.minecraft.client.gui.screens.Screen.renderWithTooltip(Screen.java:112) ~[neoforge-21.1.235.jar%23189!/:?]
	at TRANSFORMER/neoforge@21.1.235/net.neoforged.neoforge.client.ClientHooks.drawScreenInternal(ClientHooks.java:429) ~[neoforge-21.1.235.jar%23190!/:?]
	at TRANSFORMER/neoforge@21.1.235/net.neoforged.neoforge.client.ClientHooks.drawScreen(ClientHooks.java:423) ~[neoforge-21.1.235.jar%23190!/:?]
	at TRANSFORMER/minecraft@1.21.1/net.minecraft.client.renderer.GameRenderer.render(GameRenderer.java:1098) ~[neoforge-21.1.235.jar%23189!/:?]
	at TRANSFORMER/minecraft@1.21.1/net.minecraft.client.Minecraft.runTick(Minecraft.java:1201) ~[neoforge-21.1.235.jar%23189!/:?]
	at TRANSFORMER/minecraft@1.21.1/net.minecraft.client.Minecraft.run(Minecraft.java:813) ~[neoforge-21.1.235.jar%23189!/:?]
	at TRANSFORMER/minecraft@1.21.1/net.minecraft.client.main.Main.main(Main.java:230) ~[neoforge-21.1.235.jar%23189!/:?]
	at java.base/jdk.internal.reflect.DirectMethodHandleAccessor.invoke(DirectMethodHandleAccessor.java:103) ~[?:?]
	at java.base/java.lang.reflect.Method.invoke(Method.java:580) ~[?:?]
	at MC-BOOTSTRAP/fml_loader@4.0.42/net.neoforged.fml.loading.targets.CommonLaunchHandler.runTarget(CommonLaunchHandler.java:136) ~[loader-4.0.42.jar%23146!/:4.0]
	at MC-BOOTSTRAP/fml_loader@4.0.42/net.neoforged.fml.loading.targets.CommonLaunchHandler.clientService(CommonLaunchHandler.java:124) ~[loader-4.0.42.jar%23146!/:4.0]
	at MC-BOOTSTRAP/fml_loader@4.0.42/net.neoforged.fml.loading.targets.NeoForgeClientDevLaunchHandler.runService(NeoForgeClientDevLaunchHandler.java:23) ~[loader-4.0.42.jar%23146!/:4.0]
	at MC-BOOTSTRAP/fml_loader@4.0.42/net.neoforged.fml.loading.targets.CommonLaunchHandler.lambda$launchService$4(CommonLaunchHandler.java:118) ~[loader-4.0.42.jar%23146!/:4.0]
	at MC-BOOTSTRAP/cpw.mods.modlauncher@11.0.5/cpw.mods.modlauncher.LaunchServiceHandlerDecorator.launch(LaunchServiceHandlerDecorator.java:30) [modlauncher-11.0.5.jar%23128!/:?]
	at MC-BOOTSTRAP/cpw.mods.modlauncher@11.0.5/cpw.mods.modlauncher.LaunchServiceHandler.launch(LaunchServiceHandler.java:53) [modlauncher-11.0.5.jar%23128!/:?]
	at MC-BOOTSTRAP/cpw.mods.modlauncher@11.0.5/cpw.mods.modlauncher.LaunchServiceHandler.launch(LaunchServiceHandler.java:71) [modlauncher-11.0.5.jar%23128!/:?]
	at MC-BOOTSTRAP/cpw.mods.modlauncher@11.0.5/cpw.mods.modlauncher.Launcher.run(Launcher.java:103) [modlauncher-11.0.5.jar%23128!/:?]
	at MC-BOOTSTRAP/cpw.mods.modlauncher@11.0.5/cpw.mods.modlauncher.Launcher.main(Launcher.java:74) [modlauncher-11.0.5.jar%23128!/:?]
	at MC-BOOTSTRAP/cpw.mods.modlauncher@11.0.5/cpw.mods.modlauncher.BootstrapLaunchConsumer.accept(BootstrapLaunchConsumer.java:26) [modlauncher-11.0.5.jar%23128!/:?]
	at MC-BOOTSTRAP/cpw.mods.modlauncher@11.0.5/cpw.mods.modlauncher.BootstrapLaunchConsumer.accept(BootstrapLaunchConsumer.java:23) [modlauncher-11.0.5.jar%23128!/:?]
	at cpw.mods.bootstraplauncher@2.0.2/cpw.mods.bootstraplauncher.BootstrapLauncher.run(BootstrapLauncher.java:210) [bootstraplauncher-2.0.2.jar:?]
	at cpw.mods.bootstraplauncher@2.0.2/cpw.mods.bootstraplauncher.BootstrapLauncher.main(BootstrapLauncher.java:69) [bootstraplauncher-2.0.2.jar:?]
	at java.base/jdk.internal.reflect.DirectMethodHandleAccessor.invoke(DirectMethodHandleAccessor.java:103) ~[?:?]
	at java.base/java.lang.reflect.Method.invoke(Method.java:580) ~[?:?]
	at net.neoforged.devlaunch.Main.main(Main.java:57) [DevLaunch-1.0.2.jar:?]
[08set.2026 23:15:44.492] [Render thread/WARN] [net.minecraft.client.renderer.texture.TextureManager/]: Failed to load texture: elementals:textures/gui/sanctuary_pulse_icon.png
java.io.FileNotFoundException: elementals:textures/gui/sanctuary_pulse_icon.png
	at TRANSFORMER/minecraft@1.21.1/net.minecraft.server.packs.resources.ResourceProvider.lambda$getResourceOrThrow$1(ResourceProvider.java:18) ~[neoforge-21.1.235.jar%23189!/:?]
	at java.base/java.util.Optional.orElseThrow(Optional.java:403) ~[?:?]
	at TRANSFORMER/minecraft@1.21.1/net.minecraft.server.packs.resources.ResourceProvider.getResourceOrThrow(ResourceProvider.java:18) ~[neoforge-21.1.235.jar%23189!/:?]
	at TRANSFORMER/geckolib@4.8.4/software.bernie.geckolib.cache.texture.AnimatableTexture.load(AnimatableTexture.java:40) ~[geckolib-neoforge-1.21.1-4.8.4.jar%23195!/:4.8.4]
	at TRANSFORMER/minecraft@1.21.1/net.minecraft.client.renderer.texture.TextureManager.loadTexture(TextureManager.java:92) ~[neoforge-21.1.235.jar%23189!/:?]
	at TRANSFORMER/minecraft@1.21.1/net.minecraft.client.renderer.texture.TextureManager.register(TextureManager.java:63) ~[neoforge-21.1.235.jar%23189!/:?]
	at TRANSFORMER/minecraft@1.21.1/net.minecraft.client.renderer.texture.TextureManager.wrapOperation$zba000$geckolib$replaceAnimatableTexture(TextureManager.java:1031) ~[neoforge-21.1.235.jar%23189!/:?]
	at TRANSFORMER/minecraft@1.21.1/net.minecraft.client.renderer.texture.TextureManager.getTexture(TextureManager.java:112) ~[neoforge-21.1.235.jar%23189!/:?]
	at TRANSFORMER/minecraft@1.21.1/com.mojang.blaze3d.systems.RenderSystem._setShaderTexture(RenderSystem.java:725) ~[neoforge-21.1.235.jar%23189!/:?]
	at TRANSFORMER/minecraft@1.21.1/com.mojang.blaze3d.systems.RenderSystem.setShaderTexture(RenderSystem.java:718) ~[neoforge-21.1.235.jar%23189!/:?]
	at TRANSFORMER/elementals@5.0.0/dev.saperate.elementals.client.gui.UpgradeTreeScreen.drawTexture(UpgradeTreeScreen.java:473) ~[elementals-neoforge-1.21.1-5.0.0.jar%23193!/:5.0.0]
	at TRANSFORMER/elementals@5.0.0/dev.saperate.elementals.client.gui.UpgradeTreeScreen.drawUpgradeButton(UpgradeTreeScreen.java:279) ~[elementals-neoforge-1.21.1-5.0.0.jar%23193!/:5.0.0]
	at TRANSFORMER/elementals@5.0.0/dev.saperate.elementals.client.gui.UpgradeTreeScreen.drawMirroredTree(UpgradeTreeScreen.java:389) ~[elementals-neoforge-1.21.1-5.0.0.jar%23193!/:5.0.0]
	at TRANSFORMER/elementals@5.0.0/dev.saperate.elementals.client.gui.UpgradeTreeScreen.render(UpgradeTreeScreen.java:140) ~[elementals-neoforge-1.21.1-5.0.0.jar%23193!/:5.0.0]
	at TRANSFORMER/minecraft@1.21.1/net.minecraft.client.gui.screens.Screen.renderWithTooltip(Screen.java:112) ~[neoforge-21.1.235.jar%23189!/:?]
	at TRANSFORMER/neoforge@21.1.235/net.neoforged.neoforge.client.ClientHooks.drawScreenInternal(ClientHooks.java:429) ~[neoforge-21.1.235.jar%23190!/:?]
	at TRANSFORMER/neoforge@21.1.235/net.neoforged.neoforge.client.ClientHooks.drawScreen(ClientHooks.java:423) ~[neoforge-21.1.235.jar%23190!/:?]
	at TRANSFORMER/minecraft@1.21.1/net.minecraft.client.renderer.GameRenderer.render(GameRenderer.java:1098) ~[neoforge-21.1.235.jar%23189!/:?]
	at TRANSFORMER/minecraft@1.21.1/net.minecraft.client.Minecraft.runTick(Minecraft.java:1201) ~[neoforge-21.1.235.jar%23189!/:?]
	at TRANSFORMER/minecraft@1.21.1/net.minecraft.client.Minecraft.run(Minecraft.java:813) ~[neoforge-21.1.235.jar%23189!/:?]
	at TRANSFORMER/minecraft@1.21.1/net.minecraft.client.main.Main.main(Main.java:230) ~[neoforge-21.1.235.jar%23189!/:?]
	at java.base/jdk.internal.reflect.DirectMethodHandleAccessor.invoke(DirectMethodHandleAccessor.java:103) ~[?:?]
	at java.base/java.lang.reflect.Method.invoke(Method.java:580) ~[?:?]
	at MC-BOOTSTRAP/fml_loader@4.0.42/net.neoforged.fml.loading.targets.CommonLaunchHandler.runTarget(CommonLaunchHandler.java:136) ~[loader-4.0.42.jar%23146!/:4.0]
	at MC-BOOTSTRAP/fml_loader@4.0.42/net.neoforged.fml.loading.targets.CommonLaunchHandler.clientService(CommonLaunchHandler.java:124) ~[loader-4.0.42.jar%23146!/:4.0]
	at MC-BOOTSTRAP/fml_loader@4.0.42/net.neoforged.fml.loading.targets.NeoForgeClientDevLaunchHandler.runService(NeoForgeClientDevLaunchHandler.java:23) ~[loader-4.0.42.jar%23146!/:4.0]
	at MC-BOOTSTRAP/fml_loader@4.0.42/net.neoforged.fml.loading.targets.CommonLaunchHandler.lambda$launchService$4(CommonLaunchHandler.java:118) ~[loader-4.0.42.jar%23146!/:4.0]
	at MC-BOOTSTRAP/cpw.mods.modlauncher@11.0.5/cpw.mods.modlauncher.LaunchServiceHandlerDecorator.launch(LaunchServiceHandlerDecorator.java:30) [modlauncher-11.0.5.jar%23128!/:?]
	at MC-BOOTSTRAP/cpw.mods.modlauncher@11.0.5/cpw.mods.modlauncher.LaunchServiceHandler.launch(LaunchServiceHandler.java:53) [modlauncher-11.0.5.jar%23128!/:?]
	at MC-BOOTSTRAP/cpw.mods.modlauncher@11.0.5/cpw.mods.modlauncher.LaunchServiceHandler.launch(LaunchServiceHandler.java:71) [modlauncher-11.0.5.jar%23128!/:?]
	at MC-BOOTSTRAP/cpw.mods.modlauncher@11.0.5/cpw.mods.modlauncher.Launcher.run(Launcher.java:103) [modlauncher-11.0.5.jar%23128!/:?]
	at MC-BOOTSTRAP/cpw.mods.modlauncher@11.0.5/cpw.mods.modlauncher.Launcher.main(Launcher.java:74) [modlauncher-11.0.5.jar%23128!/:?]
	at MC-BOOTSTRAP/cpw.mods.modlauncher@11.0.5/cpw.mods.modlauncher.BootstrapLaunchConsumer.accept(BootstrapLaunchConsumer.java:26) [modlauncher-11.0.5.jar%23128!/:?]
	at MC-BOOTSTRAP/cpw.mods.modlauncher@11.0.5/cpw.mods.modlauncher.BootstrapLaunchConsumer.accept(BootstrapLaunchConsumer.java:23) [modlauncher-11.0.5.jar%23128!/:?]
	at cpw.mods.bootstraplauncher@2.0.2/cpw.mods.bootstraplauncher.BootstrapLauncher.run(BootstrapLauncher.java:210) [bootstraplauncher-2.0.2.jar:?]
	at cpw.mods.bootstraplauncher@2.0.2/cpw.mods.bootstraplauncher.BootstrapLauncher.main(BootstrapLauncher.java:69) [bootstraplauncher-2.0.2.jar:?]
	at java.base/jdk.internal.reflect.DirectMethodHandleAccessor.invoke(DirectMethodHandleAccessor.java:103) ~[?:?]
	at java.base/java.lang.reflect.Method.invoke(Method.java:580) ~[?:?]
	at net.neoforged.devlaunch.Main.main(Main.java:57) [DevLaunch-1.0.2.jar:?]
[08set.2026 23:15:44.493] [Render thread/WARN] [net.minecraft.client.renderer.texture.TextureManager/]: Failed to load texture: elementals:textures/gui/sanctuary_pulse_icon.png
java.io.FileNotFoundException: elementals:textures/gui/sanctuary_pulse_icon.png
	at TRANSFORMER/minecraft@1.21.1/net.minecraft.server.packs.resources.ResourceProvider.lambda$getResourceOrThrow$1(ResourceProvider.java:18) ~[neoforge-21.1.235.jar%23189!/:?]
	at java.base/java.util.Optional.orElseThrow(Optional.java:403) ~[?:?]
	at TRANSFORMER/minecraft@1.21.1/net.minecraft.server.packs.resources.ResourceProvider.getResourceOrThrow(ResourceProvider.java:18) ~[neoforge-21.1.235.jar%23189!/:?]
	at TRANSFORMER/minecraft@1.21.1/net.minecraft.client.renderer.texture.SimpleTexture$TextureImage.load(SimpleTexture.java:83) ~[neoforge-21.1.235.jar%23189!/:?]
	at TRANSFORMER/minecraft@1.21.1/net.minecraft.client.renderer.texture.SimpleTexture.getTextureImage(SimpleTexture.java:57) ~[neoforge-21.1.235.jar%23189!/:?]
	at TRANSFORMER/minecraft@1.21.1/net.minecraft.client.renderer.texture.SimpleTexture.load(SimpleTexture.java:30) ~[neoforge-21.1.235.jar%23189!/:?]
	at TRANSFORMER/minecraft@1.21.1/net.minecraft.client.renderer.texture.TextureManager.loadTexture(TextureManager.java:92) ~[neoforge-21.1.235.jar%23189!/:?]
	at TRANSFORMER/minecraft@1.21.1/net.minecraft.client.renderer.texture.TextureManager.register(TextureManager.java:63) ~[neoforge-21.1.235.jar%23189!/:?]
	at TRANSFORMER/minecraft@1.21.1/net.minecraft.client.renderer.texture.TextureManager.getTexture(TextureManager.java:113) ~[neoforge-21.1.235.jar%23189!/:?]
	at TRANSFORMER/minecraft@1.21.1/com.mojang.blaze3d.systems.RenderSystem._setShaderTexture(RenderSystem.java:725) ~[neoforge-21.1.235.jar%23189!/:?]
	at TRANSFORMER/minecraft@1.21.1/com.mojang.blaze3d.systems.RenderSystem.setShaderTexture(RenderSystem.java:718) ~[neoforge-21.1.235.jar%23189!/:?]
	at TRANSFORMER/elementals@5.0.0/dev.saperate.elementals.client.gui.UpgradeTreeScreen.drawTexture(UpgradeTreeScreen.java:473) ~[elementals-neoforge-1.21.1-5.0.0.jar%23193!/:5.0.0]
	at TRANSFORMER/elementals@5.0.0/dev.saperate.elementals.client.gui.UpgradeTreeScreen.drawUpgradeButton(UpgradeTreeScreen.java:279) ~[elementals-neoforge-1.21.1-5.0.0.jar%23193!/:5.0.0]
	at TRANSFORMER/elementals@5.0.0/dev.saperate.elementals.client.gui.UpgradeTreeScreen.drawMirroredTree(UpgradeTreeScreen.java:389) ~[elementals-neoforge-1.21.1-5.0.0.jar%23193!/:5.0.0]
	at TRANSFORMER/elementals@5.0.0/dev.saperate.elementals.client.gui.UpgradeTreeScreen.render(UpgradeTreeScreen.java:140) ~[elementals-neoforge-1.21.1-5.0.0.jar%23193!/:5.0.0]
	at TRANSFORMER/minecraft@1.21.1/net.minecraft.client.gui.screens.Screen.renderWithTooltip(Screen.java:112) ~[neoforge-21.1.235.jar%23189!/:?]
	at TRANSFORMER/neoforge@21.1.235/net.neoforged.neoforge.client.ClientHooks.drawScreenInternal(ClientHooks.java:429) ~[neoforge-21.1.235.jar%23190!/:?]
	at TRANSFORMER/neoforge@21.1.235/net.neoforged.neoforge.client.ClientHooks.drawScreen(ClientHooks.java:423) ~[neoforge-21.1.235.jar%23190!/:?]
	at TRANSFORMER/minecraft@1.21.1/net.minecraft.client.renderer.GameRenderer.render(GameRenderer.java:1098) ~[neoforge-21.1.235.jar%23189!/:?]
	at TRANSFORMER/minecraft@1.21.1/net.minecraft.client.Minecraft.runTick(Minecraft.java:1201) ~[neoforge-21.1.235.jar%23189!/:?]
	at TRANSFORMER/minecraft@1.21.1/net.minecraft.client.Minecraft.run(Minecraft.java:813) ~[neoforge-21.1.235.jar%23189!/:?]
	at TRANSFORMER/minecraft@1.21.1/net.minecraft.client.main.Main.main(Main.java:230) ~[neoforge-21.1.235.jar%23189!/:?]
	at java.base/jdk.internal.reflect.DirectMethodHandleAccessor.invoke(DirectMethodHandleAccessor.java:103) ~[?:?]
	at java.base/java.lang.reflect.Method.invoke(Method.java:580) ~[?:?]
	at MC-BOOTSTRAP/fml_loader@4.0.42/net.neoforged.fml.loading.targets.CommonLaunchHandler.runTarget(CommonLaunchHandler.java:136) ~[loader-4.0.42.jar%23146!/:4.0]
	at MC-BOOTSTRAP/fml_loader@4.0.42/net.neoforged.fml.loading.targets.CommonLaunchHandler.clientService(CommonLaunchHandler.java:124) ~[loader-4.0.42.jar%23146!/:4.0]
	at MC-BOOTSTRAP/fml_loader@4.0.42/net.neoforged.fml.loading.targets.NeoForgeClientDevLaunchHandler.runService(NeoForgeClientDevLaunchHandler.java:23) ~[loader-4.0.42.jar%23146!/:4.0]
	at MC-BOOTSTRAP/fml_loader@4.0.42/net.neoforged.fml.loading.targets.CommonLaunchHandler.lambda$launchService$4(CommonLaunchHandler.java:118) ~[loader-4.0.42.jar%23146!/:4.0]
	at MC-BOOTSTRAP/cpw.mods.modlauncher@11.0.5/cpw.mods.modlauncher.LaunchServiceHandlerDecorator.launch(LaunchServiceHandlerDecorator.java:30) [modlauncher-11.0.5.jar%23128!/:?]
	at MC-BOOTSTRAP/cpw.mods.modlauncher@11.0.5/cpw.mods.modlauncher.LaunchServiceHandler.launch(LaunchServiceHandler.java:53) [modlauncher-11.0.5.jar%23128!/:?]
	at MC-BOOTSTRAP/cpw.mods.modlauncher@11.0.5/cpw.mods.modlauncher.LaunchServiceHandler.launch(LaunchServiceHandler.java:71) [modlauncher-11.0.5.jar%23128!/:?]
	at MC-BOOTSTRAP/cpw.mods.modlauncher@11.0.5/cpw.mods.modlauncher.Launcher.run(Launcher.java:103) [modlauncher-11.0.5.jar%23128!/:?]
	at MC-BOOTSTRAP/cpw.mods.modlauncher@11.0.5/cpw.mods.modlauncher.Launcher.main(Launcher.java:74) [modlauncher-11.0.5.jar%23128!/:?]
	at MC-BOOTSTRAP/cpw.mods.modlauncher@11.0.5/cpw.mods.modlauncher.BootstrapLaunchConsumer.accept(BootstrapLaunchConsumer.java:26) [modlauncher-11.0.5.jar%23128!/:?]
	at MC-BOOTSTRAP/cpw.mods.modlauncher@11.0.5/cpw.mods.modlauncher.BootstrapLaunchConsumer.accept(BootstrapLaunchConsumer.java:23) [modlauncher-11.0.5.jar%23128!/:?]
	at cpw.mods.bootstraplauncher@2.0.2/cpw.mods.bootstraplauncher.BootstrapLauncher.run(BootstrapLauncher.java:210) [bootstraplauncher-2.0.2.jar:?]
	at cpw.mods.bootstraplauncher@2.0.2/cpw.mods.bootstraplauncher.BootstrapLauncher.main(BootstrapLauncher.java:69) [bootstraplauncher-2.0.2.jar:?]
	at java.base/jdk.internal.reflect.DirectMethodHandleAccessor.invoke(DirectMethodHandleAccessor.java:103) ~[?:?]
	at java.base/java.lang.reflect.Method.invoke(Method.java:580) ~[?:?]
	at net.neoforged.devlaunch.Main.main(Main.java:57) [DevLaunch-1.0.2.jar:?]
[08set.2026 23:15:44.493] [Render thread/WARN] [net.minecraft.client.renderer.texture.TextureManager/]: Failed to load texture: elementals:textures/gui/blooming_ground_icon.png
java.io.FileNotFoundException: elementals:textures/gui/blooming_ground_icon.png
	at TRANSFORMER/minecraft@1.21.1/net.minecraft.server.packs.resources.ResourceProvider.lambda$getResourceOrThrow$1(ResourceProvider.java:18) ~[neoforge-21.1.235.jar%23189!/:?]
	at java.base/java.util.Optional.orElseThrow(Optional.java:403) ~[?:?]
	at TRANSFORMER/minecraft@1.21.1/net.minecraft.server.packs.resources.ResourceProvider.getResourceOrThrow(ResourceProvider.java:18) ~[neoforge-21.1.235.jar%23189!/:?]
	at TRANSFORMER/geckolib@4.8.4/software.bernie.geckolib.cache.texture.AnimatableTexture.load(AnimatableTexture.java:40) ~[geckolib-neoforge-1.21.1-4.8.4.jar%23195!/:4.8.4]
	at TRANSFORMER/minecraft@1.21.1/net.minecraft.client.renderer.texture.TextureManager.loadTexture(TextureManager.java:92) ~[neoforge-21.1.235.jar%23189!/:?]
	at TRANSFORMER/minecraft@1.21.1/net.minecraft.client.renderer.texture.TextureManager.register(TextureManager.java:63) ~[neoforge-21.1.235.jar%23189!/:?]
	at TRANSFORMER/minecraft@1.21.1/net.minecraft.client.renderer.texture.TextureManager.wrapOperation$zba000$geckolib$replaceAnimatableTexture(TextureManager.java:1031) ~[neoforge-21.1.235.jar%23189!/:?]
	at TRANSFORMER/minecraft@1.21.1/net.minecraft.client.renderer.texture.TextureManager.getTexture(TextureManager.java:112) ~[neoforge-21.1.235.jar%23189!/:?]
	at TRANSFORMER/minecraft@1.21.1/com.mojang.blaze3d.systems.RenderSystem._setShaderTexture(RenderSystem.java:725) ~[neoforge-21.1.235.jar%23189!/:?]
	at TRANSFORMER/minecraft@1.21.1/com.mojang.blaze3d.systems.RenderSystem.setShaderTexture(RenderSystem.java:718) ~[neoforge-21.1.235.jar%23189!/:?]
	at TRANSFORMER/elementals@5.0.0/dev.saperate.elementals.client.gui.UpgradeTreeScreen.drawTexture(UpgradeTreeScreen.java:473) ~[elementals-neoforge-1.21.1-5.0.0.jar%23193!/:5.0.0]
	at TRANSFORMER/elementals@5.0.0/dev.saperate.elementals.client.gui.UpgradeTreeScreen.drawUpgradeButton(UpgradeTreeScreen.java:279) ~[elementals-neoforge-1.21.1-5.0.0.jar%23193!/:5.0.0]
	at TRANSFORMER/elementals@5.0.0/dev.saperate.elementals.client.gui.UpgradeTreeScreen.drawTree(UpgradeTreeScreen.java:309) ~[elementals-neoforge-1.21.1-5.0.0.jar%23193!/:5.0.0]
	at TRANSFORMER/elementals@5.0.0/dev.saperate.elementals.client.gui.UpgradeTreeScreen.render(UpgradeTreeScreen.java:155) ~[elementals-neoforge-1.21.1-5.0.0.jar%23193!/:5.0.0]
	at TRANSFORMER/minecraft@1.21.1/net.minecraft.client.gui.screens.Screen.renderWithTooltip(Screen.java:112) ~[neoforge-21.1.235.jar%23189!/:?]
	at TRANSFORMER/neoforge@21.1.235/net.neoforged.neoforge.client.ClientHooks.drawScreenInternal(ClientHooks.java:429) ~[neoforge-21.1.235.jar%23190!/:?]
	at TRANSFORMER/neoforge@21.1.235/net.neoforged.neoforge.client.ClientHooks.drawScreen(ClientHooks.java:423) ~[neoforge-21.1.235.jar%23190!/:?]
	at TRANSFORMER/minecraft@1.21.1/net.minecraft.client.renderer.GameRenderer.render(GameRenderer.java:1098) ~[neoforge-21.1.235.jar%23189!/:?]
	at TRANSFORMER/minecraft@1.21.1/net.minecraft.client.Minecraft.runTick(Minecraft.java:1201) ~[neoforge-21.1.235.jar%23189!/:?]
	at TRANSFORMER/minecraft@1.21.1/net.minecraft.client.Minecraft.run(Minecraft.java:813) ~[neoforge-21.1.235.jar%23189!/:?]
	at TRANSFORMER/minecraft@1.21.1/net.minecraft.client.main.Main.main(Main.java:230) ~[neoforge-21.1.235.jar%23189!/:?]
	at java.base/jdk.internal.reflect.DirectMethodHandleAccessor.invoke(DirectMethodHandleAccessor.java:103) ~[?:?]
	at java.base/java.lang.reflect.Method.invoke(Method.java:580) ~[?:?]
	at MC-BOOTSTRAP/fml_loader@4.0.42/net.neoforged.fml.loading.targets.CommonLaunchHandler.runTarget(CommonLaunchHandler.java:136) ~[loader-4.0.42.jar%23146!/:4.0]
	at MC-BOOTSTRAP/fml_loader@4.0.42/net.neoforged.fml.loading.targets.CommonLaunchHandler.clientService(CommonLaunchHandler.java:124) ~[loader-4.0.42.jar%23146!/:4.0]
	at MC-BOOTSTRAP/fml_loader@4.0.42/net.neoforged.fml.loading.targets.NeoForgeClientDevLaunchHandler.runService(NeoForgeClientDevLaunchHandler.java:23) ~[loader-4.0.42.jar%23146!/:4.0]
	at MC-BOOTSTRAP/fml_loader@4.0.42/net.neoforged.fml.loading.targets.CommonLaunchHandler.lambda$launchService$4(CommonLaunchHandler.java:118) ~[loader-4.0.42.jar%23146!/:4.0]
	at MC-BOOTSTRAP/cpw.mods.modlauncher@11.0.5/cpw.mods.modlauncher.LaunchServiceHandlerDecorator.launch(LaunchServiceHandlerDecorator.java:30) [modlauncher-11.0.5.jar%23128!/:?]
	at MC-BOOTSTRAP/cpw.mods.modlauncher@11.0.5/cpw.mods.modlauncher.LaunchServiceHandler.launch(LaunchServiceHandler.java:53) [modlauncher-11.0.5.jar%23128!/:?]
	at MC-BOOTSTRAP/cpw.mods.modlauncher@11.0.5/cpw.mods.modlauncher.LaunchServiceHandler.launch(LaunchServiceHandler.java:71) [modlauncher-11.0.5.jar%23128!/:?]
	at MC-BOOTSTRAP/cpw.mods.modlauncher@11.0.5/cpw.mods.modlauncher.Launcher.run(Launcher.java:103) [modlauncher-11.0.5.jar%23128!/:?]
	at MC-BOOTSTRAP/cpw.mods.modlauncher@11.0.5/cpw.mods.modlauncher.Launcher.main(Launcher.java:74) [modlauncher-11.0.5.jar%23128!/:?]
	at MC-BOOTSTRAP/cpw.mods.modlauncher@11.0.5/cpw.mods.modlauncher.BootstrapLaunchConsumer.accept(BootstrapLaunchConsumer.java:26) [modlauncher-11.0.5.jar%23128!/:?]
	at MC-BOOTSTRAP/cpw.mods.modlauncher@11.0.5/cpw.mods.modlauncher.BootstrapLaunchConsumer.accept(BootstrapLaunchConsumer.java:23) [modlauncher-11.0.5.jar%23128!/:?]
	at cpw.mods.bootstraplauncher@2.0.2/cpw.mods.bootstraplauncher.BootstrapLauncher.run(BootstrapLauncher.java:210) [bootstraplauncher-2.0.2.jar:?]
	at cpw.mods.bootstraplauncher@2.0.2/cpw.mods.bootstraplauncher.BootstrapLauncher.main(BootstrapLauncher.java:69) [bootstraplauncher-2.0.2.jar:?]
	at java.base/jdk.internal.reflect.DirectMethodHandleAccessor.invoke(DirectMethodHandleAccessor.java:103) ~[?:?]
	at java.base/java.lang.reflect.Method.invoke(Method.java:580) ~[?:?]
	at net.neoforged.devlaunch.Main.main(Main.java:57) [DevLaunch-1.0.2.jar:?]
[08set.2026 23:15:44.494] [Render thread/WARN] [net.minecraft.client.renderer.texture.TextureManager/]: Failed to load texture: elementals:textures/gui/blooming_ground_icon.png
java.io.FileNotFoundException: elementals:textures/gui/blooming_ground_icon.png
	at TRANSFORMER/minecraft@1.21.1/net.minecraft.server.packs.resources.ResourceProvider.lambda$getResourceOrThrow$1(ResourceProvider.java:18) ~[neoforge-21.1.235.jar%23189!/:?]
	at java.base/java.util.Optional.orElseThrow(Optional.java:403) ~[?:?]
	at TRANSFORMER/minecraft@1.21.1/net.minecraft.server.packs.resources.ResourceProvider.getResourceOrThrow(ResourceProvider.java:18) ~[neoforge-21.1.235.jar%23189!/:?]
	at TRANSFORMER/minecraft@1.21.1/net.minecraft.client.renderer.texture.SimpleTexture$TextureImage.load(SimpleTexture.java:83) ~[neoforge-21.1.235.jar%23189!/:?]
	at TRANSFORMER/minecraft@1.21.1/net.minecraft.client.renderer.texture.SimpleTexture.getTextureImage(SimpleTexture.java:57) ~[neoforge-21.1.235.jar%23189!/:?]
	at TRANSFORMER/minecraft@1.21.1/net.minecraft.client.renderer.texture.SimpleTexture.load(SimpleTexture.java:30) ~[neoforge-21.1.235.jar%23189!/:?]
	at TRANSFORMER/minecraft@1.21.1/net.minecraft.client.renderer.texture.TextureManager.loadTexture(TextureManager.java:92) ~[neoforge-21.1.235.jar%23189!/:?]
	at TRANSFORMER/minecraft@1.21.1/net.minecraft.client.renderer.texture.TextureManager.register(TextureManager.java:63) ~[neoforge-21.1.235.jar%23189!/:?]
	at TRANSFORMER/minecraft@1.21.1/net.minecraft.client.renderer.texture.TextureManager.getTexture(TextureManager.java:113) ~[neoforge-21.1.235.jar%23189!/:?]
	at TRANSFORMER/minecraft@1.21.1/com.mojang.blaze3d.systems.RenderSystem._setShaderTexture(RenderSystem.java:725) ~[neoforge-21.1.235.jar%23189!/:?]
	at TRANSFORMER/minecraft@1.21.1/com.mojang.blaze3d.systems.RenderSystem.setShaderTexture(RenderSystem.java:718) ~[neoforge-21.1.235.jar%23189!/:?]
	at TRANSFORMER/elementals@5.0.0/dev.saperate.elementals.client.gui.UpgradeTreeScreen.drawTexture(UpgradeTreeScreen.java:473) ~[elementals-neoforge-1.21.1-5.0.0.jar%23193!/:5.0.0]
	at TRANSFORMER/elementals@5.0.0/dev.saperate.elementals.client.gui.UpgradeTreeScreen.drawUpgradeButton(UpgradeTreeScreen.java:279) ~[elementals-neoforge-1.21.1-5.0.0.jar%23193!/:5.0.0]
	at TRANSFORMER/elementals@5.0.0/dev.saperate.elementals.client.gui.UpgradeTreeScreen.drawTree(UpgradeTreeScreen.java:309) ~[elementals-neoforge-1.21.1-5.0.0.jar%23193!/:5.0.0]
	at TRANSFORMER/elementals@5.0.0/dev.saperate.elementals.client.gui.UpgradeTreeScreen.render(UpgradeTreeScreen.java:155) ~[elementals-neoforge-1.21.1-5.0.0.jar%23193!/:5.0.0]
	at TRANSFORMER/minecraft@1.21.1/net.minecraft.client.gui.screens.Screen.renderWithTooltip(Screen.java:112) ~[neoforge-21.1.235.jar%23189!/:?]
	at TRANSFORMER/neoforge@21.1.235/net.neoforged.neoforge.client.ClientHooks.drawScreenInternal(ClientHooks.java:429) ~[neoforge-21.1.235.jar%23190!/:?]
	at TRANSFORMER/neoforge@21.1.235/net.neoforged.neoforge.client.ClientHooks.drawScreen(ClientHooks.java:423) ~[neoforge-21.1.235.jar%23190!/:?]
	at TRANSFORMER/minecraft@1.21.1/net.minecraft.client.renderer.GameRenderer.render(GameRenderer.java:1098) ~[neoforge-21.1.235.jar%23189!/:?]
	at TRANSFORMER/minecraft@1.21.1/net.minecraft.client.Minecraft.runTick(Minecraft.java:1201) ~[neoforge-21.1.235.jar%23189!/:?]
	at TRANSFORMER/minecraft@1.21.1/net.minecraft.client.Minecraft.run(Minecraft.java:813) ~[neoforge-21.1.235.jar%23189!/:?]
	at TRANSFORMER/minecraft@1.21.1/net.minecraft.client.main.Main.main(Main.java:230) ~[neoforge-21.1.235.jar%23189!/:?]
	at java.base/jdk.internal.reflect.DirectMethodHandleAccessor.invoke(DirectMethodHandleAccessor.java:103) ~[?:?]
	at java.base/java.lang.reflect.Method.invoke(Method.java:580) ~[?:?]
	at MC-BOOTSTRAP/fml_loader@4.0.42/net.neoforged.fml.loading.targets.CommonLaunchHandler.runTarget(CommonLaunchHandler.java:136) ~[loader-4.0.42.jar%23146!/:4.0]
	at MC-BOOTSTRAP/fml_loader@4.0.42/net.neoforged.fml.loading.targets.CommonLaunchHandler.clientService(CommonLaunchHandler.java:124) ~[loader-4.0.42.jar%23146!/:4.0]
	at MC-BOOTSTRAP/fml_loader@4.0.42/net.neoforged.fml.loading.targets.NeoForgeClientDevLaunchHandler.runService(NeoForgeClientDevLaunchHandler.java:23) ~[loader-4.0.42.jar%23146!/:4.0]
	at MC-BOOTSTRAP/fml_loader@4.0.42/net.neoforged.fml.loading.targets.CommonLaunchHandler.lambda$launchService$4(CommonLaunchHandler.java:118) ~[loader-4.0.42.jar%23146!/:4.0]
	at MC-BOOTSTRAP/cpw.mods.modlauncher@11.0.5/cpw.mods.modlauncher.LaunchServiceHandlerDecorator.launch(LaunchServiceHandlerDecorator.java:30) [modlauncher-11.0.5.jar%23128!/:?]
	at MC-BOOTSTRAP/cpw.mods.modlauncher@11.0.5/cpw.mods.modlauncher.LaunchServiceHandler.launch(LaunchServiceHandler.java:53) [modlauncher-11.0.5.jar%23128!/:?]
	at MC-BOOTSTRAP/cpw.mods.modlauncher@11.0.5/cpw.mods.modlauncher.LaunchServiceHandler.launch(LaunchServiceHandler.java:71) [modlauncher-11.0.5.jar%23128!/:?]
	at MC-BOOTSTRAP/cpw.mods.modlauncher@11.0.5/cpw.mods.modlauncher.Launcher.run(Launcher.java:103) [modlauncher-11.0.5.jar%23128!/:?]
	at MC-BOOTSTRAP/cpw.mods.modlauncher@11.0.5/cpw.mods.modlauncher.Launcher.main(Launcher.java:74) [modlauncher-11.0.5.jar%23128!/:?]
	at MC-BOOTSTRAP/cpw.mods.modlauncher@11.0.5/cpw.mods.modlauncher.BootstrapLaunchConsumer.accept(BootstrapLaunchConsumer.java:26) [modlauncher-11.0.5.jar%23128!/:?]
	at MC-BOOTSTRAP/cpw.mods.modlauncher@11.0.5/cpw.mods.modlauncher.BootstrapLaunchConsumer.accept(BootstrapLaunchConsumer.java:23) [modlauncher-11.0.5.jar%23128!/:?]
	at cpw.mods.bootstraplauncher@2.0.2/cpw.mods.bootstraplauncher.BootstrapLauncher.run(BootstrapLauncher.java:210) [bootstraplauncher-2.0.2.jar:?]
	at cpw.mods.bootstraplauncher@2.0.2/cpw.mods.bootstraplauncher.BootstrapLauncher.main(BootstrapLauncher.java:69) [bootstraplauncher-2.0.2.jar:?]
	at java.base/jdk.internal.reflect.DirectMethodHandleAccessor.invoke(DirectMethodHandleAccessor.java:103) ~[?:?]
	at java.base/java.lang.reflect.Method.invoke(Method.java:580) ~[?:?]
	at net.neoforged.devlaunch.Main.main(Main.java:57) [DevLaunch-1.0.2.jar:?]
[08set.2026 23:15:44.536] [Server thread/INFO] [net.minecraft.client.server.IntegratedServer/]: Saving and pausing game...
[08set.2026 23:15:44.553] [Server thread/INFO] [net.minecraft.server.MinecraftServer/]: Saving chunks for level 'ServerLevel[New World]'/minecraft:overworld
[08set.2026 23:15:44.575] [Server thread/INFO] [net.minecraft.server.MinecraftServer/]: Saving chunks for level 'ServerLevel[New World]'/minecraft:the_end
[08set.2026 23:15:44.575] [Server thread/INFO] [net.minecraft.server.MinecraftServer/]: Saving chunks for level 'ServerLevel[New World]'/minecraft:the_nether
[08set.2026 23:15:44.577] [Server thread/DEBUG] [net.neoforged.neoforge.common.CommonHooks/WP]: Gathered mod list to write to world save New World
[08set.2026 23:15:58.634] [Server thread/INFO] [net.minecraft.server.MinecraftServer/]: [Dev: Set own game mode to Survival Mode]
[08set.2026 23:15:58.650] [Render thread/INFO] [net.minecraft.client.gui.components.ChatComponent/]: [System] [CHAT] Set own game mode to Survival Mode
[08set.2026 23:16:05.755] [Server thread/INFO] [net.minecraft.server.MinecraftServer/]: [Dev: Applied 19.0 damage to Dev]
[08set.2026 23:16:05.766] [Render thread/INFO] [net.minecraft.client.gui.components.ChatComponent/]: [System] [CHAT] Applied 19.0 damage to Dev
[08set.2026 23:16:15.399] [Server thread/INFO] [net.minecraft.server.MinecraftServer/]: [Dev: Applied 19.0 damage to Dev]
[08set.2026 23:16:15.415] [Render thread/INFO] [net.minecraft.client.gui.components.ChatComponent/]: [System] [CHAT] Applied 19.0 damage to Dev
[08set.2026 23:16:25.387] [Server thread/INFO] [net.minecraft.client.server.IntegratedServer/]: Saving and pausing game...
[08set.2026 23:16:25.395] [Server thread/INFO] [net.minecraft.server.MinecraftServer/]: Saving chunks for level 'ServerLevel[New World]'/minecraft:overworld
[08set.2026 23:16:25.402] [Server thread/INFO] [net.minecraft.server.MinecraftServer/]: Saving chunks for level 'ServerLevel[New World]'/minecraft:the_end
[08set.2026 23:16:25.402] [Server thread/INFO] [net.minecraft.server.MinecraftServer/]: Saving chunks for level 'ServerLevel[New World]'/minecraft:the_nether
[08set.2026 23:16:25.403] [Server thread/DEBUG] [net.neoforged.neoforge.common.CommonHooks/WP]: Gathered mod list to write to world save New World
[08set.2026 23:16:31.135] [Server thread/INFO] [net.minecraft.client.server.IntegratedServer/]: Saving and pausing game...
[08set.2026 23:16:31.143] [Server thread/INFO] [net.minecraft.server.MinecraftServer/]: Saving chunks for level 'ServerLevel[New World]'/minecraft:overworld
[08set.2026 23:16:31.148] [Server thread/INFO] [net.minecraft.server.MinecraftServer/]: Saving chunks for level 'ServerLevel[New World]'/minecraft:the_end
[08set.2026 23:16:31.148] [Server thread/INFO] [net.minecraft.server.MinecraftServer/]: Saving chunks for level 'ServerLevel[New World]'/minecraft:the_nether
[08set.2026 23:16:31.149] [Server thread/DEBUG] [net.neoforged.neoforge.common.CommonHooks/WP]: Gathered mod list to write to world save New World
[08set.2026 23:16:36.085] [Server thread/INFO] [net.minecraft.server.MinecraftServer/]: [Dev: Set own game mode to Creative Mode]
[08set.2026 23:16:36.099] [Render thread/INFO] [net.minecraft.client.gui.components.ChatComponent/]: [System] [CHAT] Set own game mode to Creative Mode
[08set.2026 23:16:51.435] [Server thread/INFO] [net.minecraft.client.server.IntegratedServer/]: Saving and pausing game...
[08set.2026 23:16:51.443] [Server thread/INFO] [net.minecraft.server.MinecraftServer/]: Saving chunks for level 'ServerLevel[New World]'/minecraft:overworld
[08set.2026 23:16:51.448] [Server thread/INFO] [net.minecraft.server.MinecraftServer/]: Saving chunks for level 'ServerLevel[New World]'/minecraft:the_end
[08set.2026 23:16:51.448] [Server thread/INFO] [net.minecraft.server.MinecraftServer/]: Saving chunks for level 'ServerLevel[New World]'/minecraft:the_nether
[08set.2026 23:16:51.449] [Server thread/DEBUG] [net.neoforged.neoforge.common.CommonHooks/WP]: Gathered mod list to write to world save New World
[08set.2026 23:17:05.086] [Server thread/INFO] [net.minecraft.client.server.IntegratedServer/]: Saving and pausing game...
[08set.2026 23:17:05.095] [Server thread/INFO] [net.minecraft.server.MinecraftServer/]: Saving chunks for level 'ServerLevel[New World]'/minecraft:overworld
[08set.2026 23:17:05.100] [Server thread/INFO] [net.minecraft.server.MinecraftServer/]: Saving chunks for level 'ServerLevel[New World]'/minecraft:the_end
[08set.2026 23:17:05.100] [Server thread/INFO] [net.minecraft.server.MinecraftServer/]: Saving chunks for level 'ServerLevel[New World]'/minecraft:the_nether
[08set.2026 23:17:05.100] [Server thread/DEBUG] [net.neoforged.neoforge.common.CommonHooks/WP]: Gathered mod list to write to world save New World
[08set.2026 23:17:33.503] [init_biomes/DEBUG] [mixin/]: Mixing ChunkNoiseSamplerMixin from fabric-biome-api-v1.mixins.json into net.minecraft.world.level.levelgen.NoiseChunk
[08set.2026 23:17:33.503] [init_biomes/DEBUG] [mixin/]: fabric-biome-api-v1.mixins.json:ChunkNoiseSamplerMixin from mod fabric_biome_api_v1: Class version 65 required is higher than the class version supported by the current version of Mixin (JAVA_17 supports class version 61)
[08set.2026 23:17:33.509] [init_biomes/DEBUG] [mixin/]: fabric-biome-api-v1.mixins.json:ChunkNoiseSamplerMixin from mod fabric_biome_api_v1->@Inject::init(ILnet/minecraft/world/level/levelgen/RandomState;IILnet/minecraft/world/level/levelgen/NoiseSettings;Lnet/minecraft/world/level/levelgen/DensityFunctions$BeardifierOrMarker;Lnet/minecraft/world/level/levelgen/NoiseGeneratorSettings;Lnet/minecraft/world/level/levelgen/Aquifer$FluidPicker;Lnet/minecraft/world/level/levelgen/blending/Blender;Lorg/spongepowered/asm/mixin/injection/callback/CallbackInfo;)V doesn't use it's CallbackInfo
[08set.2026 23:17:33.510] [init_biomes/DEBUG] [mixin/]: fabric-biome-api-v1.mixins.json:ChunkNoiseSamplerMixin from mod fabric_biome_api_v1->@Inject::init(ILnet/minecraft/world/level/levelgen/RandomState;IILnet/minecraft/world/level/levelgen/NoiseSettings;Lnet/minecraft/world/level/levelgen/DensityFunctions$BeardifierOrMarker;Lnet/minecraft/world/level/levelgen/NoiseGeneratorSettings;Lnet/minecraft/world/level/levelgen/Aquifer$FluidPicker;Lnet/minecraft/world/level/levelgen/blending/Blender;Lorg/spongepowered/asm/mixin/injection/callback/CallbackInfo;)V has 0 override(s) in child classes
[08set.2026 23:17:33.510] [init_biomes/DEBUG] [mixin/]: fabric-biome-api-v1.mixins.json:ChunkNoiseSamplerMixin from mod fabric_biome_api_v1->@Inject::init(ILnet/minecraft/world/level/levelgen/RandomState;IILnet/minecraft/world/level/levelgen/NoiseSettings;Lnet/minecraft/world/level/levelgen/DensityFunctions$BeardifierOrMarker;Lnet/minecraft/world/level/levelgen/NoiseGeneratorSettings;Lnet/minecraft/world/level/levelgen/Aquifer$FluidPicker;Lnet/minecraft/world/level/levelgen/blending/Blender;Lorg/spongepowered/asm/mixin/injection/callback/CallbackInfo;)V won't be passed a CallbackInfo as a result
[08set.2026 23:17:33.510] [init_biomes/DEBUG] [mixin/]: fabric-biome-api-v1.mixins.json:ChunkNoiseSamplerMixin from mod fabric_biome_api_v1->@Inject::createMultiNoiseSampler(Lnet/minecraft/world/level/levelgen/NoiseRouter;Ljava/util/List;Lorg/spongepowered/asm/mixin/injection/callback/CallbackInfoReturnable;)V does use it's CallbackInfoReturnable
[08set.2026 23:17:34.108] [Render thread/INFO] [net.minecraft.advancements.AdvancementTree/]: Loaded 51 advancements
[08set.2026 23:17:34.600] [Render thread/INFO] [net.minecraft.advancements.AdvancementTree/]: Loaded 54 advancements
[08set.2026 23:18:05.536] [Server thread/INFO] [net.minecraft.client.server.IntegratedServer/]: Saving and pausing game...
[08set.2026 23:18:05.552] [Server thread/INFO] [net.minecraft.server.MinecraftServer/]: Saving chunks for level 'ServerLevel[New World]'/minecraft:overworld
[08set.2026 23:18:05.559] [Server thread/INFO] [net.minecraft.server.MinecraftServer/]: Saving chunks for level 'ServerLevel[New World]'/minecraft:the_end
[08set.2026 23:18:05.559] [Server thread/INFO] [net.minecraft.server.MinecraftServer/]: Saving chunks for level 'ServerLevel[New World]'/minecraft:the_nether
[08set.2026 23:18:05.560] [Server thread/DEBUG] [net.neoforged.neoforge.common.CommonHooks/WP]: Gathered mod list to write to world save New World
[08set.2026 23:18:27.886] [Server thread/INFO] [net.minecraft.client.server.IntegratedServer/]: Saving and pausing game...
[08set.2026 23:18:27.894] [Server thread/INFO] [net.minecraft.server.MinecraftServer/]: Saving chunks for level 'ServerLevel[New World]'/minecraft:overworld
[08set.2026 23:18:27.898] [Server thread/INFO] [net.minecraft.server.MinecraftServer/]: Saving chunks for level 'ServerLevel[New World]'/minecraft:the_end
[08set.2026 23:18:27.898] [Server thread/INFO] [net.minecraft.server.MinecraftServer/]: Saving chunks for level 'ServerLevel[New World]'/minecraft:the_nether
[08set.2026 23:18:27.899] [Server thread/DEBUG] [net.neoforged.neoforge.common.CommonHooks/WP]: Gathered mod list to write to world save New World
[08set.2026 23:19:24.373] [Server thread/INFO] [net.minecraft.server.MinecraftServer/]: [Dev: Set own game mode to Survival Mode]
[08set.2026 23:19:24.387] [Render thread/INFO] [net.minecraft.client.gui.components.ChatComponent/]: [System] [CHAT] Set own game mode to Survival Mode
[08set.2026 23:19:37.403] [Render thread/INFO] [net.minecraft.advancements.AdvancementTree/]: Loaded 54 advancements
[08set.2026 23:19:53.785] [Server thread/INFO] [net.minecraft.client.server.IntegratedServer/]: Saving and pausing game...
[08set.2026 23:19:53.798] [Server thread/INFO] [net.minecraft.server.MinecraftServer/]: Saving chunks for level 'ServerLevel[New World]'/minecraft:overworld
[08set.2026 23:19:53.809] [Server thread/INFO] [net.minecraft.server.MinecraftServer/]: Saving chunks for level 'ServerLevel[New World]'/minecraft:the_end
[08set.2026 23:19:53.809] [Server thread/INFO] [net.minecraft.server.MinecraftServer/]: Saving chunks for level 'ServerLevel[New World]'/minecraft:the_nether
[08set.2026 23:19:53.810] [Server thread/DEBUG] [net.neoforged.neoforge.common.CommonHooks/WP]: Gathered mod list to write to world save New World
[08set.2026 23:20:02.336] [Server thread/INFO] [net.minecraft.client.server.IntegratedServer/]: Saving and pausing game...
[08set.2026 23:20:02.344] [Server thread/INFO] [net.minecraft.server.MinecraftServer/]: Saving chunks for level 'ServerLevel[New World]'/minecraft:overworld
[08set.2026 23:20:02.350] [Server thread/INFO] [net.minecraft.server.MinecraftServer/]: Saving chunks for level 'ServerLevel[New World]'/minecraft:the_end
[08set.2026 23:20:02.350] [Server thread/INFO] [net.minecraft.server.MinecraftServer/]: Saving chunks for level 'ServerLevel[New World]'/minecraft:the_nether
[08set.2026 23:20:02.350] [Server thread/DEBUG] [net.neoforged.neoforge.common.CommonHooks/WP]: Gathered mod list to write to world save New World
[08set.2026 23:20:45.254] [Render thread/INFO] [net.minecraft.client.gui.components.ChatComponent/]: [System] [CHAT] Deep in the forest, the plants seem to lean toward you -- you've learned Plant Bending!
[08set.2026 23:20:52.006] [Server thread/INFO] [net.minecraft.server.MinecraftServer/]: [Dev: Dev can now bend: Ice]
[08set.2026 23:20:52.022] [Render thread/INFO] [net.minecraft.client.gui.components.ChatComponent/]: [System] [CHAT] Dev can now bend: Ice
[08set.2026 23:20:53.040] [Render thread/WARN] [net.minecraft.client.renderer.texture.TextureManager/]: Failed to load texture: elementals:textures/gui/ice_upgrade_button.png
java.io.FileNotFoundException: elementals:textures/gui/ice_upgrade_button.png
	at TRANSFORMER/minecraft@1.21.1/net.minecraft.server.packs.resources.ResourceProvider.lambda$getResourceOrThrow$1(ResourceProvider.java:18) ~[neoforge-21.1.235.jar%23189!/:?]
	at java.base/java.util.Optional.orElseThrow(Optional.java:403) ~[?:?]
	at TRANSFORMER/minecraft@1.21.1/net.minecraft.server.packs.resources.ResourceProvider.getResourceOrThrow(ResourceProvider.java:18) ~[neoforge-21.1.235.jar%23189!/:?]
	at TRANSFORMER/geckolib@4.8.4/software.bernie.geckolib.cache.texture.AnimatableTexture.load(AnimatableTexture.java:40) ~[geckolib-neoforge-1.21.1-4.8.4.jar%23195!/:4.8.4]
	at TRANSFORMER/minecraft@1.21.1/net.minecraft.client.renderer.texture.TextureManager.loadTexture(TextureManager.java:92) ~[neoforge-21.1.235.jar%23189!/:?]
	at TRANSFORMER/minecraft@1.21.1/net.minecraft.client.renderer.texture.TextureManager.register(TextureManager.java:63) ~[neoforge-21.1.235.jar%23189!/:?]
	at TRANSFORMER/minecraft@1.21.1/net.minecraft.client.renderer.texture.TextureManager.wrapOperation$zba000$geckolib$replaceAnimatableTexture(TextureManager.java:1031) ~[neoforge-21.1.235.jar%23189!/:?]
	at TRANSFORMER/minecraft@1.21.1/net.minecraft.client.renderer.texture.TextureManager.getTexture(TextureManager.java:112) ~[neoforge-21.1.235.jar%23189!/:?]
	at TRANSFORMER/minecraft@1.21.1/com.mojang.blaze3d.systems.RenderSystem._setShaderTexture(RenderSystem.java:725) ~[neoforge-21.1.235.jar%23189!/:?]
	at TRANSFORMER/minecraft@1.21.1/com.mojang.blaze3d.systems.RenderSystem.setShaderTexture(RenderSystem.java:718) ~[neoforge-21.1.235.jar%23189!/:?]
	at TRANSFORMER/minecraft@1.21.1/net.minecraft.client.gui.GuiGraphics.innerBlit(GuiGraphics.java:965) ~[neoforge-21.1.235.jar%23189!/:?]
	at TRANSFORMER/minecraft@1.21.1/net.minecraft.client.gui.GuiGraphics.blit(GuiGraphics.java:923) ~[neoforge-21.1.235.jar%23189!/:?]
	at TRANSFORMER/minecraft@1.21.1/net.minecraft.client.gui.GuiGraphics.blit(GuiGraphics.java:865) ~[neoforge-21.1.235.jar%23189!/:?]
	at TRANSFORMER/minecraft@1.21.1/net.minecraft.client.gui.GuiGraphics.blit(GuiGraphics.java:888) ~[neoforge-21.1.235.jar%23189!/:?]
	at TRANSFORMER/elementals@5.0.0/dev.saperate.elementals.client.gui.ChiHudOverlay.render(ChiHudOverlay.java:31) ~[elementals-neoforge-1.21.1-5.0.0.jar%23193!/:5.0.0]
	at TRANSFORMER/neoforge@21.1.235/net.neoforged.neoforge.client.gui.GuiLayerManager.renderInner(GuiLayerManager.java:69) ~[neoforge-21.1.235.jar%23190!/:?]
	at TRANSFORMER/neoforge@21.1.235/net.neoforged.neoforge.client.gui.GuiLayerManager.render(GuiLayerManager.java:59) ~[neoforge-21.1.235.jar%23190!/:?]
	at TRANSFORMER/minecraft@1.21.1/net.minecraft.client.gui.Gui.render(Gui.java:261) ~[neoforge-21.1.235.jar%23189!/:?]
	at TRANSFORMER/minecraft@1.21.1/net.minecraft.client.renderer.GameRenderer.render(GameRenderer.java:1079) ~[neoforge-21.1.235.jar%23189!/:?]
	at TRANSFORMER/minecraft@1.21.1/net.minecraft.client.Minecraft.runTick(Minecraft.java:1201) ~[neoforge-21.1.235.jar%23189!/:?]
	at TRANSFORMER/minecraft@1.21.1/net.minecraft.client.Minecraft.run(Minecraft.java:813) ~[neoforge-21.1.235.jar%23189!/:?]
	at TRANSFORMER/minecraft@1.21.1/net.minecraft.client.main.Main.main(Main.java:230) ~[neoforge-21.1.235.jar%23189!/:?]
	at java.base/jdk.internal.reflect.DirectMethodHandleAccessor.invoke(DirectMethodHandleAccessor.java:103) ~[?:?]
	at java.base/java.lang.reflect.Method.invoke(Method.java:580) ~[?:?]
	at MC-BOOTSTRAP/fml_loader@4.0.42/net.neoforged.fml.loading.targets.CommonLaunchHandler.runTarget(CommonLaunchHandler.java:136) ~[loader-4.0.42.jar%23146!/:4.0]
	at MC-BOOTSTRAP/fml_loader@4.0.42/net.neoforged.fml.loading.targets.CommonLaunchHandler.clientService(CommonLaunchHandler.java:124) ~[loader-4.0.42.jar%23146!/:4.0]
	at MC-BOOTSTRAP/fml_loader@4.0.42/net.neoforged.fml.loading.targets.NeoForgeClientDevLaunchHandler.runService(NeoForgeClientDevLaunchHandler.java:23) ~[loader-4.0.42.jar%23146!/:4.0]
	at MC-BOOTSTRAP/fml_loader@4.0.42/net.neoforged.fml.loading.targets.CommonLaunchHandler.lambda$launchService$4(CommonLaunchHandler.java:118) ~[loader-4.0.42.jar%23146!/:4.0]
	at MC-BOOTSTRAP/cpw.mods.modlauncher@11.0.5/cpw.mods.modlauncher.LaunchServiceHandlerDecorator.launch(LaunchServiceHandlerDecorator.java:30) [modlauncher-11.0.5.jar%23128!/:?]
	at MC-BOOTSTRAP/cpw.mods.modlauncher@11.0.5/cpw.mods.modlauncher.LaunchServiceHandler.launch(LaunchServiceHandler.java:53) [modlauncher-11.0.5.jar%23128!/:?]
	at MC-BOOTSTRAP/cpw.mods.modlauncher@11.0.5/cpw.mods.modlauncher.LaunchServiceHandler.launch(LaunchServiceHandler.java:71) [modlauncher-11.0.5.jar%23128!/:?]
	at MC-BOOTSTRAP/cpw.mods.modlauncher@11.0.5/cpw.mods.modlauncher.Launcher.run(Launcher.java:103) [modlauncher-11.0.5.jar%23128!/:?]
	at MC-BOOTSTRAP/cpw.mods.modlauncher@11.0.5/cpw.mods.modlauncher.Launcher.main(Launcher.java:74) [modlauncher-11.0.5.jar%23128!/:?]
	at MC-BOOTSTRAP/cpw.mods.modlauncher@11.0.5/cpw.mods.modlauncher.BootstrapLaunchConsumer.accept(BootstrapLaunchConsumer.java:26) [modlauncher-11.0.5.jar%23128!/:?]
	at MC-BOOTSTRAP/cpw.mods.modlauncher@11.0.5/cpw.mods.modlauncher.BootstrapLaunchConsumer.accept(BootstrapLaunchConsumer.java:23) [modlauncher-11.0.5.jar%23128!/:?]
	at cpw.mods.bootstraplauncher@2.0.2/cpw.mods.bootstraplauncher.BootstrapLauncher.run(BootstrapLauncher.java:210) [bootstraplauncher-2.0.2.jar:?]
	at cpw.mods.bootstraplauncher@2.0.2/cpw.mods.bootstraplauncher.BootstrapLauncher.main(BootstrapLauncher.java:69) [bootstraplauncher-2.0.2.jar:?]
	at java.base/jdk.internal.reflect.DirectMethodHandleAccessor.invoke(DirectMethodHandleAccessor.java:103) ~[?:?]
	at java.base/java.lang.reflect.Method.invoke(Method.java:580) ~[?:?]
	at net.neoforged.devlaunch.Main.main(Main.java:57) [DevLaunch-1.0.2.jar:?]
[08set.2026 23:20:53.042] [Render thread/WARN] [net.minecraft.client.renderer.texture.TextureManager/]: Failed to load texture: elementals:textures/gui/ice_upgrade_button.png
java.io.FileNotFoundException: elementals:textures/gui/ice_upgrade_button.png
	at TRANSFORMER/minecraft@1.21.1/net.minecraft.server.packs.resources.ResourceProvider.lambda$getResourceOrThrow$1(ResourceProvider.java:18) ~[neoforge-21.1.235.jar%23189!/:?]
	at java.base/java.util.Optional.orElseThrow(Optional.java:403) ~[?:?]
	at TRANSFORMER/minecraft@1.21.1/net.minecraft.server.packs.resources.ResourceProvider.getResourceOrThrow(ResourceProvider.java:18) ~[neoforge-21.1.235.jar%23189!/:?]
	at TRANSFORMER/minecraft@1.21.1/net.minecraft.client.renderer.texture.SimpleTexture$TextureImage.load(SimpleTexture.java:83) ~[neoforge-21.1.235.jar%23189!/:?]
	at TRANSFORMER/minecraft@1.21.1/net.minecraft.client.renderer.texture.SimpleTexture.getTextureImage(SimpleTexture.java:57) ~[neoforge-21.1.235.jar%23189!/:?]
	at TRANSFORMER/minecraft@1.21.1/net.minecraft.client.renderer.texture.SimpleTexture.load(SimpleTexture.java:30) ~[neoforge-21.1.235.jar%23189!/:?]
	at TRANSFORMER/minecraft@1.21.1/net.minecraft.client.renderer.texture.TextureManager.loadTexture(TextureManager.java:92) ~[neoforge-21.1.235.jar%23189!/:?]
	at TRANSFORMER/minecraft@1.21.1/net.minecraft.client.renderer.texture.TextureManager.register(TextureManager.java:63) ~[neoforge-21.1.235.jar%23189!/:?]
	at TRANSFORMER/minecraft@1.21.1/net.minecraft.client.renderer.texture.TextureManager.getTexture(TextureManager.java:113) ~[neoforge-21.1.235.jar%23189!/:?]
	at TRANSFORMER/minecraft@1.21.1/com.mojang.blaze3d.systems.RenderSystem._setShaderTexture(RenderSystem.java:725) ~[neoforge-21.1.235.jar%23189!/:?]
	at TRANSFORMER/minecraft@1.21.1/com.mojang.blaze3d.systems.RenderSystem.setShaderTexture(RenderSystem.java:718) ~[neoforge-21.1.235.jar%23189!/:?]
	at TRANSFORMER/minecraft@1.21.1/net.minecraft.client.gui.GuiGraphics.innerBlit(GuiGraphics.java:965) ~[neoforge-21.1.235.jar%23189!/:?]
	at TRANSFORMER/minecraft@1.21.1/net.minecraft.client.gui.GuiGraphics.blit(GuiGraphics.java:923) ~[neoforge-21.1.235.jar%23189!/:?]
	at TRANSFORMER/minecraft@1.21.1/net.minecraft.client.gui.GuiGraphics.blit(GuiGraphics.java:865) ~[neoforge-21.1.235.jar%23189!/:?]
	at TRANSFORMER/minecraft@1.21.1/net.minecraft.client.gui.GuiGraphics.blit(GuiGraphics.java:888) ~[neoforge-21.1.235.jar%23189!/:?]
	at TRANSFORMER/elementals@5.0.0/dev.saperate.elementals.client.gui.ChiHudOverlay.render(ChiHudOverlay.java:31) ~[elementals-neoforge-1.21.1-5.0.0.jar%23193!/:5.0.0]
	at TRANSFORMER/neoforge@21.1.235/net.neoforged.neoforge.client.gui.GuiLayerManager.renderInner(GuiLayerManager.java:69) ~[neoforge-21.1.235.jar%23190!/:?]
	at TRANSFORMER/neoforge@21.1.235/net.neoforged.neoforge.client.gui.GuiLayerManager.render(GuiLayerManager.java:59) ~[neoforge-21.1.235.jar%23190!/:?]
	at TRANSFORMER/minecraft@1.21.1/net.minecraft.client.gui.Gui.render(Gui.java:261) ~[neoforge-21.1.235.jar%23189!/:?]
	at TRANSFORMER/minecraft@1.21.1/net.minecraft.client.renderer.GameRenderer.render(GameRenderer.java:1079) ~[neoforge-21.1.235.jar%23189!/:?]
	at TRANSFORMER/minecraft@1.21.1/net.minecraft.client.Minecraft.runTick(Minecraft.java:1201) ~[neoforge-21.1.235.jar%23189!/:?]
	at TRANSFORMER/minecraft@1.21.1/net.minecraft.client.Minecraft.run(Minecraft.java:813) ~[neoforge-21.1.235.jar%23189!/:?]
	at TRANSFORMER/minecraft@1.21.1/net.minecraft.client.main.Main.main(Main.java:230) ~[neoforge-21.1.235.jar%23189!/:?]
	at java.base/jdk.internal.reflect.DirectMethodHandleAccessor.invoke(DirectMethodHandleAccessor.java:103) ~[?:?]
	at java.base/java.lang.reflect.Method.invoke(Method.java:580) ~[?:?]
	at MC-BOOTSTRAP/fml_loader@4.0.42/net.neoforged.fml.loading.targets.CommonLaunchHandler.runTarget(CommonLaunchHandler.java:136) ~[loader-4.0.42.jar%23146!/:4.0]
	at MC-BOOTSTRAP/fml_loader@4.0.42/net.neoforged.fml.loading.targets.CommonLaunchHandler.clientService(CommonLaunchHandler.java:124) ~[loader-4.0.42.jar%23146!/:4.0]
	at MC-BOOTSTRAP/fml_loader@4.0.42/net.neoforged.fml.loading.targets.NeoForgeClientDevLaunchHandler.runService(NeoForgeClientDevLaunchHandler.java:23) ~[loader-4.0.42.jar%23146!/:4.0]
	at MC-BOOTSTRAP/fml_loader@4.0.42/net.neoforged.fml.loading.targets.CommonLaunchHandler.lambda$launchService$4(CommonLaunchHandler.java:118) ~[loader-4.0.42.jar%23146!/:4.0]
	at MC-BOOTSTRAP/cpw.mods.modlauncher@11.0.5/cpw.mods.modlauncher.LaunchServiceHandlerDecorator.launch(LaunchServiceHandlerDecorator.java:30) [modlauncher-11.0.5.jar%23128!/:?]
	at MC-BOOTSTRAP/cpw.mods.modlauncher@11.0.5/cpw.mods.modlauncher.LaunchServiceHandler.launch(LaunchServiceHandler.java:53) [modlauncher-11.0.5.jar%23128!/:?]
	at MC-BOOTSTRAP/cpw.mods.modlauncher@11.0.5/cpw.mods.modlauncher.LaunchServiceHandler.launch(LaunchServiceHandler.java:71) [modlauncher-11.0.5.jar%23128!/:?]
	at MC-BOOTSTRAP/cpw.mods.modlauncher@11.0.5/cpw.mods.modlauncher.Launcher.run(Launcher.java:103) [modlauncher-11.0.5.jar%23128!/:?]
	at MC-BOOTSTRAP/cpw.mods.modlauncher@11.0.5/cpw.mods.modlauncher.Launcher.main(Launcher.java:74) [modlauncher-11.0.5.jar%23128!/:?]
	at MC-BOOTSTRAP/cpw.mods.modlauncher@11.0.5/cpw.mods.modlauncher.BootstrapLaunchConsumer.accept(BootstrapLaunchConsumer.java:26) [modlauncher-11.0.5.jar%23128!/:?]
	at MC-BOOTSTRAP/cpw.mods.modlauncher@11.0.5/cpw.mods.modlauncher.BootstrapLaunchConsumer.accept(BootstrapLaunchConsumer.java:23) [modlauncher-11.0.5.jar%23128!/:?]
	at cpw.mods.bootstraplauncher@2.0.2/cpw.mods.bootstraplauncher.BootstrapLauncher.run(BootstrapLauncher.java:210) [bootstraplauncher-2.0.2.jar:?]
	at cpw.mods.bootstraplauncher@2.0.2/cpw.mods.bootstraplauncher.BootstrapLauncher.main(BootstrapLauncher.java:69) [bootstraplauncher-2.0.2.jar:?]
	at java.base/jdk.internal.reflect.DirectMethodHandleAccessor.invoke(DirectMethodHandleAccessor.java:103) ~[?:?]
	at java.base/java.lang.reflect.Method.invoke(Method.java:580) ~[?:?]
	at net.neoforged.devlaunch.Main.main(Main.java:57) [DevLaunch-1.0.2.jar:?]
[08set.2026 23:20:54.225] [Render thread/WARN] [net.minecraft.client.renderer.texture.TextureManager/]: Failed to load texture: elementals:textures/gui/ice_mastery_icon.png
java.io.FileNotFoundException: elementals:textures/gui/ice_mastery_icon.png
	at TRANSFORMER/minecraft@1.21.1/net.minecraft.server.packs.resources.ResourceProvider.lambda$getResourceOrThrow$1(ResourceProvider.java:18) ~[neoforge-21.1.235.jar%23189!/:?]
	at java.base/java.util.Optional.orElseThrow(Optional.java:403) ~[?:?]
	at TRANSFORMER/minecraft@1.21.1/net.minecraft.server.packs.resources.ResourceProvider.getResourceOrThrow(ResourceProvider.java:18) ~[neoforge-21.1.235.jar%23189!/:?]
	at TRANSFORMER/geckolib@4.8.4/software.bernie.geckolib.cache.texture.AnimatableTexture.load(AnimatableTexture.java:40) ~[geckolib-neoforge-1.21.1-4.8.4.jar%23195!/:4.8.4]
	at TRANSFORMER/minecraft@1.21.1/net.minecraft.client.renderer.texture.TextureManager.loadTexture(TextureManager.java:92) ~[neoforge-21.1.235.jar%23189!/:?]
	at TRANSFORMER/minecraft@1.21.1/net.minecraft.client.renderer.texture.TextureManager.register(TextureManager.java:63) ~[neoforge-21.1.235.jar%23189!/:?]
	at TRANSFORMER/minecraft@1.21.1/net.minecraft.client.renderer.texture.TextureManager.wrapOperation$zba000$geckolib$replaceAnimatableTexture(TextureManager.java:1031) ~[neoforge-21.1.235.jar%23189!/:?]
	at TRANSFORMER/minecraft@1.21.1/net.minecraft.client.renderer.texture.TextureManager.getTexture(TextureManager.java:112) ~[neoforge-21.1.235.jar%23189!/:?]
	at TRANSFORMER/minecraft@1.21.1/com.mojang.blaze3d.systems.RenderSystem._setShaderTexture(RenderSystem.java:725) ~[neoforge-21.1.235.jar%23189!/:?]
	at TRANSFORMER/minecraft@1.21.1/com.mojang.blaze3d.systems.RenderSystem.setShaderTexture(RenderSystem.java:718) ~[neoforge-21.1.235.jar%23189!/:?]
	at TRANSFORMER/elementals@5.0.0/dev.saperate.elementals.client.gui.UpgradeTreeScreen.drawTexture(UpgradeTreeScreen.java:473) ~[elementals-neoforge-1.21.1-5.0.0.jar%23193!/:5.0.0]
	at TRANSFORMER/elementals@5.0.0/dev.saperate.elementals.client.gui.UpgradeTreeScreen.drawUpgradeButton(UpgradeTreeScreen.java:279) ~[elementals-neoforge-1.21.1-5.0.0.jar%23193!/:5.0.0]
	at TRANSFORMER/elementals@5.0.0/dev.saperate.elementals.client.gui.UpgradeTreeScreen.drawTree(UpgradeTreeScreen.java:309) ~[elementals-neoforge-1.21.1-5.0.0.jar%23193!/:5.0.0]
	at TRANSFORMER/elementals@5.0.0/dev.saperate.elementals.client.gui.UpgradeTreeScreen.drawTree(UpgradeTreeScreen.java:362) ~[elementals-neoforge-1.21.1-5.0.0.jar%23193!/:5.0.0]
	at TRANSFORMER/elementals@5.0.0/dev.saperate.elementals.client.gui.UpgradeTreeScreen.render(UpgradeTreeScreen.java:110) ~[elementals-neoforge-1.21.1-5.0.0.jar%23193!/:5.0.0]
	at TRANSFORMER/minecraft@1.21.1/net.minecraft.client.gui.screens.Screen.renderWithTooltip(Screen.java:112) ~[neoforge-21.1.235.jar%23189!/:?]
	at TRANSFORMER/neoforge@21.1.235/net.neoforged.neoforge.client.ClientHooks.drawScreenInternal(ClientHooks.java:429) ~[neoforge-21.1.235.jar%23190!/:?]
	at TRANSFORMER/neoforge@21.1.235/net.neoforged.neoforge.client.ClientHooks.drawScreen(ClientHooks.java:423) ~[neoforge-21.1.235.jar%23190!/:?]
	at TRANSFORMER/minecraft@1.21.1/net.minecraft.client.renderer.GameRenderer.render(GameRenderer.java:1098) ~[neoforge-21.1.235.jar%23189!/:?]
	at TRANSFORMER/minecraft@1.21.1/net.minecraft.client.Minecraft.runTick(Minecraft.java:1201) ~[neoforge-21.1.235.jar%23189!/:?]
	at TRANSFORMER/minecraft@1.21.1/net.minecraft.client.Minecraft.run(Minecraft.java:813) ~[neoforge-21.1.235.jar%23189!/:?]
	at TRANSFORMER/minecraft@1.21.1/net.minecraft.client.main.Main.main(Main.java:230) ~[neoforge-21.1.235.jar%23189!/:?]
	at java.base/jdk.internal.reflect.DirectMethodHandleAccessor.invoke(DirectMethodHandleAccessor.java:103) ~[?:?]
	at java.base/java.lang.reflect.Method.invoke(Method.java:580) ~[?:?]
	at MC-BOOTSTRAP/fml_loader@4.0.42/net.neoforged.fml.loading.targets.CommonLaunchHandler.runTarget(CommonLaunchHandler.java:136) ~[loader-4.0.42.jar%23146!/:4.0]
	at MC-BOOTSTRAP/fml_loader@4.0.42/net.neoforged.fml.loading.targets.CommonLaunchHandler.clientService(CommonLaunchHandler.java:124) ~[loader-4.0.42.jar%23146!/:4.0]
	at MC-BOOTSTRAP/fml_loader@4.0.42/net.neoforged.fml.loading.targets.NeoForgeClientDevLaunchHandler.runService(NeoForgeClientDevLaunchHandler.java:23) ~[loader-4.0.42.jar%23146!/:4.0]
	at MC-BOOTSTRAP/fml_loader@4.0.42/net.neoforged.fml.loading.targets.CommonLaunchHandler.lambda$launchService$4(CommonLaunchHandler.java:118) ~[loader-4.0.42.jar%23146!/:4.0]
	at MC-BOOTSTRAP/cpw.mods.modlauncher@11.0.5/cpw.mods.modlauncher.LaunchServiceHandlerDecorator.launch(LaunchServiceHandlerDecorator.java:30) [modlauncher-11.0.5.jar%23128!/:?]
	at MC-BOOTSTRAP/cpw.mods.modlauncher@11.0.5/cpw.mods.modlauncher.LaunchServiceHandler.launch(LaunchServiceHandler.java:53) [modlauncher-11.0.5.jar%23128!/:?]
	at MC-BOOTSTRAP/cpw.mods.modlauncher@11.0.5/cpw.mods.modlauncher.LaunchServiceHandler.launch(LaunchServiceHandler.java:71) [modlauncher-11.0.5.jar%23128!/:?]
	at MC-BOOTSTRAP/cpw.mods.modlauncher@11.0.5/cpw.mods.modlauncher.Launcher.run(Launcher.java:103) [modlauncher-11.0.5.jar%23128!/:?]
	at MC-BOOTSTRAP/cpw.mods.modlauncher@11.0.5/cpw.mods.modlauncher.Launcher.main(Launcher.java:74) [modlauncher-11.0.5.jar%23128!/:?]
	at MC-BOOTSTRAP/cpw.mods.modlauncher@11.0.5/cpw.mods.modlauncher.BootstrapLaunchConsumer.accept(BootstrapLaunchConsumer.java:26) [modlauncher-11.0.5.jar%23128!/:?]
	at MC-BOOTSTRAP/cpw.mods.modlauncher@11.0.5/cpw.mods.modlauncher.BootstrapLaunchConsumer.accept(BootstrapLaunchConsumer.java:23) [modlauncher-11.0.5.jar%23128!/:?]
	at cpw.mods.bootstraplauncher@2.0.2/cpw.mods.bootstraplauncher.BootstrapLauncher.run(BootstrapLauncher.java:210) [bootstraplauncher-2.0.2.jar:?]
	at cpw.mods.bootstraplauncher@2.0.2/cpw.mods.bootstraplauncher.BootstrapLauncher.main(BootstrapLauncher.java:69) [bootstraplauncher-2.0.2.jar:?]
	at java.base/jdk.internal.reflect.DirectMethodHandleAccessor.invoke(DirectMethodHandleAccessor.java:103) ~[?:?]
	at java.base/java.lang.reflect.Method.invoke(Method.java:580) ~[?:?]
	at net.neoforged.devlaunch.Main.main(Main.java:57) [DevLaunch-1.0.2.jar:?]
[08set.2026 23:20:54.227] [Render thread/WARN] [net.minecraft.client.renderer.texture.TextureManager/]: Failed to load texture: elementals:textures/gui/ice_mastery_icon.png
java.io.FileNotFoundException: elementals:textures/gui/ice_mastery_icon.png
	at TRANSFORMER/minecraft@1.21.1/net.minecraft.server.packs.resources.ResourceProvider.lambda$getResourceOrThrow$1(ResourceProvider.java:18) ~[neoforge-21.1.235.jar%23189!/:?]
	at java.base/java.util.Optional.orElseThrow(Optional.java:403) ~[?:?]
	at TRANSFORMER/minecraft@1.21.1/net.minecraft.server.packs.resources.ResourceProvider.getResourceOrThrow(ResourceProvider.java:18) ~[neoforge-21.1.235.jar%23189!/:?]
	at TRANSFORMER/minecraft@1.21.1/net.minecraft.client.renderer.texture.SimpleTexture$TextureImage.load(SimpleTexture.java:83) ~[neoforge-21.1.235.jar%23189!/:?]
	at TRANSFORMER/minecraft@1.21.1/net.minecraft.client.renderer.texture.SimpleTexture.getTextureImage(SimpleTexture.java:57) ~[neoforge-21.1.235.jar%23189!/:?]
	at TRANSFORMER/minecraft@1.21.1/net.minecraft.client.renderer.texture.SimpleTexture.load(SimpleTexture.java:30) ~[neoforge-21.1.235.jar%23189!/:?]
	at TRANSFORMER/minecraft@1.21.1/net.minecraft.client.renderer.texture.TextureManager.loadTexture(TextureManager.java:92) ~[neoforge-21.1.235.jar%23189!/:?]
	at TRANSFORMER/minecraft@1.21.1/net.minecraft.client.renderer.texture.TextureManager.register(TextureManager.java:63) ~[neoforge-21.1.235.jar%23189!/:?]
	at TRANSFORMER/minecraft@1.21.1/net.minecraft.client.renderer.texture.TextureManager.getTexture(TextureManager.java:113) ~[neoforge-21.1.235.jar%23189!/:?]
	at TRANSFORMER/minecraft@1.21.1/com.mojang.blaze3d.systems.RenderSystem._setShaderTexture(RenderSystem.java:725) ~[neoforge-21.1.235.jar%23189!/:?]
	at TRANSFORMER/minecraft@1.21.1/com.mojang.blaze3d.systems.RenderSystem.setShaderTexture(RenderSystem.java:718) ~[neoforge-21.1.235.jar%23189!/:?]
	at TRANSFORMER/elementals@5.0.0/dev.saperate.elementals.client.gui.UpgradeTreeScreen.drawTexture(UpgradeTreeScreen.java:473) ~[elementals-neoforge-1.21.1-5.0.0.jar%23193!/:5.0.0]
	at TRANSFORMER/elementals@5.0.0/dev.saperate.elementals.client.gui.UpgradeTreeScreen.drawUpgradeButton(UpgradeTreeScreen.java:279) ~[elementals-neoforge-1.21.1-5.0.0.jar%23193!/:5.0.0]
	at TRANSFORMER/elementals@5.0.0/dev.saperate.elementals.client.gui.UpgradeTreeScreen.drawTree(UpgradeTreeScreen.java:309) ~[elementals-neoforge-1.21.1-5.0.0.jar%23193!/:5.0.0]
	at TRANSFORMER/elementals@5.0.0/dev.saperate.elementals.client.gui.UpgradeTreeScreen.drawTree(UpgradeTreeScreen.java:362) ~[elementals-neoforge-1.21.1-5.0.0.jar%23193!/:5.0.0]
	at TRANSFORMER/elementals@5.0.0/dev.saperate.elementals.client.gui.UpgradeTreeScreen.render(UpgradeTreeScreen.java:110) ~[elementals-neoforge-1.21.1-5.0.0.jar%23193!/:5.0.0]
	at TRANSFORMER/minecraft@1.21.1/net.minecraft.client.gui.screens.Screen.renderWithTooltip(Screen.java:112) ~[neoforge-21.1.235.jar%23189!/:?]
	at TRANSFORMER/neoforge@21.1.235/net.neoforged.neoforge.client.ClientHooks.drawScreenInternal(ClientHooks.java:429) ~[neoforge-21.1.235.jar%23190!/:?]
	at TRANSFORMER/neoforge@21.1.235/net.neoforged.neoforge.client.ClientHooks.drawScreen(ClientHooks.java:423) ~[neoforge-21.1.235.jar%23190!/:?]
	at TRANSFORMER/minecraft@1.21.1/net.minecraft.client.renderer.GameRenderer.render(GameRenderer.java:1098) ~[neoforge-21.1.235.jar%23189!/:?]
	at TRANSFORMER/minecraft@1.21.1/net.minecraft.client.Minecraft.runTick(Minecraft.java:1201) ~[neoforge-21.1.235.jar%23189!/:?]
	at TRANSFORMER/minecraft@1.21.1/net.minecraft.client.Minecraft.run(Minecraft.java:813) ~[neoforge-21.1.235.jar%23189!/:?]
	at TRANSFORMER/minecraft@1.21.1/net.minecraft.client.main.Main.main(Main.java:230) ~[neoforge-21.1.235.jar%23189!/:?]
	at java.base/jdk.internal.reflect.DirectMethodHandleAccessor.invoke(DirectMethodHandleAccessor.java:103) ~[?:?]
	at java.base/java.lang.reflect.Method.invoke(Method.java:580) ~[?:?]
	at MC-BOOTSTRAP/fml_loader@4.0.42/net.neoforged.fml.loading.targets.CommonLaunchHandler.runTarget(CommonLaunchHandler.java:136) ~[loader-4.0.42.jar%23146!/:4.0]
	at MC-BOOTSTRAP/fml_loader@4.0.42/net.neoforged.fml.loading.targets.CommonLaunchHandler.clientService(CommonLaunchHandler.java:124) ~[loader-4.0.42.jar%23146!/:4.0]
	at MC-BOOTSTRAP/fml_loader@4.0.42/net.neoforged.fml.loading.targets.NeoForgeClientDevLaunchHandler.runService(NeoForgeClientDevLaunchHandler.java:23) ~[loader-4.0.42.jar%23146!/:4.0]
	at MC-BOOTSTRAP/fml_loader@4.0.42/net.neoforged.fml.loading.targets.CommonLaunchHandler.lambda$launchService$4(CommonLaunchHandler.java:118) ~[loader-4.0.42.jar%23146!/:4.0]
	at MC-BOOTSTRAP/cpw.mods.modlauncher@11.0.5/cpw.mods.modlauncher.LaunchServiceHandlerDecorator.launch(LaunchServiceHandlerDecorator.java:30) [modlauncher-11.0.5.jar%23128!/:?]
	at MC-BOOTSTRAP/cpw.mods.modlauncher@11.0.5/cpw.mods.modlauncher.LaunchServiceHandler.launch(LaunchServiceHandler.java:53) [modlauncher-11.0.5.jar%23128!/:?]
	at MC-BOOTSTRAP/cpw.mods.modlauncher@11.0.5/cpw.mods.modlauncher.LaunchServiceHandler.launch(LaunchServiceHandler.java:71) [modlauncher-11.0.5.jar%23128!/:?]
	at MC-BOOTSTRAP/cpw.mods.modlauncher@11.0.5/cpw.mods.modlauncher.Launcher.run(Launcher.java:103) [modlauncher-11.0.5.jar%23128!/:?]
	at MC-BOOTSTRAP/cpw.mods.modlauncher@11.0.5/cpw.mods.modlauncher.Launcher.main(Launcher.java:74) [modlauncher-11.0.5.jar%23128!/:?]
	at MC-BOOTSTRAP/cpw.mods.modlauncher@11.0.5/cpw.mods.modlauncher.BootstrapLaunchConsumer.accept(BootstrapLaunchConsumer.java:26) [modlauncher-11.0.5.jar%23128!/:?]
	at MC-BOOTSTRAP/cpw.mods.modlauncher@11.0.5/cpw.mods.modlauncher.BootstrapLaunchConsumer.accept(BootstrapLaunchConsumer.java:23) [modlauncher-11.0.5.jar%23128!/:?]
	at cpw.mods.bootstraplauncher@2.0.2/cpw.mods.bootstraplauncher.BootstrapLauncher.run(BootstrapLauncher.java:210) [bootstraplauncher-2.0.2.jar:?]
	at cpw.mods.bootstraplauncher@2.0.2/cpw.mods.bootstraplauncher.BootstrapLauncher.main(BootstrapLauncher.java:69) [bootstraplauncher-2.0.2.jar:?]
	at java.base/jdk.internal.reflect.DirectMethodHandleAccessor.invoke(DirectMethodHandleAccessor.java:103) ~[?:?]
	at java.base/java.lang.reflect.Method.invoke(Method.java:580) ~[?:?]
	at net.neoforged.devlaunch.Main.main(Main.java:57) [DevLaunch-1.0.2.jar:?]
[08set.2026 23:20:54.228] [Render thread/WARN] [net.minecraft.client.renderer.texture.TextureManager/]: Failed to load texture: elementals:textures/gui/ice_spike_icon.png
java.io.FileNotFoundException: elementals:textures/gui/ice_spike_icon.png
	at TRANSFORMER/minecraft@1.21.1/net.minecraft.server.packs.resources.ResourceProvider.lambda$getResourceOrThrow$1(ResourceProvider.java:18) ~[neoforge-21.1.235.jar%23189!/:?]
	at java.base/java.util.Optional.orElseThrow(Optional.java:403) ~[?:?]
	at TRANSFORMER/minecraft@1.21.1/net.minecraft.server.packs.resources.ResourceProvider.getResourceOrThrow(ResourceProvider.java:18) ~[neoforge-21.1.235.jar%23189!/:?]
	at TRANSFORMER/geckolib@4.8.4/software.bernie.geckolib.cache.texture.AnimatableTexture.load(AnimatableTexture.java:40) ~[geckolib-neoforge-1.21.1-4.8.4.jar%23195!/:4.8.4]
	at TRANSFORMER/minecraft@1.21.1/net.minecraft.client.renderer.texture.TextureManager.loadTexture(TextureManager.java:92) ~[neoforge-21.1.235.jar%23189!/:?]
	at TRANSFORMER/minecraft@1.21.1/net.minecraft.client.renderer.texture.TextureManager.register(TextureManager.java:63) ~[neoforge-21.1.235.jar%23189!/:?]
	at TRANSFORMER/minecraft@1.21.1/net.minecraft.client.renderer.texture.TextureManager.wrapOperation$zba000$geckolib$replaceAnimatableTexture(TextureManager.java:1031) ~[neoforge-21.1.235.jar%23189!/:?]
	at TRANSFORMER/minecraft@1.21.1/net.minecraft.client.renderer.texture.TextureManager.getTexture(TextureManager.java:112) ~[neoforge-21.1.235.jar%23189!/:?]
	at TRANSFORMER/minecraft@1.21.1/com.mojang.blaze3d.systems.RenderSystem._setShaderTexture(RenderSystem.java:725) ~[neoforge-21.1.235.jar%23189!/:?]
	at TRANSFORMER/minecraft@1.21.1/com.mojang.blaze3d.systems.RenderSystem.setShaderTexture(RenderSystem.java:718) ~[neoforge-21.1.235.jar%23189!/:?]
	at TRANSFORMER/elementals@5.0.0/dev.saperate.elementals.client.gui.UpgradeTreeScreen.drawTexture(UpgradeTreeScreen.java:473) ~[elementals-neoforge-1.21.1-5.0.0.jar%23193!/:5.0.0]
	at TRANSFORMER/elementals@5.0.0/dev.saperate.elementals.client.gui.UpgradeTreeScreen.drawUpgradeButton(UpgradeTreeScreen.java:279) ~[elementals-neoforge-1.21.1-5.0.0.jar%23193!/:5.0.0]
	at TRANSFORMER/elementals@5.0.0/dev.saperate.elementals.client.gui.UpgradeTreeScreen.drawTree(UpgradeTreeScreen.java:382) ~[elementals-neoforge-1.21.1-5.0.0.jar%23193!/:5.0.0]
	at TRANSFORMER/elementals@5.0.0/dev.saperate.elementals.client.gui.UpgradeTreeScreen.render(UpgradeTreeScreen.java:110) ~[elementals-neoforge-1.21.1-5.0.0.jar%23193!/:5.0.0]
	at TRANSFORMER/minecraft@1.21.1/net.minecraft.client.gui.screens.Screen.renderWithTooltip(Screen.java:112) ~[neoforge-21.1.235.jar%23189!/:?]
	at TRANSFORMER/neoforge@21.1.235/net.neoforged.neoforge.client.ClientHooks.drawScreenInternal(ClientHooks.java:429) ~[neoforge-21.1.235.jar%23190!/:?]
	at TRANSFORMER/neoforge@21.1.235/net.neoforged.neoforge.client.ClientHooks.drawScreen(ClientHooks.java:423) ~[neoforge-21.1.235.jar%23190!/:?]
	at TRANSFORMER/minecraft@1.21.1/net.minecraft.client.renderer.GameRenderer.render(GameRenderer.java:1098) ~[neoforge-21.1.235.jar%23189!/:?]
	at TRANSFORMER/minecraft@1.21.1/net.minecraft.client.Minecraft.runTick(Minecraft.java:1201) ~[neoforge-21.1.235.jar%23189!/:?]
	at TRANSFORMER/minecraft@1.21.1/net.minecraft.client.Minecraft.run(Minecraft.java:813) ~[neoforge-21.1.235.jar%23189!/:?]
	at TRANSFORMER/minecraft@1.21.1/net.minecraft.client.main.Main.main(Main.java:230) ~[neoforge-21.1.235.jar%23189!/:?]
	at java.base/jdk.internal.reflect.DirectMethodHandleAccessor.invoke(DirectMethodHandleAccessor.java:103) ~[?:?]
	at java.base/java.lang.reflect.Method.invoke(Method.java:580) ~[?:?]
	at MC-BOOTSTRAP/fml_loader@4.0.42/net.neoforged.fml.loading.targets.CommonLaunchHandler.runTarget(CommonLaunchHandler.java:136) ~[loader-4.0.42.jar%23146!/:4.0]
	at MC-BOOTSTRAP/fml_loader@4.0.42/net.neoforged.fml.loading.targets.CommonLaunchHandler.clientService(CommonLaunchHandler.java:124) ~[loader-4.0.42.jar%23146!/:4.0]
	at MC-BOOTSTRAP/fml_loader@4.0.42/net.neoforged.fml.loading.targets.NeoForgeClientDevLaunchHandler.runService(NeoForgeClientDevLaunchHandler.java:23) ~[loader-4.0.42.jar%23146!/:4.0]
	at MC-BOOTSTRAP/fml_loader@4.0.42/net.neoforged.fml.loading.targets.CommonLaunchHandler.lambda$launchService$4(CommonLaunchHandler.java:118) ~[loader-4.0.42.jar%23146!/:4.0]
	at MC-BOOTSTRAP/cpw.mods.modlauncher@11.0.5/cpw.mods.modlauncher.LaunchServiceHandlerDecorator.launch(LaunchServiceHandlerDecorator.java:30) [modlauncher-11.0.5.jar%23128!/:?]
	at MC-BOOTSTRAP/cpw.mods.modlauncher@11.0.5/cpw.mods.modlauncher.LaunchServiceHandler.launch(LaunchServiceHandler.java:53) [modlauncher-11.0.5.jar%23128!/:?]
	at MC-BOOTSTRAP/cpw.mods.modlauncher@11.0.5/cpw.mods.modlauncher.LaunchServiceHandler.launch(LaunchServiceHandler.java:71) [modlauncher-11.0.5.jar%23128!/:?]
	at MC-BOOTSTRAP/cpw.mods.modlauncher@11.0.5/cpw.mods.modlauncher.Launcher.run(Launcher.java:103) [modlauncher-11.0.5.jar%23128!/:?]
	at MC-BOOTSTRAP/cpw.mods.modlauncher@11.0.5/cpw.mods.modlauncher.Launcher.main(Launcher.java:74) [modlauncher-11.0.5.jar%23128!/:?]
	at MC-BOOTSTRAP/cpw.mods.modlauncher@11.0.5/cpw.mods.modlauncher.BootstrapLaunchConsumer.accept(BootstrapLaunchConsumer.java:26) [modlauncher-11.0.5.jar%23128!/:?]
	at MC-BOOTSTRAP/cpw.mods.modlauncher@11.0.5/cpw.mods.modlauncher.BootstrapLaunchConsumer.accept(BootstrapLaunchConsumer.java:23) [modlauncher-11.0.5.jar%23128!/:?]
	at cpw.mods.bootstraplauncher@2.0.2/cpw.mods.bootstraplauncher.BootstrapLauncher.run(BootstrapLauncher.java:210) [bootstraplauncher-2.0.2.jar:?]
	at cpw.mods.bootstraplauncher@2.0.2/cpw.mods.bootstraplauncher.BootstrapLauncher.main(BootstrapLauncher.java:69) [bootstraplauncher-2.0.2.jar:?]
	at java.base/jdk.internal.reflect.DirectMethodHandleAccessor.invoke(DirectMethodHandleAccessor.java:103) ~[?:?]
	at java.base/java.lang.reflect.Method.invoke(Method.java:580) ~[?:?]
	at net.neoforged.devlaunch.Main.main(Main.java:57) [DevLaunch-1.0.2.jar:?]
[08set.2026 23:20:54.229] [Render thread/WARN] [net.minecraft.client.renderer.texture.TextureManager/]: Failed to load texture: elementals:textures/gui/ice_spike_icon.png
java.io.FileNotFoundException: elementals:textures/gui/ice_spike_icon.png
	at TRANSFORMER/minecraft@1.21.1/net.minecraft.server.packs.resources.ResourceProvider.lambda$getResourceOrThrow$1(ResourceProvider.java:18) ~[neoforge-21.1.235.jar%23189!/:?]
	at java.base/java.util.Optional.orElseThrow(Optional.java:403) ~[?:?]
	at TRANSFORMER/minecraft@1.21.1/net.minecraft.server.packs.resources.ResourceProvider.getResourceOrThrow(ResourceProvider.java:18) ~[neoforge-21.1.235.jar%23189!/:?]
	at TRANSFORMER/minecraft@1.21.1/net.minecraft.client.renderer.texture.SimpleTexture$TextureImage.load(SimpleTexture.java:83) ~[neoforge-21.1.235.jar%23189!/:?]
	at TRANSFORMER/minecraft@1.21.1/net.minecraft.client.renderer.texture.SimpleTexture.getTextureImage(SimpleTexture.java:57) ~[neoforge-21.1.235.jar%23189!/:?]
	at TRANSFORMER/minecraft@1.21.1/net.minecraft.client.renderer.texture.SimpleTexture.load(SimpleTexture.java:30) ~[neoforge-21.1.235.jar%23189!/:?]
	at TRANSFORMER/minecraft@1.21.1/net.minecraft.client.renderer.texture.TextureManager.loadTexture(TextureManager.java:92) ~[neoforge-21.1.235.jar%23189!/:?]
	at TRANSFORMER/minecraft@1.21.1/net.minecraft.client.renderer.texture.TextureManager.register(TextureManager.java:63) ~[neoforge-21.1.235.jar%23189!/:?]
	at TRANSFORMER/minecraft@1.21.1/net.minecraft.client.renderer.texture.TextureManager.getTexture(TextureManager.java:113) ~[neoforge-21.1.235.jar%23189!/:?]
	at TRANSFORMER/minecraft@1.21.1/com.mojang.blaze3d.systems.RenderSystem._setShaderTexture(RenderSystem.java:725) ~[neoforge-21.1.235.jar%23189!/:?]
	at TRANSFORMER/minecraft@1.21.1/com.mojang.blaze3d.systems.RenderSystem.setShaderTexture(RenderSystem.java:718) ~[neoforge-21.1.235.jar%23189!/:?]
	at TRANSFORMER/elementals@5.0.0/dev.saperate.elementals.client.gui.UpgradeTreeScreen.drawTexture(UpgradeTreeScreen.java:473) ~[elementals-neoforge-1.21.1-5.0.0.jar%23193!/:5.0.0]
	at TRANSFORMER/elementals@5.0.0/dev.saperate.elementals.client.gui.UpgradeTreeScreen.drawUpgradeButton(UpgradeTreeScreen.java:279) ~[elementals-neoforge-1.21.1-5.0.0.jar%23193!/:5.0.0]
	at TRANSFORMER/elementals@5.0.0/dev.saperate.elementals.client.gui.UpgradeTreeScreen.drawTree(UpgradeTreeScreen.java:382) ~[elementals-neoforge-1.21.1-5.0.0.jar%23193!/:5.0.0]
	at TRANSFORMER/elementals@5.0.0/dev.saperate.elementals.client.gui.UpgradeTreeScreen.render(UpgradeTreeScreen.java:110) ~[elementals-neoforge-1.21.1-5.0.0.jar%23193!/:5.0.0]
	at TRANSFORMER/minecraft@1.21.1/net.minecraft.client.gui.screens.Screen.renderWithTooltip(Screen.java:112) ~[neoforge-21.1.235.jar%23189!/:?]
	at TRANSFORMER/neoforge@21.1.235/net.neoforged.neoforge.client.ClientHooks.drawScreenInternal(ClientHooks.java:429) ~[neoforge-21.1.235.jar%23190!/:?]
	at TRANSFORMER/neoforge@21.1.235/net.neoforged.neoforge.client.ClientHooks.drawScreen(ClientHooks.java:423) ~[neoforge-21.1.235.jar%23190!/:?]
	at TRANSFORMER/minecraft@1.21.1/net.minecraft.client.renderer.GameRenderer.render(GameRenderer.java:1098) ~[neoforge-21.1.235.jar%23189!/:?]
	at TRANSFORMER/minecraft@1.21.1/net.minecraft.client.Minecraft.runTick(Minecraft.java:1201) ~[neoforge-21.1.235.jar%23189!/:?]
	at TRANSFORMER/minecraft@1.21.1/net.minecraft.client.Minecraft.run(Minecraft.java:813) ~[neoforge-21.1.235.jar%23189!/:?]
	at TRANSFORMER/minecraft@1.21.1/net.minecraft.client.main.Main.main(Main.java:230) ~[neoforge-21.1.235.jar%23189!/:?]
	at java.base/jdk.internal.reflect.DirectMethodHandleAccessor.invoke(DirectMethodHandleAccessor.java:103) ~[?:?]
	at java.base/java.lang.reflect.Method.invoke(Method.java:580) ~[?:?]
	at MC-BOOTSTRAP/fml_loader@4.0.42/net.neoforged.fml.loading.targets.CommonLaunchHandler.runTarget(CommonLaunchHandler.java:136) ~[loader-4.0.42.jar%23146!/:4.0]
	at MC-BOOTSTRAP/fml_loader@4.0.42/net.neoforged.fml.loading.targets.CommonLaunchHandler.clientService(CommonLaunchHandler.java:124) ~[loader-4.0.42.jar%23146!/:4.0]
	at MC-BOOTSTRAP/fml_loader@4.0.42/net.neoforged.fml.loading.targets.NeoForgeClientDevLaunchHandler.runService(NeoForgeClientDevLaunchHandler.java:23) ~[loader-4.0.42.jar%23146!/:4.0]
	at MC-BOOTSTRAP/fml_loader@4.0.42/net.neoforged.fml.loading.targets.CommonLaunchHandler.lambda$launchService$4(CommonLaunchHandler.java:118) ~[loader-4.0.42.jar%23146!/:4.0]
	at MC-BOOTSTRAP/cpw.mods.modlauncher@11.0.5/cpw.mods.modlauncher.LaunchServiceHandlerDecorator.launch(LaunchServiceHandlerDecorator.java:30) [modlauncher-11.0.5.jar%23128!/:?]
	at MC-BOOTSTRAP/cpw.mods.modlauncher@11.0.5/cpw.mods.modlauncher.LaunchServiceHandler.launch(LaunchServiceHandler.java:53) [modlauncher-11.0.5.jar%23128!/:?]
	at MC-BOOTSTRAP/cpw.mods.modlauncher@11.0.5/cpw.mods.modlauncher.LaunchServiceHandler.launch(LaunchServiceHandler.java:71) [modlauncher-11.0.5.jar%23128!/:?]
	at MC-BOOTSTRAP/cpw.mods.modlauncher@11.0.5/cpw.mods.modlauncher.Launcher.run(Launcher.java:103) [modlauncher-11.0.5.jar%23128!/:?]
	at MC-BOOTSTRAP/cpw.mods.modlauncher@11.0.5/cpw.mods.modlauncher.Launcher.main(Launcher.java:74) [modlauncher-11.0.5.jar%23128!/:?]
	at MC-BOOTSTRAP/cpw.mods.modlauncher@11.0.5/cpw.mods.modlauncher.BootstrapLaunchConsumer.accept(BootstrapLaunchConsumer.java:26) [modlauncher-11.0.5.jar%23128!/:?]
	at MC-BOOTSTRAP/cpw.mods.modlauncher@11.0.5/cpw.mods.modlauncher.BootstrapLaunchConsumer.accept(BootstrapLaunchConsumer.java:23) [modlauncher-11.0.5.jar%23128!/:?]
	at cpw.mods.bootstraplauncher@2.0.2/cpw.mods.bootstraplauncher.BootstrapLauncher.run(BootstrapLauncher.java:210) [bootstraplauncher-2.0.2.jar:?]
	at cpw.mods.bootstraplauncher@2.0.2/cpw.mods.bootstraplauncher.BootstrapLauncher.main(BootstrapLauncher.java:69) [bootstraplauncher-2.0.2.jar:?]
	at java.base/jdk.internal.reflect.DirectMethodHandleAccessor.invoke(DirectMethodHandleAccessor.java:103) ~[?:?]
	at java.base/java.lang.reflect.Method.invoke(Method.java:580) ~[?:?]
	at net.neoforged.devlaunch.Main.main(Main.java:57) [DevLaunch-1.0.2.jar:?]
[08set.2026 23:20:54.230] [Render thread/WARN] [net.minecraft.client.renderer.texture.TextureManager/]: Failed to load texture: elementals:textures/gui/ice_form_icon.png
java.io.FileNotFoundException: elementals:textures/gui/ice_form_icon.png
	at TRANSFORMER/minecraft@1.21.1/net.minecraft.server.packs.resources.ResourceProvider.lambda$getResourceOrThrow$1(ResourceProvider.java:18) ~[neoforge-21.1.235.jar%23189!/:?]
	at java.base/java.util.Optional.orElseThrow(Optional.java:403) ~[?:?]
	at TRANSFORMER/minecraft@1.21.1/net.minecraft.server.packs.resources.ResourceProvider.getResourceOrThrow(ResourceProvider.java:18) ~[neoforge-21.1.235.jar%23189!/:?]
	at TRANSFORMER/geckolib@4.8.4/software.bernie.geckolib.cache.texture.AnimatableTexture.load(AnimatableTexture.java:40) ~[geckolib-neoforge-1.21.1-4.8.4.jar%23195!/:4.8.4]
	at TRANSFORMER/minecraft@1.21.1/net.minecraft.client.renderer.texture.TextureManager.loadTexture(TextureManager.java:92) ~[neoforge-21.1.235.jar%23189!/:?]
	at TRANSFORMER/minecraft@1.21.1/net.minecraft.client.renderer.texture.TextureManager.register(TextureManager.java:63) ~[neoforge-21.1.235.jar%23189!/:?]
	at TRANSFORMER/minecraft@1.21.1/net.minecraft.client.renderer.texture.TextureManager.wrapOperation$zba000$geckolib$replaceAnimatableTexture(TextureManager.java:1031) ~[neoforge-21.1.235.jar%23189!/:?]
	at TRANSFORMER/minecraft@1.21.1/net.minecraft.client.renderer.texture.TextureManager.getTexture(TextureManager.java:112) ~[neoforge-21.1.235.jar%23189!/:?]
	at TRANSFORMER/minecraft@1.21.1/com.mojang.blaze3d.systems.RenderSystem._setShaderTexture(RenderSystem.java:725) ~[neoforge-21.1.235.jar%23189!/:?]
	at TRANSFORMER/minecraft@1.21.1/com.mojang.blaze3d.systems.RenderSystem.setShaderTexture(RenderSystem.java:718) ~[neoforge-21.1.235.jar%23189!/:?]
	at TRANSFORMER/elementals@5.0.0/dev.saperate.elementals.client.gui.UpgradeTreeScreen.drawTexture(UpgradeTreeScreen.java:473) ~[elementals-neoforge-1.21.1-5.0.0.jar%23193!/:5.0.0]
	at TRANSFORMER/elementals@5.0.0/dev.saperate.elementals.client.gui.UpgradeTreeScreen.drawUpgradeButton(UpgradeTreeScreen.java:279) ~[elementals-neoforge-1.21.1-5.0.0.jar%23193!/:5.0.0]
	at TRANSFORMER/elementals@5.0.0/dev.saperate.elementals.client.gui.UpgradeTreeScreen.drawMirroredTree(UpgradeTreeScreen.java:389) ~[elementals-neoforge-1.21.1-5.0.0.jar%23193!/:5.0.0]
	at TRANSFORMER/elementals@5.0.0/dev.saperate.elementals.client.gui.UpgradeTreeScreen.drawMirroredTree(UpgradeTreeScreen.java:446) ~[elementals-neoforge-1.21.1-5.0.0.jar%23193!/:5.0.0]
	at TRANSFORMER/elementals@5.0.0/dev.saperate.elementals.client.gui.UpgradeTreeScreen.render(UpgradeTreeScreen.java:125) ~[elementals-neoforge-1.21.1-5.0.0.jar%23193!/:5.0.0]
	at TRANSFORMER/minecraft@1.21.1/net.minecraft.client.gui.screens.Screen.renderWithTooltip(Screen.java:112) ~[neoforge-21.1.235.jar%23189!/:?]
	at TRANSFORMER/neoforge@21.1.235/net.neoforged.neoforge.client.ClientHooks.drawScreenInternal(ClientHooks.java:429) ~[neoforge-21.1.235.jar%23190!/:?]
	at TRANSFORMER/neoforge@21.1.235/net.neoforged.neoforge.client.ClientHooks.drawScreen(ClientHooks.java:423) ~[neoforge-21.1.235.jar%23190!/:?]
	at TRANSFORMER/minecraft@1.21.1/net.minecraft.client.renderer.GameRenderer.render(GameRenderer.java:1098) ~[neoforge-21.1.235.jar%23189!/:?]
	at TRANSFORMER/minecraft@1.21.1/net.minecraft.client.Minecraft.runTick(Minecraft.java:1201) ~[neoforge-21.1.235.jar%23189!/:?]
	at TRANSFORMER/minecraft@1.21.1/net.minecraft.client.Minecraft.run(Minecraft.java:813) ~[neoforge-21.1.235.jar%23189!/:?]
	at TRANSFORMER/minecraft@1.21.1/net.minecraft.client.main.Main.main(Main.java:230) ~[neoforge-21.1.235.jar%23189!/:?]
	at java.base/jdk.internal.reflect.DirectMethodHandleAccessor.invoke(DirectMethodHandleAccessor.java:103) ~[?:?]
	at java.base/java.lang.reflect.Method.invoke(Method.java:580) ~[?:?]
	at MC-BOOTSTRAP/fml_loader@4.0.42/net.neoforged.fml.loading.targets.CommonLaunchHandler.runTarget(CommonLaunchHandler.java:136) ~[loader-4.0.42.jar%23146!/:4.0]
	at MC-BOOTSTRAP/fml_loader@4.0.42/net.neoforged.fml.loading.targets.CommonLaunchHandler.clientService(CommonLaunchHandler.java:124) ~[loader-4.0.42.jar%23146!/:4.0]
	at MC-BOOTSTRAP/fml_loader@4.0.42/net.neoforged.fml.loading.targets.NeoForgeClientDevLaunchHandler.runService(NeoForgeClientDevLaunchHandler.java:23) ~[loader-4.0.42.jar%23146!/:4.0]
	at MC-BOOTSTRAP/fml_loader@4.0.42/net.neoforged.fml.loading.targets.CommonLaunchHandler.lambda$launchService$4(CommonLaunchHandler.java:118) ~[loader-4.0.42.jar%23146!/:4.0]
	at MC-BOOTSTRAP/cpw.mods.modlauncher@11.0.5/cpw.mods.modlauncher.LaunchServiceHandlerDecorator.launch(LaunchServiceHandlerDecorator.java:30) [modlauncher-11.0.5.jar%23128!/:?]
	at MC-BOOTSTRAP/cpw.mods.modlauncher@11.0.5/cpw.mods.modlauncher.LaunchServiceHandler.launch(LaunchServiceHandler.java:53) [modlauncher-11.0.5.jar%23128!/:?]
	at MC-BOOTSTRAP/cpw.mods.modlauncher@11.0.5/cpw.mods.modlauncher.LaunchServiceHandler.launch(LaunchServiceHandler.java:71) [modlauncher-11.0.5.jar%23128!/:?]
	at MC-BOOTSTRAP/cpw.mods.modlauncher@11.0.5/cpw.mods.modlauncher.Launcher.run(Launcher.java:103) [modlauncher-11.0.5.jar%23128!/:?]
	at MC-BOOTSTRAP/cpw.mods.modlauncher@11.0.5/cpw.mods.modlauncher.Launcher.main(Launcher.java:74) [modlauncher-11.0.5.jar%23128!/:?]
	at MC-BOOTSTRAP/cpw.mods.modlauncher@11.0.5/cpw.mods.modlauncher.BootstrapLaunchConsumer.accept(BootstrapLaunchConsumer.java:26) [modlauncher-11.0.5.jar%23128!/:?]
	at MC-BOOTSTRAP/cpw.mods.modlauncher@11.0.5/cpw.mods.modlauncher.BootstrapLaunchConsumer.accept(BootstrapLaunchConsumer.java:23) [modlauncher-11.0.5.jar%23128!/:?]
	at cpw.mods.bootstraplauncher@2.0.2/cpw.mods.bootstraplauncher.BootstrapLauncher.run(BootstrapLauncher.java:210) [bootstraplauncher-2.0.2.jar:?]
	at cpw.mods.bootstraplauncher@2.0.2/cpw.mods.bootstraplauncher.BootstrapLauncher.main(BootstrapLauncher.java:69) [bootstraplauncher-2.0.2.jar:?]
	at java.base/jdk.internal.reflect.DirectMethodHandleAccessor.invoke(DirectMethodHandleAccessor.java:103) ~[?:?]
	at java.base/java.lang.reflect.Method.invoke(Method.java:580) ~[?:?]
	at net.neoforged.devlaunch.Main.main(Main.java:57) [DevLaunch-1.0.2.jar:?]
[08set.2026 23:20:54.230] [Render thread/WARN] [net.minecraft.client.renderer.texture.TextureManager/]: Failed to load texture: elementals:textures/gui/ice_form_icon.png
java.io.FileNotFoundException: elementals:textures/gui/ice_form_icon.png
	at TRANSFORMER/minecraft@1.21.1/net.minecraft.server.packs.resources.ResourceProvider.lambda$getResourceOrThrow$1(ResourceProvider.java:18) ~[neoforge-21.1.235.jar%23189!/:?]
	at java.base/java.util.Optional.orElseThrow(Optional.java:403) ~[?:?]
	at TRANSFORMER/minecraft@1.21.1/net.minecraft.server.packs.resources.ResourceProvider.getResourceOrThrow(ResourceProvider.java:18) ~[neoforge-21.1.235.jar%23189!/:?]
	at TRANSFORMER/minecraft@1.21.1/net.minecraft.client.renderer.texture.SimpleTexture$TextureImage.load(SimpleTexture.java:83) ~[neoforge-21.1.235.jar%23189!/:?]
	at TRANSFORMER/minecraft@1.21.1/net.minecraft.client.renderer.texture.SimpleTexture.getTextureImage(SimpleTexture.java:57) ~[neoforge-21.1.235.jar%23189!/:?]
	at TRANSFORMER/minecraft@1.21.1/net.minecraft.client.renderer.texture.SimpleTexture.load(SimpleTexture.java:30) ~[neoforge-21.1.235.jar%23189!/:?]
	at TRANSFORMER/minecraft@1.21.1/net.minecraft.client.renderer.texture.TextureManager.loadTexture(TextureManager.java:92) ~[neoforge-21.1.235.jar%23189!/:?]
	at TRANSFORMER/minecraft@1.21.1/net.minecraft.client.renderer.texture.TextureManager.register(TextureManager.java:63) ~[neoforge-21.1.235.jar%23189!/:?]
	at TRANSFORMER/minecraft@1.21.1/net.minecraft.client.renderer.texture.TextureManager.getTexture(TextureManager.java:113) ~[neoforge-21.1.235.jar%23189!/:?]
	at TRANSFORMER/minecraft@1.21.1/com.mojang.blaze3d.systems.RenderSystem._setShaderTexture(RenderSystem.java:725) ~[neoforge-21.1.235.jar%23189!/:?]
	at TRANSFORMER/minecraft@1.21.1/com.mojang.blaze3d.systems.RenderSystem.setShaderTexture(RenderSystem.java:718) ~[neoforge-21.1.235.jar%23189!/:?]
	at TRANSFORMER/elementals@5.0.0/dev.saperate.elementals.client.gui.UpgradeTreeScreen.drawTexture(UpgradeTreeScreen.java:473) ~[elementals-neoforge-1.21.1-5.0.0.jar%23193!/:5.0.0]
	at TRANSFORMER/elementals@5.0.0/dev.saperate.elementals.client.gui.UpgradeTreeScreen.drawUpgradeButton(UpgradeTreeScreen.java:279) ~[elementals-neoforge-1.21.1-5.0.0.jar%23193!/:5.0.0]
	at TRANSFORMER/elementals@5.0.0/dev.saperate.elementals.client.gui.UpgradeTreeScreen.drawMirroredTree(UpgradeTreeScreen.java:389) ~[elementals-neoforge-1.21.1-5.0.0.jar%23193!/:5.0.0]
	at TRANSFORMER/elementals@5.0.0/dev.saperate.elementals.client.gui.UpgradeTreeScreen.drawMirroredTree(UpgradeTreeScreen.java:446) ~[elementals-neoforge-1.21.1-5.0.0.jar%23193!/:5.0.0]
	at TRANSFORMER/elementals@5.0.0/dev.saperate.elementals.client.gui.UpgradeTreeScreen.render(UpgradeTreeScreen.java:125) ~[elementals-neoforge-1.21.1-5.0.0.jar%23193!/:5.0.0]
	at TRANSFORMER/minecraft@1.21.1/net.minecraft.client.gui.screens.Screen.renderWithTooltip(Screen.java:112) ~[neoforge-21.1.235.jar%23189!/:?]
	at TRANSFORMER/neoforge@21.1.235/net.neoforged.neoforge.client.ClientHooks.drawScreenInternal(ClientHooks.java:429) ~[neoforge-21.1.235.jar%23190!/:?]
	at TRANSFORMER/neoforge@21.1.235/net.neoforged.neoforge.client.ClientHooks.drawScreen(ClientHooks.java:423) ~[neoforge-21.1.235.jar%23190!/:?]
	at TRANSFORMER/minecraft@1.21.1/net.minecraft.client.renderer.GameRenderer.render(GameRenderer.java:1098) ~[neoforge-21.1.235.jar%23189!/:?]
	at TRANSFORMER/minecraft@1.21.1/net.minecraft.client.Minecraft.runTick(Minecraft.java:1201) ~[neoforge-21.1.235.jar%23189!/:?]
	at TRANSFORMER/minecraft@1.21.1/net.minecraft.client.Minecraft.run(Minecraft.java:813) ~[neoforge-21.1.235.jar%23189!/:?]
	at TRANSFORMER/minecraft@1.21.1/net.minecraft.client.main.Main.main(Main.java:230) ~[neoforge-21.1.235.jar%23189!/:?]
	at java.base/jdk.internal.reflect.DirectMethodHandleAccessor.invoke(DirectMethodHandleAccessor.java:103) ~[?:?]
	at java.base/java.lang.reflect.Method.invoke(Method.java:580) ~[?:?]
	at MC-BOOTSTRAP/fml_loader@4.0.42/net.neoforged.fml.loading.targets.CommonLaunchHandler.runTarget(CommonLaunchHandler.java:136) ~[loader-4.0.42.jar%23146!/:4.0]
	at MC-BOOTSTRAP/fml_loader@4.0.42/net.neoforged.fml.loading.targets.CommonLaunchHandler.clientService(CommonLaunchHandler.java:124) ~[loader-4.0.42.jar%23146!/:4.0]
	at MC-BOOTSTRAP/fml_loader@4.0.42/net.neoforged.fml.loading.targets.NeoForgeClientDevLaunchHandler.runService(NeoForgeClientDevLaunchHandler.java:23) ~[loader-4.0.42.jar%23146!/:4.0]
	at MC-BOOTSTRAP/fml_loader@4.0.42/net.neoforged.fml.loading.targets.CommonLaunchHandler.lambda$launchService$4(CommonLaunchHandler.java:118) ~[loader-4.0.42.jar%23146!/:4.0]
	at MC-BOOTSTRAP/cpw.mods.modlauncher@11.0.5/cpw.mods.modlauncher.LaunchServiceHandlerDecorator.launch(LaunchServiceHandlerDecorator.java:30) [modlauncher-11.0.5.jar%23128!/:?]
	at MC-BOOTSTRAP/cpw.mods.modlauncher@11.0.5/cpw.mods.modlauncher.LaunchServiceHandler.launch(LaunchServiceHandler.java:53) [modlauncher-11.0.5.jar%23128!/:?]
	at MC-BOOTSTRAP/cpw.mods.modlauncher@11.0.5/cpw.mods.modlauncher.LaunchServiceHandler.launch(LaunchServiceHandler.java:71) [modlauncher-11.0.5.jar%23128!/:?]
	at MC-BOOTSTRAP/cpw.mods.modlauncher@11.0.5/cpw.mods.modlauncher.Launcher.run(Launcher.java:103) [modlauncher-11.0.5.jar%23128!/:?]
	at MC-BOOTSTRAP/cpw.mods.modlauncher@11.0.5/cpw.mods.modlauncher.Launcher.main(Launcher.java:74) [modlauncher-11.0.5.jar%23128!/:?]
	at MC-BOOTSTRAP/cpw.mods.modlauncher@11.0.5/cpw.mods.modlauncher.BootstrapLaunchConsumer.accept(BootstrapLaunchConsumer.java:26) [modlauncher-11.0.5.jar%23128!/:?]
	at MC-BOOTSTRAP/cpw.mods.modlauncher@11.0.5/cpw.mods.modlauncher.BootstrapLaunchConsumer.accept(BootstrapLaunchConsumer.java:23) [modlauncher-11.0.5.jar%23128!/:?]
	at cpw.mods.bootstraplauncher@2.0.2/cpw.mods.bootstraplauncher.BootstrapLauncher.run(BootstrapLauncher.java:210) [bootstraplauncher-2.0.2.jar:?]
	at cpw.mods.bootstraplauncher@2.0.2/cpw.mods.bootstraplauncher.BootstrapLauncher.main(BootstrapLauncher.java:69) [bootstraplauncher-2.0.2.jar:?]
	at java.base/jdk.internal.reflect.DirectMethodHandleAccessor.invoke(DirectMethodHandleAccessor.java:103) ~[?:?]
	at java.base/java.lang.reflect.Method.invoke(Method.java:580) ~[?:?]
	at net.neoforged.devlaunch.Main.main(Main.java:57) [DevLaunch-1.0.2.jar:?]
[08set.2026 23:20:54.231] [Render thread/WARN] [net.minecraft.client.renderer.texture.TextureManager/]: Failed to load texture: elementals:textures/gui/ice_shard_icon.png
java.io.FileNotFoundException: elementals:textures/gui/ice_shard_icon.png
	at TRANSFORMER/minecraft@1.21.1/net.minecraft.server.packs.resources.ResourceProvider.lambda$getResourceOrThrow$1(ResourceProvider.java:18) ~[neoforge-21.1.235.jar%23189!/:?]
	at java.base/java.util.Optional.orElseThrow(Optional.java:403) ~[?:?]
	at TRANSFORMER/minecraft@1.21.1/net.minecraft.server.packs.resources.ResourceProvider.getResourceOrThrow(ResourceProvider.java:18) ~[neoforge-21.1.235.jar%23189!/:?]
	at TRANSFORMER/geckolib@4.8.4/software.bernie.geckolib.cache.texture.AnimatableTexture.load(AnimatableTexture.java:40) ~[geckolib-neoforge-1.21.1-4.8.4.jar%23195!/:4.8.4]
	at TRANSFORMER/minecraft@1.21.1/net.minecraft.client.renderer.texture.TextureManager.loadTexture(TextureManager.java:92) ~[neoforge-21.1.235.jar%23189!/:?]
	at TRANSFORMER/minecraft@1.21.1/net.minecraft.client.renderer.texture.TextureManager.register(TextureManager.java:63) ~[neoforge-21.1.235.jar%23189!/:?]
	at TRANSFORMER/minecraft@1.21.1/net.minecraft.client.renderer.texture.TextureManager.wrapOperation$zba000$geckolib$replaceAnimatableTexture(TextureManager.java:1031) ~[neoforge-21.1.235.jar%23189!/:?]
	at TRANSFORMER/minecraft@1.21.1/net.minecraft.client.renderer.texture.TextureManager.getTexture(TextureManager.java:112) ~[neoforge-21.1.235.jar%23189!/:?]
	at TRANSFORMER/minecraft@1.21.1/com.mojang.blaze3d.systems.RenderSystem._setShaderTexture(RenderSystem.java:725) ~[neoforge-21.1.235.jar%23189!/:?]
	at TRANSFORMER/minecraft@1.21.1/com.mojang.blaze3d.systems.RenderSystem.setShaderTexture(RenderSystem.java:718) ~[neoforge-21.1.235.jar%23189!/:?]
	at TRANSFORMER/elementals@5.0.0/dev.saperate.elementals.client.gui.UpgradeTreeScreen.drawTexture(UpgradeTreeScreen.java:473) ~[elementals-neoforge-1.21.1-5.0.0.jar%23193!/:5.0.0]
	at TRANSFORMER/elementals@5.0.0/dev.saperate.elementals.client.gui.UpgradeTreeScreen.drawUpgradeButton(UpgradeTreeScreen.java:279) ~[elementals-neoforge-1.21.1-5.0.0.jar%23193!/:5.0.0]
	at TRANSFORMER/elementals@5.0.0/dev.saperate.elementals.client.gui.UpgradeTreeScreen.drawMirroredTree(UpgradeTreeScreen.java:466) ~[elementals-neoforge-1.21.1-5.0.0.jar%23193!/:5.0.0]
	at TRANSFORMER/elementals@5.0.0/dev.saperate.elementals.client.gui.UpgradeTreeScreen.render(UpgradeTreeScreen.java:125) ~[elementals-neoforge-1.21.1-5.0.0.jar%23193!/:5.0.0]
	at TRANSFORMER/minecraft@1.21.1/net.minecraft.client.gui.screens.Screen.renderWithTooltip(Screen.java:112) ~[neoforge-21.1.235.jar%23189!/:?]
	at TRANSFORMER/neoforge@21.1.235/net.neoforged.neoforge.client.ClientHooks.drawScreenInternal(ClientHooks.java:429) ~[neoforge-21.1.235.jar%23190!/:?]
	at TRANSFORMER/neoforge@21.1.235/net.neoforged.neoforge.client.ClientHooks.drawScreen(ClientHooks.java:423) ~[neoforge-21.1.235.jar%23190!/:?]
	at TRANSFORMER/minecraft@1.21.1/net.minecraft.client.renderer.GameRenderer.render(GameRenderer.java:1098) ~[neoforge-21.1.235.jar%23189!/:?]
	at TRANSFORMER/minecraft@1.21.1/net.minecraft.client.Minecraft.runTick(Minecraft.java:1201) ~[neoforge-21.1.235.jar%23189!/:?]
	at TRANSFORMER/minecraft@1.21.1/net.minecraft.client.Minecraft.run(Minecraft.java:813) ~[neoforge-21.1.235.jar%23189!/:?]
	at TRANSFORMER/minecraft@1.21.1/net.minecraft.client.main.Main.main(Main.java:230) ~[neoforge-21.1.235.jar%23189!/:?]
	at java.base/jdk.internal.reflect.DirectMethodHandleAccessor.invoke(DirectMethodHandleAccessor.java:103) ~[?:?]
	at java.base/java.lang.reflect.Method.invoke(Method.java:580) ~[?:?]
	at MC-BOOTSTRAP/fml_loader@4.0.42/net.neoforged.fml.loading.targets.CommonLaunchHandler.runTarget(CommonLaunchHandler.java:136) ~[loader-4.0.42.jar%23146!/:4.0]
	at MC-BOOTSTRAP/fml_loader@4.0.42/net.neoforged.fml.loading.targets.CommonLaunchHandler.clientService(CommonLaunchHandler.java:124) ~[loader-4.0.42.jar%23146!/:4.0]
	at MC-BOOTSTRAP/fml_loader@4.0.42/net.neoforged.fml.loading.targets.NeoForgeClientDevLaunchHandler.runService(NeoForgeClientDevLaunchHandler.java:23) ~[loader-4.0.42.jar%23146!/:4.0]
	at MC-BOOTSTRAP/fml_loader@4.0.42/net.neoforged.fml.loading.targets.CommonLaunchHandler.lambda$launchService$4(CommonLaunchHandler.java:118) ~[loader-4.0.42.jar%23146!/:4.0]
	at MC-BOOTSTRAP/cpw.mods.modlauncher@11.0.5/cpw.mods.modlauncher.LaunchServiceHandlerDecorator.launch(LaunchServiceHandlerDecorator.java:30) [modlauncher-11.0.5.jar%23128!/:?]
	at MC-BOOTSTRAP/cpw.mods.modlauncher@11.0.5/cpw.mods.modlauncher.LaunchServiceHandler.launch(LaunchServiceHandler.java:53) [modlauncher-11.0.5.jar%23128!/:?]
	at MC-BOOTSTRAP/cpw.mods.modlauncher@11.0.5/cpw.mods.modlauncher.LaunchServiceHandler.launch(LaunchServiceHandler.java:71) [modlauncher-11.0.5.jar%23128!/:?]
	at MC-BOOTSTRAP/cpw.mods.modlauncher@11.0.5/cpw.mods.modlauncher.Launcher.run(Launcher.java:103) [modlauncher-11.0.5.jar%23128!/:?]
	at MC-BOOTSTRAP/cpw.mods.modlauncher@11.0.5/cpw.mods.modlauncher.Launcher.main(Launcher.java:74) [modlauncher-11.0.5.jar%23128!/:?]
	at MC-BOOTSTRAP/cpw.mods.modlauncher@11.0.5/cpw.mods.modlauncher.BootstrapLaunchConsumer.accept(BootstrapLaunchConsumer.java:26) [modlauncher-11.0.5.jar%23128!/:?]
	at MC-BOOTSTRAP/cpw.mods.modlauncher@11.0.5/cpw.mods.modlauncher.BootstrapLaunchConsumer.accept(BootstrapLaunchConsumer.java:23) [modlauncher-11.0.5.jar%23128!/:?]
	at cpw.mods.bootstraplauncher@2.0.2/cpw.mods.bootstraplauncher.BootstrapLauncher.run(BootstrapLauncher.java:210) [bootstraplauncher-2.0.2.jar:?]
	at cpw.mods.bootstraplauncher@2.0.2/cpw.mods.bootstraplauncher.BootstrapLauncher.main(BootstrapLauncher.java:69) [bootstraplauncher-2.0.2.jar:?]
	at java.base/jdk.internal.reflect.DirectMethodHandleAccessor.invoke(DirectMethodHandleAccessor.java:103) ~[?:?]
	at java.base/java.lang.reflect.Method.invoke(Method.java:580) ~[?:?]
	at net.neoforged.devlaunch.Main.main(Main.java:57) [DevLaunch-1.0.2.jar:?]
[08set.2026 23:20:54.231] [Render thread/WARN] [net.minecraft.client.renderer.texture.TextureManager/]: Failed to load texture: elementals:textures/gui/ice_shard_icon.png
java.io.FileNotFoundException: elementals:textures/gui/ice_shard_icon.png
	at TRANSFORMER/minecraft@1.21.1/net.minecraft.server.packs.resources.ResourceProvider.lambda$getResourceOrThrow$1(ResourceProvider.java:18) ~[neoforge-21.1.235.jar%23189!/:?]
	at java.base/java.util.Optional.orElseThrow(Optional.java:403) ~[?:?]
	at TRANSFORMER/minecraft@1.21.1/net.minecraft.server.packs.resources.ResourceProvider.getResourceOrThrow(ResourceProvider.java:18) ~[neoforge-21.1.235.jar%23189!/:?]
	at TRANSFORMER/minecraft@1.21.1/net.minecraft.client.renderer.texture.SimpleTexture$TextureImage.load(SimpleTexture.java:83) ~[neoforge-21.1.235.jar%23189!/:?]
	at TRANSFORMER/minecraft@1.21.1/net.minecraft.client.renderer.texture.SimpleTexture.getTextureImage(SimpleTexture.java:57) ~[neoforge-21.1.235.jar%23189!/:?]
	at TRANSFORMER/minecraft@1.21.1/net.minecraft.client.renderer.texture.SimpleTexture.load(SimpleTexture.java:30) ~[neoforge-21.1.235.jar%23189!/:?]
	at TRANSFORMER/minecraft@1.21.1/net.minecraft.client.renderer.texture.TextureManager.loadTexture(TextureManager.java:92) ~[neoforge-21.1.235.jar%23189!/:?]
	at TRANSFORMER/minecraft@1.21.1/net.minecraft.client.renderer.texture.TextureManager.register(TextureManager.java:63) ~[neoforge-21.1.235.jar%23189!/:?]
	at TRANSFORMER/minecraft@1.21.1/net.minecraft.client.renderer.texture.TextureManager.getTexture(TextureManager.java:113) ~[neoforge-21.1.235.jar%23189!/:?]
	at TRANSFORMER/minecraft@1.21.1/com.mojang.blaze3d.systems.RenderSystem._setShaderTexture(RenderSystem.java:725) ~[neoforge-21.1.235.jar%23189!/:?]
	at TRANSFORMER/minecraft@1.21.1/com.mojang.blaze3d.systems.RenderSystem.setShaderTexture(RenderSystem.java:718) ~[neoforge-21.1.235.jar%23189!/:?]
	at TRANSFORMER/elementals@5.0.0/dev.saperate.elementals.client.gui.UpgradeTreeScreen.drawTexture(UpgradeTreeScreen.java:473) ~[elementals-neoforge-1.21.1-5.0.0.jar%23193!/:5.0.0]
	at TRANSFORMER/elementals@5.0.0/dev.saperate.elementals.client.gui.UpgradeTreeScreen.drawUpgradeButton(UpgradeTreeScreen.java:279) ~[elementals-neoforge-1.21.1-5.0.0.jar%23193!/:5.0.0]
	at TRANSFORMER/elementals@5.0.0/dev.saperate.elementals.client.gui.UpgradeTreeScreen.drawMirroredTree(UpgradeTreeScreen.java:466) ~[elementals-neoforge-1.21.1-5.0.0.jar%23193!/:5.0.0]
	at TRANSFORMER/elementals@5.0.0/dev.saperate.elementals.client.gui.UpgradeTreeScreen.render(UpgradeTreeScreen.java:125) ~[elementals-neoforge-1.21.1-5.0.0.jar%23193!/:5.0.0]
	at TRANSFORMER/minecraft@1.21.1/net.minecraft.client.gui.screens.Screen.renderWithTooltip(Screen.java:112) ~[neoforge-21.1.235.jar%23189!/:?]
	at TRANSFORMER/neoforge@21.1.235/net.neoforged.neoforge.client.ClientHooks.drawScreenInternal(ClientHooks.java:429) ~[neoforge-21.1.235.jar%23190!/:?]
	at TRANSFORMER/neoforge@21.1.235/net.neoforged.neoforge.client.ClientHooks.drawScreen(ClientHooks.java:423) ~[neoforge-21.1.235.jar%23190!/:?]
	at TRANSFORMER/minecraft@1.21.1/net.minecraft.client.renderer.GameRenderer.render(GameRenderer.java:1098) ~[neoforge-21.1.235.jar%23189!/:?]
	at TRANSFORMER/minecraft@1.21.1/net.minecraft.client.Minecraft.runTick(Minecraft.java:1201) ~[neoforge-21.1.235.jar%23189!/:?]
	at TRANSFORMER/minecraft@1.21.1/net.minecraft.client.Minecraft.run(Minecraft.java:813) ~[neoforge-21.1.235.jar%23189!/:?]
	at TRANSFORMER/minecraft@1.21.1/net.minecraft.client.main.Main.main(Main.java:230) ~[neoforge-21.1.235.jar%23189!/:?]
	at java.base/jdk.internal.reflect.DirectMethodHandleAccessor.invoke(DirectMethodHandleAccessor.java:103) ~[?:?]
	at java.base/java.lang.reflect.Method.invoke(Method.java:580) ~[?:?]
	at MC-BOOTSTRAP/fml_loader@4.0.42/net.neoforged.fml.loading.targets.CommonLaunchHandler.runTarget(CommonLaunchHandler.java:136) ~[loader-4.0.42.jar%23146!/:4.0]
	at MC-BOOTSTRAP/fml_loader@4.0.42/net.neoforged.fml.loading.targets.CommonLaunchHandler.clientService(CommonLaunchHandler.java:124) ~[loader-4.0.42.jar%23146!/:4.0]
	at MC-BOOTSTRAP/fml_loader@4.0.42/net.neoforged.fml.loading.targets.NeoForgeClientDevLaunchHandler.runService(NeoForgeClientDevLaunchHandler.java:23) ~[loader-4.0.42.jar%23146!/:4.0]
	at MC-BOOTSTRAP/fml_loader@4.0.42/net.neoforged.fml.loading.targets.CommonLaunchHandler.lambda$launchService$4(CommonLaunchHandler.java:118) ~[loader-4.0.42.jar%23146!/:4.0]
	at MC-BOOTSTRAP/cpw.mods.modlauncher@11.0.5/cpw.mods.modlauncher.LaunchServiceHandlerDecorator.launch(LaunchServiceHandlerDecorator.java:30) [modlauncher-11.0.5.jar%23128!/:?]
	at MC-BOOTSTRAP/cpw.mods.modlauncher@11.0.5/cpw.mods.modlauncher.LaunchServiceHandler.launch(LaunchServiceHandler.java:53) [modlauncher-11.0.5.jar%23128!/:?]
	at MC-BOOTSTRAP/cpw.mods.modlauncher@11.0.5/cpw.mods.modlauncher.LaunchServiceHandler.launch(LaunchServiceHandler.java:71) [modlauncher-11.0.5.jar%23128!/:?]
	at MC-BOOTSTRAP/cpw.mods.modlauncher@11.0.5/cpw.mods.modlauncher.Launcher.run(Launcher.java:103) [modlauncher-11.0.5.jar%23128!/:?]
	at MC-BOOTSTRAP/cpw.mods.modlauncher@11.0.5/cpw.mods.modlauncher.Launcher.main(Launcher.java:74) [modlauncher-11.0.5.jar%23128!/:?]
	at MC-BOOTSTRAP/cpw.mods.modlauncher@11.0.5/cpw.mods.modlauncher.BootstrapLaunchConsumer.accept(BootstrapLaunchConsumer.java:26) [modlauncher-11.0.5.jar%23128!/:?]
	at MC-BOOTSTRAP/cpw.mods.modlauncher@11.0.5/cpw.mods.modlauncher.BootstrapLaunchConsumer.accept(BootstrapLaunchConsumer.java:23) [modlauncher-11.0.5.jar%23128!/:?]
	at cpw.mods.bootstraplauncher@2.0.2/cpw.mods.bootstraplauncher.BootstrapLauncher.run(BootstrapLauncher.java:210) [bootstraplauncher-2.0.2.jar:?]
	at cpw.mods.bootstraplauncher@2.0.2/cpw.mods.bootstraplauncher.BootstrapLauncher.main(BootstrapLauncher.java:69) [bootstraplauncher-2.0.2.jar:?]
	at java.base/jdk.internal.reflect.DirectMethodHandleAccessor.invoke(DirectMethodHandleAccessor.java:103) ~[?:?]
	at java.base/java.lang.reflect.Method.invoke(Method.java:580) ~[?:?]
	at net.neoforged.devlaunch.Main.main(Main.java:57) [DevLaunch-1.0.2.jar:?]
[08set.2026 23:20:54.233] [Render thread/WARN] [net.minecraft.client.renderer.texture.TextureManager/]: Failed to load texture: elementals:textures/gui/ice_prison_icon.png
java.io.FileNotFoundException: elementals:textures/gui/ice_prison_icon.png
	at TRANSFORMER/minecraft@1.21.1/net.minecraft.server.packs.resources.ResourceProvider.lambda$getResourceOrThrow$1(ResourceProvider.java:18) ~[neoforge-21.1.235.jar%23189!/:?]
	at java.base/java.util.Optional.orElseThrow(Optional.java:403) ~[?:?]
	at TRANSFORMER/minecraft@1.21.1/net.minecraft.server.packs.resources.ResourceProvider.getResourceOrThrow(ResourceProvider.java:18) ~[neoforge-21.1.235.jar%23189!/:?]
	at TRANSFORMER/geckolib@4.8.4/software.bernie.geckolib.cache.texture.AnimatableTexture.load(AnimatableTexture.java:40) ~[geckolib-neoforge-1.21.1-4.8.4.jar%23195!/:4.8.4]
	at TRANSFORMER/minecraft@1.21.1/net.minecraft.client.renderer.texture.TextureManager.loadTexture(TextureManager.java:92) ~[neoforge-21.1.235.jar%23189!/:?]
	at TRANSFORMER/minecraft@1.21.1/net.minecraft.client.renderer.texture.TextureManager.register(TextureManager.java:63) ~[neoforge-21.1.235.jar%23189!/:?]
	at TRANSFORMER/minecraft@1.21.1/net.minecraft.client.renderer.texture.TextureManager.wrapOperation$zba000$geckolib$replaceAnimatableTexture(TextureManager.java:1031) ~[neoforge-21.1.235.jar%23189!/:?]
	at TRANSFORMER/minecraft@1.21.1/net.minecraft.client.renderer.texture.TextureManager.getTexture(TextureManager.java:112) ~[neoforge-21.1.235.jar%23189!/:?]
	at TRANSFORMER/minecraft@1.21.1/com.mojang.blaze3d.systems.RenderSystem._setShaderTexture(RenderSystem.java:725) ~[neoforge-21.1.235.jar%23189!/:?]
	at TRANSFORMER/minecraft@1.21.1/com.mojang.blaze3d.systems.RenderSystem.setShaderTexture(RenderSystem.java:718) ~[neoforge-21.1.235.jar%23189!/:?]
	at TRANSFORMER/elementals@5.0.0/dev.saperate.elementals.client.gui.UpgradeTreeScreen.drawTexture(UpgradeTreeScreen.java:473) ~[elementals-neoforge-1.21.1-5.0.0.jar%23193!/:5.0.0]
	at TRANSFORMER/elementals@5.0.0/dev.saperate.elementals.client.gui.UpgradeTreeScreen.drawUpgradeButton(UpgradeTreeScreen.java:279) ~[elementals-neoforge-1.21.1-5.0.0.jar%23193!/:5.0.0]
	at TRANSFORMER/elementals@5.0.0/dev.saperate.elementals.client.gui.UpgradeTreeScreen.drawMirroredTree(UpgradeTreeScreen.java:389) ~[elementals-neoforge-1.21.1-5.0.0.jar%23193!/:5.0.0]
	at TRANSFORMER/elementals@5.0.0/dev.saperate.elementals.client.gui.UpgradeTreeScreen.drawMirroredTree(UpgradeTreeScreen.java:446) ~[elementals-neoforge-1.21.1-5.0.0.jar%23193!/:5.0.0]
	at TRANSFORMER/elementals@5.0.0/dev.saperate.elementals.client.gui.UpgradeTreeScreen.render(UpgradeTreeScreen.java:140) ~[elementals-neoforge-1.21.1-5.0.0.jar%23193!/:5.0.0]
	at TRANSFORMER/minecraft@1.21.1/net.minecraft.client.gui.screens.Screen.renderWithTooltip(Screen.java:112) ~[neoforge-21.1.235.jar%23189!/:?]
	at TRANSFORMER/neoforge@21.1.235/net.neoforged.neoforge.client.ClientHooks.drawScreenInternal(ClientHooks.java:429) ~[neoforge-21.1.235.jar%23190!/:?]
	at TRANSFORMER/neoforge@21.1.235/net.neoforged.neoforge.client.ClientHooks.drawScreen(ClientHooks.java:423) ~[neoforge-21.1.235.jar%23190!/:?]
	at TRANSFORMER/minecraft@1.21.1/net.minecraft.client.renderer.GameRenderer.render(GameRenderer.java:1098) ~[neoforge-21.1.235.jar%23189!/:?]
	at TRANSFORMER/minecraft@1.21.1/net.minecraft.client.Minecraft.runTick(Minecraft.java:1201) ~[neoforge-21.1.235.jar%23189!/:?]
	at TRANSFORMER/minecraft@1.21.1/net.minecraft.client.Minecraft.run(Minecraft.java:813) ~[neoforge-21.1.235.jar%23189!/:?]
	at TRANSFORMER/minecraft@1.21.1/net.minecraft.client.main.Main.main(Main.java:230) ~[neoforge-21.1.235.jar%23189!/:?]
	at java.base/jdk.internal.reflect.DirectMethodHandleAccessor.invoke(DirectMethodHandleAccessor.java:103) ~[?:?]
	at java.base/java.lang.reflect.Method.invoke(Method.java:580) ~[?:?]
	at MC-BOOTSTRAP/fml_loader@4.0.42/net.neoforged.fml.loading.targets.CommonLaunchHandler.runTarget(CommonLaunchHandler.java:136) ~[loader-4.0.42.jar%23146!/:4.0]
	at MC-BOOTSTRAP/fml_loader@4.0.42/net.neoforged.fml.loading.targets.CommonLaunchHandler.clientService(CommonLaunchHandler.java:124) ~[loader-4.0.42.jar%23146!/:4.0]
	at MC-BOOTSTRAP/fml_loader@4.0.42/net.neoforged.fml.loading.targets.NeoForgeClientDevLaunchHandler.runService(NeoForgeClientDevLaunchHandler.java:23) ~[loader-4.0.42.jar%23146!/:4.0]
	at MC-BOOTSTRAP/fml_loader@4.0.42/net.neoforged.fml.loading.targets.CommonLaunchHandler.lambda$launchService$4(CommonLaunchHandler.java:118) ~[loader-4.0.42.jar%23146!/:4.0]
	at MC-BOOTSTRAP/cpw.mods.modlauncher@11.0.5/cpw.mods.modlauncher.LaunchServiceHandlerDecorator.launch(LaunchServiceHandlerDecorator.java:30) [modlauncher-11.0.5.jar%23128!/:?]
	at MC-BOOTSTRAP/cpw.mods.modlauncher@11.0.5/cpw.mods.modlauncher.LaunchServiceHandler.launch(LaunchServiceHandler.java:53) [modlauncher-11.0.5.jar%23128!/:?]
	at MC-BOOTSTRAP/cpw.mods.modlauncher@11.0.5/cpw.mods.modlauncher.LaunchServiceHandler.launch(LaunchServiceHandler.java:71) [modlauncher-11.0.5.jar%23128!/:?]
	at MC-BOOTSTRAP/cpw.mods.modlauncher@11.0.5/cpw.mods.modlauncher.Launcher.run(Launcher.java:103) [modlauncher-11.0.5.jar%23128!/:?]
	at MC-BOOTSTRAP/cpw.mods.modlauncher@11.0.5/cpw.mods.modlauncher.Launcher.main(Launcher.java:74) [modlauncher-11.0.5.jar%23128!/:?]
	at MC-BOOTSTRAP/cpw.mods.modlauncher@11.0.5/cpw.mods.modlauncher.BootstrapLaunchConsumer.accept(BootstrapLaunchConsumer.java:26) [modlauncher-11.0.5.jar%23128!/:?]
	at MC-BOOTSTRAP/cpw.mods.modlauncher@11.0.5/cpw.mods.modlauncher.BootstrapLaunchConsumer.accept(BootstrapLaunchConsumer.java:23) [modlauncher-11.0.5.jar%23128!/:?]
	at cpw.mods.bootstraplauncher@2.0.2/cpw.mods.bootstraplauncher.BootstrapLauncher.run(BootstrapLauncher.java:210) [bootstraplauncher-2.0.2.jar:?]
	at cpw.mods.bootstraplauncher@2.0.2/cpw.mods.bootstraplauncher.BootstrapLauncher.main(BootstrapLauncher.java:69) [bootstraplauncher-2.0.2.jar:?]
	at java.base/jdk.internal.reflect.DirectMethodHandleAccessor.invoke(DirectMethodHandleAccessor.java:103) ~[?:?]
	at java.base/java.lang.reflect.Method.invoke(Method.java:580) ~[?:?]
	at net.neoforged.devlaunch.Main.main(Main.java:57) [DevLaunch-1.0.2.jar:?]
[08set.2026 23:20:54.233] [Render thread/WARN] [net.minecraft.client.renderer.texture.TextureManager/]: Failed to load texture: elementals:textures/gui/ice_prison_icon.png
java.io.FileNotFoundException: elementals:textures/gui/ice_prison_icon.png
	at TRANSFORMER/minecraft@1.21.1/net.minecraft.server.packs.resources.ResourceProvider.lambda$getResourceOrThrow$1(ResourceProvider.java:18) ~[neoforge-21.1.235.jar%23189!/:?]
	at java.base/java.util.Optional.orElseThrow(Optional.java:403) ~[?:?]
	at TRANSFORMER/minecraft@1.21.1/net.minecraft.server.packs.resources.ResourceProvider.getResourceOrThrow(ResourceProvider.java:18) ~[neoforge-21.1.235.jar%23189!/:?]
	at TRANSFORMER/minecraft@1.21.1/net.minecraft.client.renderer.texture.SimpleTexture$TextureImage.load(SimpleTexture.java:83) ~[neoforge-21.1.235.jar%23189!/:?]
	at TRANSFORMER/minecraft@1.21.1/net.minecraft.client.renderer.texture.SimpleTexture.getTextureImage(SimpleTexture.java:57) ~[neoforge-21.1.235.jar%23189!/:?]
	at TRANSFORMER/minecraft@1.21.1/net.minecraft.client.renderer.texture.SimpleTexture.load(SimpleTexture.java:30) ~[neoforge-21.1.235.jar%23189!/:?]
	at TRANSFORMER/minecraft@1.21.1/net.minecraft.client.renderer.texture.TextureManager.loadTexture(TextureManager.java:92) ~[neoforge-21.1.235.jar%23189!/:?]
	at TRANSFORMER/minecraft@1.21.1/net.minecraft.client.renderer.texture.TextureManager.register(TextureManager.java:63) ~[neoforge-21.1.235.jar%23189!/:?]
	at TRANSFORMER/minecraft@1.21.1/net.minecraft.client.renderer.texture.TextureManager.getTexture(TextureManager.java:113) ~[neoforge-21.1.235.jar%23189!/:?]
	at TRANSFORMER/minecraft@1.21.1/com.mojang.blaze3d.systems.RenderSystem._setShaderTexture(RenderSystem.java:725) ~[neoforge-21.1.235.jar%23189!/:?]
	at TRANSFORMER/minecraft@1.21.1/com.mojang.blaze3d.systems.RenderSystem.setShaderTexture(RenderSystem.java:718) ~[neoforge-21.1.235.jar%23189!/:?]
	at TRANSFORMER/elementals@5.0.0/dev.saperate.elementals.client.gui.UpgradeTreeScreen.drawTexture(UpgradeTreeScreen.java:473) ~[elementals-neoforge-1.21.1-5.0.0.jar%23193!/:5.0.0]
	at TRANSFORMER/elementals@5.0.0/dev.saperate.elementals.client.gui.UpgradeTreeScreen.drawUpgradeButton(UpgradeTreeScreen.java:279) ~[elementals-neoforge-1.21.1-5.0.0.jar%23193!/:5.0.0]
	at TRANSFORMER/elementals@5.0.0/dev.saperate.elementals.client.gui.UpgradeTreeScreen.drawMirroredTree(UpgradeTreeScreen.java:389) ~[elementals-neoforge-1.21.1-5.0.0.jar%23193!/:5.0.0]
	at TRANSFORMER/elementals@5.0.0/dev.saperate.elementals.client.gui.UpgradeTreeScreen.drawMirroredTree(UpgradeTreeScreen.java:446) ~[elementals-neoforge-1.21.1-5.0.0.jar%23193!/:5.0.0]
	at TRANSFORMER/elementals@5.0.0/dev.saperate.elementals.client.gui.UpgradeTreeScreen.render(UpgradeTreeScreen.java:140) ~[elementals-neoforge-1.21.1-5.0.0.jar%23193!/:5.0.0]
	at TRANSFORMER/minecraft@1.21.1/net.minecraft.client.gui.screens.Screen.renderWithTooltip(Screen.java:112) ~[neoforge-21.1.235.jar%23189!/:?]
	at TRANSFORMER/neoforge@21.1.235/net.neoforged.neoforge.client.ClientHooks.drawScreenInternal(ClientHooks.java:429) ~[neoforge-21.1.235.jar%23190!/:?]
	at TRANSFORMER/neoforge@21.1.235/net.neoforged.neoforge.client.ClientHooks.drawScreen(ClientHooks.java:423) ~[neoforge-21.1.235.jar%23190!/:?]
	at TRANSFORMER/minecraft@1.21.1/net.minecraft.client.renderer.GameRenderer.render(GameRenderer.java:1098) ~[neoforge-21.1.235.jar%23189!/:?]
	at TRANSFORMER/minecraft@1.21.1/net.minecraft.client.Minecraft.runTick(Minecraft.java:1201) ~[neoforge-21.1.235.jar%23189!/:?]
	at TRANSFORMER/minecraft@1.21.1/net.minecraft.client.Minecraft.run(Minecraft.java:813) ~[neoforge-21.1.235.jar%23189!/:?]
	at TRANSFORMER/minecraft@1.21.1/net.minecraft.client.main.Main.main(Main.java:230) ~[neoforge-21.1.235.jar%23189!/:?]
	at java.base/jdk.internal.reflect.DirectMethodHandleAccessor.invoke(DirectMethodHandleAccessor.java:103) ~[?:?]
	at java.base/java.lang.reflect.Method.invoke(Method.java:580) ~[?:?]
	at MC-BOOTSTRAP/fml_loader@4.0.42/net.neoforged.fml.loading.targets.CommonLaunchHandler.runTarget(CommonLaunchHandler.java:136) ~[loader-4.0.42.jar%23146!/:4.0]
	at MC-BOOTSTRAP/fml_loader@4.0.42/net.neoforged.fml.loading.targets.CommonLaunchHandler.clientService(CommonLaunchHandler.java:124) ~[loader-4.0.42.jar%23146!/:4.0]
	at MC-BOOTSTRAP/fml_loader@4.0.42/net.neoforged.fml.loading.targets.NeoForgeClientDevLaunchHandler.runService(NeoForgeClientDevLaunchHandler.java:23) ~[loader-4.0.42.jar%23146!/:4.0]
	at MC-BOOTSTRAP/fml_loader@4.0.42/net.neoforged.fml.loading.targets.CommonLaunchHandler.lambda$launchService$4(CommonLaunchHandler.java:118) ~[loader-4.0.42.jar%23146!/:4.0]
	at MC-BOOTSTRAP/cpw.mods.modlauncher@11.0.5/cpw.mods.modlauncher.LaunchServiceHandlerDecorator.launch(LaunchServiceHandlerDecorator.java:30) [modlauncher-11.0.5.jar%23128!/:?]
	at MC-BOOTSTRAP/cpw.mods.modlauncher@11.0.5/cpw.mods.modlauncher.LaunchServiceHandler.launch(LaunchServiceHandler.java:53) [modlauncher-11.0.5.jar%23128!/:?]
	at MC-BOOTSTRAP/cpw.mods.modlauncher@11.0.5/cpw.mods.modlauncher.LaunchServiceHandler.launch(LaunchServiceHandler.java:71) [modlauncher-11.0.5.jar%23128!/:?]
	at MC-BOOTSTRAP/cpw.mods.modlauncher@11.0.5/cpw.mods.modlauncher.Launcher.run(Launcher.java:103) [modlauncher-11.0.5.jar%23128!/:?]
	at MC-BOOTSTRAP/cpw.mods.modlauncher@11.0.5/cpw.mods.modlauncher.Launcher.main(Launcher.java:74) [modlauncher-11.0.5.jar%23128!/:?]
	at MC-BOOTSTRAP/cpw.mods.modlauncher@11.0.5/cpw.mods.modlauncher.BootstrapLaunchConsumer.accept(BootstrapLaunchConsumer.java:26) [modlauncher-11.0.5.jar%23128!/:?]
	at MC-BOOTSTRAP/cpw.mods.modlauncher@11.0.5/cpw.mods.modlauncher.BootstrapLaunchConsumer.accept(BootstrapLaunchConsumer.java:23) [modlauncher-11.0.5.jar%23128!/:?]
	at cpw.mods.bootstraplauncher@2.0.2/cpw.mods.bootstraplauncher.BootstrapLauncher.run(BootstrapLauncher.java:210) [bootstraplauncher-2.0.2.jar:?]
	at cpw.mods.bootstraplauncher@2.0.2/cpw.mods.bootstraplauncher.BootstrapLauncher.main(BootstrapLauncher.java:69) [bootstraplauncher-2.0.2.jar:?]
	at java.base/jdk.internal.reflect.DirectMethodHandleAccessor.invoke(DirectMethodHandleAccessor.java:103) ~[?:?]
	at java.base/java.lang.reflect.Method.invoke(Method.java:580) ~[?:?]
	at net.neoforged.devlaunch.Main.main(Main.java:57) [DevLaunch-1.0.2.jar:?]
[08set.2026 23:20:54.234] [Render thread/WARN] [net.minecraft.client.renderer.texture.TextureManager/]: Failed to load texture: elementals:textures/gui/frost_nova_icon.png
java.io.FileNotFoundException: elementals:textures/gui/frost_nova_icon.png
	at TRANSFORMER/minecraft@1.21.1/net.minecraft.server.packs.resources.ResourceProvider.lambda$getResourceOrThrow$1(ResourceProvider.java:18) ~[neoforge-21.1.235.jar%23189!/:?]
	at java.base/java.util.Optional.orElseThrow(Optional.java:403) ~[?:?]
	at TRANSFORMER/minecraft@1.21.1/net.minecraft.server.packs.resources.ResourceProvider.getResourceOrThrow(ResourceProvider.java:18) ~[neoforge-21.1.235.jar%23189!/:?]
	at TRANSFORMER/geckolib@4.8.4/software.bernie.geckolib.cache.texture.AnimatableTexture.load(AnimatableTexture.java:40) ~[geckolib-neoforge-1.21.1-4.8.4.jar%23195!/:4.8.4]
	at TRANSFORMER/minecraft@1.21.1/net.minecraft.client.renderer.texture.TextureManager.loadTexture(TextureManager.java:92) ~[neoforge-21.1.235.jar%23189!/:?]
	at TRANSFORMER/minecraft@1.21.1/net.minecraft.client.renderer.texture.TextureManager.register(TextureManager.java:63) ~[neoforge-21.1.235.jar%23189!/:?]
	at TRANSFORMER/minecraft@1.21.1/net.minecraft.client.renderer.texture.TextureManager.wrapOperation$zba000$geckolib$replaceAnimatableTexture(TextureManager.java:1031) ~[neoforge-21.1.235.jar%23189!/:?]
	at TRANSFORMER/minecraft@1.21.1/net.minecraft.client.renderer.texture.TextureManager.getTexture(TextureManager.java:112) ~[neoforge-21.1.235.jar%23189!/:?]
	at TRANSFORMER/minecraft@1.21.1/com.mojang.blaze3d.systems.RenderSystem._setShaderTexture(RenderSystem.java:725) ~[neoforge-21.1.235.jar%23189!/:?]
	at TRANSFORMER/minecraft@1.21.1/com.mojang.blaze3d.systems.RenderSystem.setShaderTexture(RenderSystem.java:718) ~[neoforge-21.1.235.jar%23189!/:?]
	at TRANSFORMER/elementals@5.0.0/dev.saperate.elementals.client.gui.UpgradeTreeScreen.drawTexture(UpgradeTreeScreen.java:473) ~[elementals-neoforge-1.21.1-5.0.0.jar%23193!/:5.0.0]
	at TRANSFORMER/elementals@5.0.0/dev.saperate.elementals.client.gui.UpgradeTreeScreen.drawUpgradeButton(UpgradeTreeScreen.java:279) ~[elementals-neoforge-1.21.1-5.0.0.jar%23193!/:5.0.0]
	at TRANSFORMER/elementals@5.0.0/dev.saperate.elementals.client.gui.UpgradeTreeScreen.drawMirroredTree(UpgradeTreeScreen.java:466) ~[elementals-neoforge-1.21.1-5.0.0.jar%23193!/:5.0.0]
	at TRANSFORMER/elementals@5.0.0/dev.saperate.elementals.client.gui.UpgradeTreeScreen.render(UpgradeTreeScreen.java:140) ~[elementals-neoforge-1.21.1-5.0.0.jar%23193!/:5.0.0]
	at TRANSFORMER/minecraft@1.21.1/net.minecraft.client.gui.screens.Screen.renderWithTooltip(Screen.java:112) ~[neoforge-21.1.235.jar%23189!/:?]
	at TRANSFORMER/neoforge@21.1.235/net.neoforged.neoforge.client.ClientHooks.drawScreenInternal(ClientHooks.java:429) ~[neoforge-21.1.235.jar%23190!/:?]
	at TRANSFORMER/neoforge@21.1.235/net.neoforged.neoforge.client.ClientHooks.drawScreen(ClientHooks.java:423) ~[neoforge-21.1.235.jar%23190!/:?]
	at TRANSFORMER/minecraft@1.21.1/net.minecraft.client.renderer.GameRenderer.render(GameRenderer.java:1098) ~[neoforge-21.1.235.jar%23189!/:?]
	at TRANSFORMER/minecraft@1.21.1/net.minecraft.client.Minecraft.runTick(Minecraft.java:1201) ~[neoforge-21.1.235.jar%23189!/:?]
	at TRANSFORMER/minecraft@1.21.1/net.minecraft.client.Minecraft.run(Minecraft.java:813) ~[neoforge-21.1.235.jar%23189!/:?]
	at TRANSFORMER/minecraft@1.21.1/net.minecraft.client.main.Main.main(Main.java:230) ~[neoforge-21.1.235.jar%23189!/:?]
	at java.base/jdk.internal.reflect.DirectMethodHandleAccessor.invoke(DirectMethodHandleAccessor.java:103) ~[?:?]
	at java.base/java.lang.reflect.Method.invoke(Method.java:580) ~[?:?]
	at MC-BOOTSTRAP/fml_loader@4.0.42/net.neoforged.fml.loading.targets.CommonLaunchHandler.runTarget(CommonLaunchHandler.java:136) ~[loader-4.0.42.jar%23146!/:4.0]
	at MC-BOOTSTRAP/fml_loader@4.0.42/net.neoforged.fml.loading.targets.CommonLaunchHandler.clientService(CommonLaunchHandler.java:124) ~[loader-4.0.42.jar%23146!/:4.0]
	at MC-BOOTSTRAP/fml_loader@4.0.42/net.neoforged.fml.loading.targets.NeoForgeClientDevLaunchHandler.runService(NeoForgeClientDevLaunchHandler.java:23) ~[loader-4.0.42.jar%23146!/:4.0]
	at MC-BOOTSTRAP/fml_loader@4.0.42/net.neoforged.fml.loading.targets.CommonLaunchHandler.lambda$launchService$4(CommonLaunchHandler.java:118) ~[loader-4.0.42.jar%23146!/:4.0]
	at MC-BOOTSTRAP/cpw.mods.modlauncher@11.0.5/cpw.mods.modlauncher.LaunchServiceHandlerDecorator.launch(LaunchServiceHandlerDecorator.java:30) [modlauncher-11.0.5.jar%23128!/:?]
	at MC-BOOTSTRAP/cpw.mods.modlauncher@11.0.5/cpw.mods.modlauncher.LaunchServiceHandler.launch(LaunchServiceHandler.java:53) [modlauncher-11.0.5.jar%23128!/:?]
	at MC-BOOTSTRAP/cpw.mods.modlauncher@11.0.5/cpw.mods.modlauncher.LaunchServiceHandler.launch(LaunchServiceHandler.java:71) [modlauncher-11.0.5.jar%23128!/:?]
	at MC-BOOTSTRAP/cpw.mods.modlauncher@11.0.5/cpw.mods.modlauncher.Launcher.run(Launcher.java:103) [modlauncher-11.0.5.jar%23128!/:?]
	at MC-BOOTSTRAP/cpw.mods.modlauncher@11.0.5/cpw.mods.modlauncher.Launcher.main(Launcher.java:74) [modlauncher-11.0.5.jar%23128!/:?]
	at MC-BOOTSTRAP/cpw.mods.modlauncher@11.0.5/cpw.mods.modlauncher.BootstrapLaunchConsumer.accept(BootstrapLaunchConsumer.java:26) [modlauncher-11.0.5.jar%23128!/:?]
	at MC-BOOTSTRAP/cpw.mods.modlauncher@11.0.5/cpw.mods.modlauncher.BootstrapLaunchConsumer.accept(BootstrapLaunchConsumer.java:23) [modlauncher-11.0.5.jar%23128!/:?]
	at cpw.mods.bootstraplauncher@2.0.2/cpw.mods.bootstraplauncher.BootstrapLauncher.run(BootstrapLauncher.java:210) [bootstraplauncher-2.0.2.jar:?]
	at cpw.mods.bootstraplauncher@2.0.2/cpw.mods.bootstraplauncher.BootstrapLauncher.main(BootstrapLauncher.java:69) [bootstraplauncher-2.0.2.jar:?]
	at java.base/jdk.internal.reflect.DirectMethodHandleAccessor.invoke(DirectMethodHandleAccessor.java:103) ~[?:?]
	at java.base/java.lang.reflect.Method.invoke(Method.java:580) ~[?:?]
	at net.neoforged.devlaunch.Main.main(Main.java:57) [DevLaunch-1.0.2.jar:?]
[08set.2026 23:20:54.235] [Render thread/WARN] [net.minecraft.client.renderer.texture.TextureManager/]: Failed to load texture: elementals:textures/gui/frost_nova_icon.png
java.io.FileNotFoundException: elementals:textures/gui/frost_nova_icon.png
	at TRANSFORMER/minecraft@1.21.1/net.minecraft.server.packs.resources.ResourceProvider.lambda$getResourceOrThrow$1(ResourceProvider.java:18) ~[neoforge-21.1.235.jar%23189!/:?]
	at java.base/java.util.Optional.orElseThrow(Optional.java:403) ~[?:?]
	at TRANSFORMER/minecraft@1.21.1/net.minecraft.server.packs.resources.ResourceProvider.getResourceOrThrow(ResourceProvider.java:18) ~[neoforge-21.1.235.jar%23189!/:?]
	at TRANSFORMER/minecraft@1.21.1/net.minecraft.client.renderer.texture.SimpleTexture$TextureImage.load(SimpleTexture.java:83) ~[neoforge-21.1.235.jar%23189!/:?]
	at TRANSFORMER/minecraft@1.21.1/net.minecraft.client.renderer.texture.SimpleTexture.getTextureImage(SimpleTexture.java:57) ~[neoforge-21.1.235.jar%23189!/:?]
	at TRANSFORMER/minecraft@1.21.1/net.minecraft.client.renderer.texture.SimpleTexture.load(SimpleTexture.java:30) ~[neoforge-21.1.235.jar%23189!/:?]
	at TRANSFORMER/minecraft@1.21.1/net.minecraft.client.renderer.texture.TextureManager.loadTexture(TextureManager.java:92) ~[neoforge-21.1.235.jar%23189!/:?]
	at TRANSFORMER/minecraft@1.21.1/net.minecraft.client.renderer.texture.TextureManager.register(TextureManager.java:63) ~[neoforge-21.1.235.jar%23189!/:?]
	at TRANSFORMER/minecraft@1.21.1/net.minecraft.client.renderer.texture.TextureManager.getTexture(TextureManager.java:113) ~[neoforge-21.1.235.jar%23189!/:?]
	at TRANSFORMER/minecraft@1.21.1/com.mojang.blaze3d.systems.RenderSystem._setShaderTexture(RenderSystem.java:725) ~[neoforge-21.1.235.jar%23189!/:?]
	at TRANSFORMER/minecraft@1.21.1/com.mojang.blaze3d.systems.RenderSystem.setShaderTexture(RenderSystem.java:718) ~[neoforge-21.1.235.jar%23189!/:?]
	at TRANSFORMER/elementals@5.0.0/dev.saperate.elementals.client.gui.UpgradeTreeScreen.drawTexture(UpgradeTreeScreen.java:473) ~[elementals-neoforge-1.21.1-5.0.0.jar%23193!/:5.0.0]
	at TRANSFORMER/elementals@5.0.0/dev.saperate.elementals.client.gui.UpgradeTreeScreen.drawUpgradeButton(UpgradeTreeScreen.java:279) ~[elementals-neoforge-1.21.1-5.0.0.jar%23193!/:5.0.0]
	at TRANSFORMER/elementals@5.0.0/dev.saperate.elementals.client.gui.UpgradeTreeScreen.drawMirroredTree(UpgradeTreeScreen.java:466) ~[elementals-neoforge-1.21.1-5.0.0.jar%23193!/:5.0.0]
	at TRANSFORMER/elementals@5.0.0/dev.saperate.elementals.client.gui.UpgradeTreeScreen.render(UpgradeTreeScreen.java:140) ~[elementals-neoforge-1.21.1-5.0.0.jar%23193!/:5.0.0]
	at TRANSFORMER/minecraft@1.21.1/net.minecraft.client.gui.screens.Screen.renderWithTooltip(Screen.java:112) ~[neoforge-21.1.235.jar%23189!/:?]
	at TRANSFORMER/neoforge@21.1.235/net.neoforged.neoforge.client.ClientHooks.drawScreenInternal(ClientHooks.java:429) ~[neoforge-21.1.235.jar%23190!/:?]
	at TRANSFORMER/neoforge@21.1.235/net.neoforged.neoforge.client.ClientHooks.drawScreen(ClientHooks.java:423) ~[neoforge-21.1.235.jar%23190!/:?]
	at TRANSFORMER/minecraft@1.21.1/net.minecraft.client.renderer.GameRenderer.render(GameRenderer.java:1098) ~[neoforge-21.1.235.jar%23189!/:?]
	at TRANSFORMER/minecraft@1.21.1/net.minecraft.client.Minecraft.runTick(Minecraft.java:1201) ~[neoforge-21.1.235.jar%23189!/:?]
	at TRANSFORMER/minecraft@1.21.1/net.minecraft.client.Minecraft.run(Minecraft.java:813) ~[neoforge-21.1.235.jar%23189!/:?]
	at TRANSFORMER/minecraft@1.21.1/net.minecraft.client.main.Main.main(Main.java:230) ~[neoforge-21.1.235.jar%23189!/:?]
	at java.base/jdk.internal.reflect.DirectMethodHandleAccessor.invoke(DirectMethodHandleAccessor.java:103) ~[?:?]
	at java.base/java.lang.reflect.Method.invoke(Method.java:580) ~[?:?]
	at MC-BOOTSTRAP/fml_loader@4.0.42/net.neoforged.fml.loading.targets.CommonLaunchHandler.runTarget(CommonLaunchHandler.java:136) ~[loader-4.0.42.jar%23146!/:4.0]
	at MC-BOOTSTRAP/fml_loader@4.0.42/net.neoforged.fml.loading.targets.CommonLaunchHandler.clientService(CommonLaunchHandler.java:124) ~[loader-4.0.42.jar%23146!/:4.0]
	at MC-BOOTSTRAP/fml_loader@4.0.42/net.neoforged.fml.loading.targets.NeoForgeClientDevLaunchHandler.runService(NeoForgeClientDevLaunchHandler.java:23) ~[loader-4.0.42.jar%23146!/:4.0]
	at MC-BOOTSTRAP/fml_loader@4.0.42/net.neoforged.fml.loading.targets.CommonLaunchHandler.lambda$launchService$4(CommonLaunchHandler.java:118) ~[loader-4.0.42.jar%23146!/:4.0]
	at MC-BOOTSTRAP/cpw.mods.modlauncher@11.0.5/cpw.mods.modlauncher.LaunchServiceHandlerDecorator.launch(LaunchServiceHandlerDecorator.java:30) [modlauncher-11.0.5.jar%23128!/:?]
	at MC-BOOTSTRAP/cpw.mods.modlauncher@11.0.5/cpw.mods.modlauncher.LaunchServiceHandler.launch(LaunchServiceHandler.java:53) [modlauncher-11.0.5.jar%23128!/:?]
	at MC-BOOTSTRAP/cpw.mods.modlauncher@11.0.5/cpw.mods.modlauncher.LaunchServiceHandler.launch(LaunchServiceHandler.java:71) [modlauncher-11.0.5.jar%23128!/:?]
	at MC-BOOTSTRAP/cpw.mods.modlauncher@11.0.5/cpw.mods.modlauncher.Launcher.run(Launcher.java:103) [modlauncher-11.0.5.jar%23128!/:?]
	at MC-BOOTSTRAP/cpw.mods.modlauncher@11.0.5/cpw.mods.modlauncher.Launcher.main(Launcher.java:74) [modlauncher-11.0.5.jar%23128!/:?]
	at MC-BOOTSTRAP/cpw.mods.modlauncher@11.0.5/cpw.mods.modlauncher.BootstrapLaunchConsumer.accept(BootstrapLaunchConsumer.java:26) [modlauncher-11.0.5.jar%23128!/:?]
	at MC-BOOTSTRAP/cpw.mods.modlauncher@11.0.5/cpw.mods.modlauncher.BootstrapLaunchConsumer.accept(BootstrapLaunchConsumer.java:23) [modlauncher-11.0.5.jar%23128!/:?]
	at cpw.mods.bootstraplauncher@2.0.2/cpw.mods.bootstraplauncher.BootstrapLauncher.run(BootstrapLauncher.java:210) [bootstraplauncher-2.0.2.jar:?]
	at cpw.mods.bootstraplauncher@2.0.2/cpw.mods.bootstraplauncher.BootstrapLauncher.main(BootstrapLauncher.java:69) [bootstraplauncher-2.0.2.jar:?]
	at java.base/jdk.internal.reflect.DirectMethodHandleAccessor.invoke(DirectMethodHandleAccessor.java:103) ~[?:?]
	at java.base/java.lang.reflect.Method.invoke(Method.java:580) ~[?:?]
	at net.neoforged.devlaunch.Main.main(Main.java:57) [DevLaunch-1.0.2.jar:?]
[08set.2026 23:20:54.287] [Server thread/INFO] [net.minecraft.client.server.IntegratedServer/]: Saving and pausing game...
[08set.2026 23:20:54.293] [Server thread/INFO] [net.minecraft.server.MinecraftServer/]: Saving chunks for level 'ServerLevel[New World]'/minecraft:overworld
[08set.2026 23:20:54.304] [Server thread/INFO] [net.minecraft.server.MinecraftServer/]: Saving chunks for level 'ServerLevel[New World]'/minecraft:the_end
[08set.2026 23:20:54.305] [Server thread/INFO] [net.minecraft.server.MinecraftServer/]: Saving chunks for level 'ServerLevel[New World]'/minecraft:the_nether
[08set.2026 23:20:54.306] [Server thread/DEBUG] [net.neoforged.neoforge.common.CommonHooks/WP]: Gathered mod list to write to world save New World
[08set.2026 23:21:04.486] [Server thread/INFO] [net.minecraft.client.server.IntegratedServer/]: Saving and pausing game...
[08set.2026 23:21:04.493] [Server thread/INFO] [net.minecraft.server.MinecraftServer/]: Saving chunks for level 'ServerLevel[New World]'/minecraft:overworld
[08set.2026 23:21:04.500] [Server thread/INFO] [net.minecraft.server.MinecraftServer/]: Saving chunks for level 'ServerLevel[New World]'/minecraft:the_end
[08set.2026 23:21:04.500] [Server thread/INFO] [net.minecraft.server.MinecraftServer/]: Saving chunks for level 'ServerLevel[New World]'/minecraft:the_nether
[08set.2026 23:21:04.500] [Server thread/DEBUG] [net.neoforged.neoforge.common.CommonHooks/WP]: Gathered mod list to write to world save New World
[08set.2026 23:21:08.386] [Server thread/INFO] [net.minecraft.client.server.IntegratedServer/]: Saving and pausing game...
[08set.2026 23:21:08.394] [Server thread/INFO] [net.minecraft.server.MinecraftServer/]: Saving chunks for level 'ServerLevel[New World]'/minecraft:overworld
[08set.2026 23:21:08.401] [Server thread/INFO] [net.minecraft.server.MinecraftServer/]: Saving chunks for level 'ServerLevel[New World]'/minecraft:the_end
[08set.2026 23:21:08.401] [Server thread/INFO] [net.minecraft.server.MinecraftServer/]: Saving chunks for level 'ServerLevel[New World]'/minecraft:the_nether
[08set.2026 23:21:08.401] [Server thread/DEBUG] [net.neoforged.neoforge.common.CommonHooks/WP]: Gathered mod list to write to world save New World
[08set.2026 23:21:12.536] [Server thread/INFO] [net.minecraft.client.server.IntegratedServer/]: Saving and pausing game...
[08set.2026 23:21:12.546] [Server thread/INFO] [net.minecraft.server.MinecraftServer/]: Saving chunks for level 'ServerLevel[New World]'/minecraft:overworld
[08set.2026 23:21:12.551] [Server thread/INFO] [net.minecraft.server.MinecraftServer/]: Saving chunks for level 'ServerLevel[New World]'/minecraft:the_end
[08set.2026 23:21:12.551] [Server thread/INFO] [net.minecraft.server.MinecraftServer/]: Saving chunks for level 'ServerLevel[New World]'/minecraft:the_nether
[08set.2026 23:21:12.551] [Server thread/DEBUG] [net.neoforged.neoforge.common.CommonHooks/WP]: Gathered mod list to write to world save New World
[08set.2026 23:22:08.639] [Server thread/INFO] [net.minecraft.client.server.IntegratedServer/]: Saving and pausing game...
[08set.2026 23:22:08.650] [Server thread/INFO] [net.minecraft.server.MinecraftServer/]: Saving chunks for level 'ServerLevel[New World]'/minecraft:overworld
[08set.2026 23:22:08.657] [Server thread/INFO] [net.minecraft.server.MinecraftServer/]: Saving chunks for level 'ServerLevel[New World]'/minecraft:the_end
[08set.2026 23:22:08.657] [Server thread/INFO] [net.minecraft.server.MinecraftServer/]: Saving chunks for level 'ServerLevel[New World]'/minecraft:the_nether
[08set.2026 23:22:08.658] [Server thread/DEBUG] [net.neoforged.neoforge.common.CommonHooks/WP]: Gathered mod list to write to world save New World
[08set.2026 23:22:09.349] [Server thread/INFO] [net.minecraft.server.network.ServerGamePacketListenerImpl/]: Dev lost connection: Disconnected
[08set.2026 23:22:09.349] [Server thread/INFO] [net.minecraft.server.MinecraftServer/]: Dev left the game
[08set.2026 23:22:09.363] [Server thread/INFO] [net.minecraft.server.network.ServerCommonPacketListenerImpl/]: Stopping singleplayer server as player logged out
[08set.2026 23:22:09.400] [Server thread/INFO] [net.minecraft.server.MinecraftServer/]: Stopping server
[08set.2026 23:22:09.400] [Server thread/INFO] [net.minecraft.server.MinecraftServer/]: Saving players
[08set.2026 23:22:09.400] [Server thread/INFO] [net.minecraft.server.MinecraftServer/]: Saving worlds
[08set.2026 23:22:09.906] [Server thread/INFO] [net.minecraft.server.MinecraftServer/]: Saving chunks for level 'ServerLevel[New World]'/minecraft:overworld
[08set.2026 23:22:10.905] [Server thread/INFO] [net.minecraft.server.MinecraftServer/]: Saving chunks for level 'ServerLevel[New World]'/minecraft:the_end
[08set.2026 23:22:10.917] [Server thread/INFO] [net.minecraft.server.MinecraftServer/]: Saving chunks for level 'ServerLevel[New World]'/minecraft:the_nether
[08set.2026 23:22:10.920] [Server thread/DEBUG] [net.neoforged.neoforge.common.CommonHooks/WP]: Gathered mod list to write to world save New World
[08set.2026 23:22:10.933] [Server thread/INFO] [net.minecraft.server.MinecraftServer/]: ThreadedAnvilChunkStorage (New World (9)): All chunks are saved
[08set.2026 23:22:10.933] [Server thread/INFO] [net.minecraft.server.MinecraftServer/]: ThreadedAnvilChunkStorage (DIM1): All chunks are saved
[08set.2026 23:22:10.933] [Server thread/INFO] [net.minecraft.server.MinecraftServer/]: ThreadedAnvilChunkStorage (DIM-1): All chunks are saved
[08set.2026 23:22:10.933] [Server thread/INFO] [net.minecraft.server.MinecraftServer/]: ThreadedAnvilChunkStorage: All dimensions are saved
[08set.2026 23:22:10.989] [Server thread/DEBUG] [net.neoforged.fml.config.ConfigTracker/CONFIG]: Unloading configs type SERVER
[08set.2026 23:22:12.250] [Render thread/INFO] [team.lodestar.lodestone.LodestoneLib/]: Shutting down Lodestone
[08set.2026 23:22:12.256] [Render thread/INFO] [net.minecraft.client.Minecraft/]: Stopping!
[08set.2026 23:22:12.276] [Render thread/INFO] [team.lodestar.lodestone.LodestoneLib/]: Closed geometry program: lodestone:nineslice/nine_slice
[08set.2026 23:22:12.276] [Render thread/INFO] [team.lodestar.lodestone.LodestoneLib/]: Closed geometry program: lodestone:nineslice/distorted/distorted_nine_slice_texture
