[08set.2026 23:14:40.310] [main/INFO] [cpw.mods.modlauncher.Launcher/MODLAUNCHER]: ModLauncher running: args [--launchTarget, forgeclientdev, --version, 21.1.235, --assetIndex, 17, --assetsDir, C:\\Users\\Vinicius\\.gradle\\caches\\neoformruntime\\assets, --gameDir, ., --fml.fmlVersion, 4.0.42, --fml.mcVersion, 1.21.1, --fml.neoForgeVersion, 21.1.235, --fml.neoFormVersion, 20240808.144430]
[08set.2026 23:14:40.313] [main/INFO] [cpw.mods.modlauncher.Launcher/MODLAUNCHER]: JVM identified as Oracle Corporation Java HotSpot(TM) 64-Bit Server VM 21.0.10+8-LTS-217
[08set.2026 23:14:40.315] [main/INFO] [cpw.mods.modlauncher.Launcher/MODLAUNCHER]: ModLauncher 11.0.5+main.901c6ea8 starting: java version 21.0.10 by Oracle Corporation; OS Windows 11 arch amd64 version 10.0
[08set.2026 23:14:40.437] [main/INFO] [net.neoforged.fml.loading.ImmediateWindowHandler/]: Loading ImmediateWindowProvider fmlearlywindow
[08set.2026 23:14:40.555] [main/INFO] [EARLYDISPLAY/]: Trying GL version 4.6
[08set.2026 23:14:40.629] [main/INFO] [EARLYDISPLAY/]: Requested GL version 4.6 got version 4.6
[08set.2026 23:14:40.762] [main/INFO] [mixin/]: SpongePowered MIXIN Subsystem Version=0.8.7 Source=union:/C:/Users/Vinicius/.gradle/caches/modules-2/files-2.1/net.fabricmc/sponge-mixin/0.15.2+mixin.0.8.7/2af2f021d8e02a0220dc27a7a72b4666d66d44ca/sponge-mixin-0.15.2+mixin.0.8.7.jar%23138!/ Service=ModLauncher Env=CLIENT
[08set.2026 23:14:40.973] [pool-2-thread-1/INFO] [EARLYDISPLAY/]: GL info: AMD Radeon(TM) Graphics GL version 4.6.0 Core Profile Context 26.5.2.260413, ATI Technologies Inc.
[08set.2026 23:14:41.901] [main/INFO] [net.neoforged.fml.loading.moddiscovery.locators.JarInJarDependencyLocator/]: Found 45 dependencies adding them to mods collection
[08set.2026 23:14:41.906] [main/INFO] [net.neoforged.fml.loading.moddiscovery.ModDiscoverer/]: 
     Mod List:
		Name Version (Mod Id)

		Common Networking 1.0.21-1.21.1 (commonnetworking)
		Elementals 5.0.0 (elementals)
		Elementals: More Bendings 1.0.0 (elementalsmorebendings)
		Forgified Fabric API 0.116.7+2.2.4+1.21.1 (fabric_api)
		Forgified Fabric API Base 0.4.42+d1308ded19 (fabric_api_base)
		Forgified Fabric API Lookup API (v1) 1.6.71+c290471319 (fabric_api_lookup_api_v1)
		Forgified Fabric Biome API (v1) 13.0.31+1e62d33c19 (fabric_biome_api_v1)
		Forgified Fabric Block API (v1) 1.1.0+b0c22bb819 (fabric_block_api_v1)
		Forgified Fabric BlockRenderLayer Registration (v1) 1.1.52+c290471319 (fabric_blockrenderlayer_v1)
		Forgified Fabric BlockView API (v2) 1.0.11+e9036fd419 (fabric_block_view_api_v2)
		Forgified Fabric Client Tags 1.1.15+e053909619 (fabric_client_tags_api_v1)
		Forgified Fabric Command API (v2) 2.2.28+36d727be19 (fabric_command_api_v2)
		Forgified Fabric Content Registries (v0) 8.0.19+5e0d320019 (fabric_content_registries_v0)
		Forgified Fabric Convention Tags 2.1.5+7f945d5b19 (fabric_convention_tags_v1)
		Forgified Fabric Convention Tags (v2) 2.11.1+87e5848019 (fabric_convention_tags_v2)
		Forgified Fabric Data Attachment API (v1) 1.4.5+26d408aa19 (fabric_data_attachment_api_v1)
		Forgified Fabric Data Generation API (v1) 20.2.34+a4c3605619 (fabric_data_generation_api_v1)
		Forgified Fabric Entity Events (v1) 1.8.0+5ede667619 (fabric_entity_events_v1)
		Forgified Fabric Events Interaction (v0) 0.7.13+86e0887119 (fabric_events_interaction_v0)
		Forgified Fabric Game Rule API (v1) 1.0.53+36d727be19 (fabric_game_rule_api_v1)
		Forgified Fabric Game Test API (v1) 2.0.5+29f188ce19 (fabric_gametest_api_v1)
		Forgified Fabric Item API (v1) 11.2.0+0c57911319 (fabric_item_api_v1)
		Forgified Fabric Item Group API (v1) 4.1.7+e324903319 (fabric_item_group_api_v1)
		Forgified Fabric Key Binding API (v1) 1.0.47+62cc7ce119 (fabric_key_binding_api_v1)
		Forgified Fabric Lifecycle Events (v1) 2.6.0+e40d8add19 (fabric_lifecycle_events_v1)
		Forgified Fabric Loot API (v2) 3.0.15+a3ee712d19 (fabric_loot_api_v2)
		Forgified Fabric Loot API (v3) 1.0.3+333dfad919 (fabric_loot_api_v3)
		Forgified Fabric Message API (v1) 6.0.14+6a754fce19 (fabric_message_api_v1)
		Forgified Fabric Model Loading API (v1) 2.1.0+6e8f52c719 (fabric_model_loading_api_v1)
		Forgified Fabric Networking API (v1) 4.3.0+30a980d919 (fabric_networking_api_v1)
		Forgified Fabric Object Builder API (v1) 15.2.1+cc242efd19 (fabric_object_builder_api_v1)
		Forgified Fabric Particles (v1) 4.0.2+824f924c19 (fabric_particles_v1)
		Forgified Fabric Recipe API (v1) 5.0.15+59440bcc19 (fabric_recipe_api_v1)
		Forgified Fabric Registry Sync (v0) 5.3.1+f9aace1619 (fabric_registry_sync_v0)
		Forgified Fabric Renderer - Indigo 1.7.1+9125b6dc19 (fabric_renderer_indigo)
		Forgified Fabric Renderer API (v1) 3.4.1+9125b6dc19 (fabric_renderer_api_v1)
		Forgified Fabric Rendering (v1) 5.1.0+1a09bd5a19 (fabric_rendering_v1)
		Forgified Fabric Rendering Data Attachment (v1) 0.3.49+73761d2e19 (fabric_rendering_data_attachment_v1)
		Forgified Fabric Rendering Fluids (v1) 3.1.6+a51883b219 (fabric_rendering_fluids_v1)
		Forgified Fabric Resource Conditions API (v1) 4.3.0+5bdd099819 (fabric_resource_conditions_api_v1)
		Forgified Fabric Resource Loader (v0) 1.3.1+4ea8954419 (fabric_resource_loader_v0)
		Forgified Fabric Screen API (v1) 2.0.25+0ae1214819 (fabric_screen_api_v1)
		Forgified Fabric Screen Handler API (v1) 1.3.90+8dbc56dd19 (fabric_screen_handler_api_v1)
		Forgified Fabric Sound API (v1) 1.0.23+10b84f8419 (fabric_sound_api_v1)
		Forgified Fabric Transfer API (v1) 5.4.3+a25cb45619 (fabric_transfer_api_v1)
		Forgified Fabric Transitive Access Wideners (v1) 6.2.0+6c854b6f19 (fabric_transitive_access_wideners_v1)
		GeckoLib 4 4.8.4 (geckolib)
		Lodestone 1.8.2 (lodestone)
		Minecraft 1.21.1 (minecraft)
		NeoForge 21.1.235 (neoforge)
[08set.2026 23:14:43.377] [main/INFO] [mixin/]: Compatibility level set to JAVA_17
[08set.2026 23:14:43.379] [main/INFO] [mixin/]: Compatibility level set to JAVA_21
[08set.2026 23:14:43.468] [main/INFO] [net.fabricmc.loader.impl.bootstrap.FabricLoaderBootstrap/]: Propagating FML mod list to Fabric Loader
[08set.2026 23:14:43.509] [main/INFO] [cpw.mods.modlauncher.LaunchServiceHandler/MODLAUNCHER]: Launching target 'forgeclientdev' with arguments [--version, 21.1.235, --gameDir, ., --assetsDir, C:\Users\Vinicius\.gradle\caches\neoformruntime\assets, --assetIndex, 17]
[08set.2026 23:14:43.603] [main/WARN] [mixin/]: Reference map 'geckolib.refmap.json' for geckolib.mixins.json could not be read. If this is a development environment you can ignore this message
[08set.2026 23:14:43.630] [main/WARN] [mixin/]: Reference map 'lodestone.refmap.json' for lodestone.mixins.json could not be read. If this is a development environment you can ignore this message
[08set.2026 23:14:43.632] [main/WARN] [mixin/]: Reference map 'elementals.refmap.json' for elementals.mixins.json could not be read. If this is a development environment you can ignore this message
[08set.2026 23:14:44.622] [main/INFO] [MixinExtras|Service/]: Initializing MixinExtras via com.llamalad7.mixinextras.service.MixinExtrasServiceImpl(version=0.5.3).
[08set.2026 23:14:46.522] [Datafixer Bootstrap/INFO] [com.mojang.datafixers.DataFixerBuilder/]: 229 Datafixer optimizations took 365 milliseconds
[08set.2026 23:14:53.065] [main/WARN] [net.minecraft.commands.Commands/]: Ambiguity between arguments [teleport, location] and [teleport, destination] with inputs: [0.1 -0.5 .9, 0 0 0]
[08set.2026 23:14:53.066] [main/WARN] [net.minecraft.commands.Commands/]: Ambiguity between arguments [teleport, location] and [teleport, targets] with inputs: [0.1 -0.5 .9, 0 0 0]
[08set.2026 23:14:53.068] [main/WARN] [net.minecraft.commands.Commands/]: Ambiguity between arguments [teleport, destination] and [teleport, targets] with inputs: [Player, 0123, @e, dd12be42-52a9-4a91-a8a1-11c01849e498]
[08set.2026 23:14:53.069] [main/WARN] [net.minecraft.commands.Commands/]: Ambiguity between arguments [teleport, targets] and [teleport, destination] with inputs: [Player, 0123, dd12be42-52a9-4a91-a8a1-11c01849e498]
[08set.2026 23:14:53.070] [main/WARN] [net.minecraft.commands.Commands/]: Ambiguity between arguments [teleport, targets, location] and [teleport, targets, destination] with inputs: [0.1 -0.5 .9, 0 0 0]
[08set.2026 23:14:53.244] [Render thread/WARN] [net.minecraft.server.packs.VanillaPackResourcesBuilder/]: Assets URL 'union:/C:/Users/Vinicius/Desktop/ObsidianWakeAddon/build/moddev/artifacts/neoforge-21.1.235.jar%23189!/assets/.mcassetsroot' uses unexpected schema
[08set.2026 23:14:53.245] [Render thread/WARN] [net.minecraft.server.packs.VanillaPackResourcesBuilder/]: Assets URL 'union:/C:/Users/Vinicius/Desktop/ObsidianWakeAddon/build/moddev/artifacts/neoforge-21.1.235.jar%23189!/data/.mcassetsroot' uses unexpected schema
[08set.2026 23:14:53.305] [Render thread/INFO] [com.mojang.authlib.yggdrasil.YggdrasilAuthenticationService/]: Environment: Environment[sessionHost=https://sessionserver.mojang.com, servicesHost=https://api.minecraftservices.com, name=PROD]
[08set.2026 23:14:53.315] [Render thread/INFO] [net.minecraft.client.Minecraft/]: Setting user: Dev
[08set.2026 23:14:53.545] [Render thread/INFO] [net.minecraft.client.Minecraft/]: Backend library: LWJGL version 3.3.3+5
[08set.2026 23:14:54.015] [modloading-worker-0/INFO] [net.fabricmc.fabric.impl.client.indigo.Indigo/]: [Indigo] Registering Indigo renderer!
[08set.2026 23:14:54.064] [modloading-worker-0/INFO] [elementals/]: Initialising the cool stuff...
[08set.2026 23:14:54.082] [modloading-worker-0/INFO] [net.neoforged.neoforge.common.NeoForgeMod/NEOFORGE-MOD]: NeoForge mod loading, version 21.1.235, for MC 1.21.1
[08set.2026 23:14:55.506] [Render thread/INFO] [net.neoforged.neoforge.gametest.GameTestHooks/]: Enabled Gametest Namespaces: [elementalsmorebendings]
[08set.2026 23:14:55.898] [Render thread/INFO] [net.minecraft.server.packs.resources.ReloadableResourceManager/]: Reloading ResourceManager: vanilla, fabric, mod_resources, mod/fabric_transfer_api_v1, mod/fabric_renderer_api_v1, mod/geckolib, mod/fabric_item_api_v1, mod/fabric_model_loading_api_v1, mod/fabric_rendering_fluids_v1, mod/commonnetworking, mod/fabric_screen_handler_api_v1, mod/fabric_resource_loader_v0, mod/fabric_rendering_v1, mod/fabric_renderer_indigo, mod/fabric_convention_tags_v1, mod/neoforge, mod/fabric_block_view_api_v2, mod/fabric_convention_tags_v2, mod/fabric_command_api_v2, mod/fabric_data_attachment_api_v1, mod/fabric_screen_api_v1, mod/fabric_particles_v1, mod/fabric_api,forgified_fabric_api, mod/fabric_content_registries_v0, mod/fabric_transitive_access_wideners_v1, mod/fabric_game_rule_api_v1, mod/fabric_api_base, mod/fabric_api_lookup_api_v1, mod/fabric_blockrenderlayer_v1, mod/fabric_block_api_v1, mod/fabric_resource_conditions_api_v1, mod/fabric_item_group_api_v1, mod/fabric_gametest_api_v1, mod/fabric_biome_api_v1, mod/fabric_entity_events_v1, mod/fabric_registry_sync_v0, mod/fabric_recipe_api_v1, mod/fabric_loot_api_v2, mod/fabric_object_builder_api_v1, mod/fabric_loot_api_v3, mod/fabric_rendering_data_attachment_v1, mod/fabric_networking_api_v1, mod/fabric_sound_api_v1, mod/lodestone, mod/fabric_message_api_v1, mod/elementals, mod/elementalsmorebendings, mod/fabric_lifecycle_events_v1, mod/fabric_data_generation_api_v1, mod/fabric_events_interaction_v0, mod/fabric_key_binding_api_v1, mod/fabric_client_tags_api_v1
[08set.2026 23:14:55.942] [Worker-Main-5/INFO] [Elementals: More Bendings/]: Inicializando sub-bendings comuns (Plant, Spirit, Healing, Ice, Mud, Crystal, Sand, Glass, Petrification, Lava, Bone, Atmosphere, Gas, Mist, Sound, Temperature, Void, Plasma) na 1.21.1...
[08set.2026 23:14:56.437] [Worker-Main-15/WARN] [net.minecraft.client.sounds.SoundManager/]: File elementals:sounds/wind.ogg does not exist, cannot add it to event elementals:wind
[08set.2026 23:14:56.438] [Worker-Main-15/WARN] [net.minecraft.client.sounds.SoundManager/]: File elementals:sounds/wind_burst.ogg does not exist, cannot add it to event elementals:wind_burst
[08set.2026 23:14:56.438] [Worker-Main-15/WARN] [net.minecraft.client.sounds.SoundManager/]: File elementals:sounds/metal_break_1.ogg does not exist, cannot add it to event elementals:metal_break
[08set.2026 23:14:56.439] [Worker-Main-15/WARN] [net.minecraft.client.sounds.SoundManager/]: File elementals:sounds/metal_break_2.ogg does not exist, cannot add it to event elementals:metal_break
[08set.2026 23:14:56.439] [Worker-Main-15/WARN] [net.minecraft.client.sounds.SoundManager/]: File elementals:sounds/metal_break_3.ogg does not exist, cannot add it to event elementals:metal_break
[08set.2026 23:14:56.439] [Worker-Main-15/WARN] [net.minecraft.client.sounds.SoundManager/]: File elementals:sounds/metal_break_4.ogg does not exist, cannot add it to event elementals:metal_break
[08set.2026 23:14:56.618] [Worker-Main-10/INFO] [net.minecraft.client.gui.font.providers.UnihexProvider/]: Found unifont_all_no_pua-15.1.05.hex, loading
[08set.2026 23:14:56.835] [Worker-Main-2/INFO] [net.minecraft.client.gui.font.providers.UnihexProvider/]: Found unifont_jp_patch-15.1.05.hex, loading
[08set.2026 23:14:57.718] [Worker-Main-13/WARN] [net.minecraft.client.resources.model.ModelBakery/]: Unable to load model: 'elementalsmorebendings:item/temperature_scroll' referenced from: elementalsmorebendings:item/temperature_scroll: java.io.FileNotFoundException: elementalsmorebendings:models/item/temperature_scroll.json
[08set.2026 23:14:57.719] [Worker-Main-13/WARN] [net.minecraft.client.resources.model.ModelBakery/]: Unable to load model: 'elementalsmorebendings:item/mud_scroll' referenced from: elementalsmorebendings:item/mud_scroll: java.io.FileNotFoundException: elementalsmorebendings:models/item/mud_scroll.json
[08set.2026 23:14:57.720] [Worker-Main-13/WARN] [net.minecraft.client.resources.model.ModelBakery/]: Unable to load model: 'elementalsmorebendings:item/ice_scroll' referenced from: elementalsmorebendings:item/ice_scroll: java.io.FileNotFoundException: elementalsmorebendings:models/item/ice_scroll.json
[08set.2026 23:14:57.720] [Worker-Main-13/WARN] [net.minecraft.client.resources.model.ModelBakery/]: Unable to load model: 'elementals:item/moon_planks' referenced from: elementals:item/moon_planks: java.io.FileNotFoundException: elementals:models/item/moon_planks.json
[08set.2026 23:14:57.720] [Worker-Main-13/WARN] [net.minecraft.client.resources.model.ModelBakery/]: Unable to load model: 'elementalsmorebendings:item/spirit_scroll' referenced from: elementalsmorebendings:item/spirit_scroll: java.io.FileNotFoundException: elementalsmorebendings:models/item/spirit_scroll.json
[08set.2026 23:14:57.721] [Worker-Main-13/WARN] [net.minecraft.client.resources.model.ModelBakery/]: Unable to load model: 'elementals:item/moon_stripped_log' referenced from: elementals:item/moon_stripped_log: java.io.FileNotFoundException: elementals:models/item/moon_stripped_log.json
[08set.2026 23:14:57.721] [Worker-Main-13/WARN] [net.minecraft.client.resources.model.ModelBakery/]: Unable to load model: 'elementalsmorebendings:item/petrification_scroll' referenced from: elementalsmorebendings:item/petrification_scroll: java.io.FileNotFoundException: elementalsmorebendings:models/item/petrification_scroll.json
[08set.2026 23:14:57.722] [Worker-Main-13/WARN] [net.minecraft.client.resources.model.ModelBakery/]: Unable to load model: 'elementalsmorebendings:item/lava_scroll' referenced from: elementalsmorebendings:item/lava_scroll: java.io.FileNotFoundException: elementalsmorebendings:models/item/lava_scroll.json
[08set.2026 23:14:57.722] [Worker-Main-13/WARN] [net.minecraft.client.resources.model.ModelBakery/]: Unable to load model: 'elementalsmorebendings:item/sound_scroll' referenced from: elementalsmorebendings:item/sound_scroll: java.io.FileNotFoundException: elementalsmorebendings:models/item/sound_scroll.json
[08set.2026 23:14:57.722] [Worker-Main-13/WARN] [net.minecraft.client.resources.model.ModelBakery/]: Unable to load model: 'elementalsmorebendings:item/crystal_scroll' referenced from: elementalsmorebendings:item/crystal_scroll: java.io.FileNotFoundException: elementalsmorebendings:models/item/crystal_scroll.json
[08set.2026 23:14:57.723] [Worker-Main-13/WARN] [net.minecraft.client.resources.model.ModelBakery/]: Unable to load model: 'elementalsmorebendings:item/bone_scroll' referenced from: elementalsmorebendings:item/bone_scroll: java.io.FileNotFoundException: elementalsmorebendings:models/item/bone_scroll.json
[08set.2026 23:14:57.724] [Worker-Main-13/WARN] [net.minecraft.client.resources.model.ModelBakery/]: Unable to load model: 'elementalsmorebendings:item/gas_scroll' referenced from: elementalsmorebendings:item/gas_scroll: java.io.FileNotFoundException: elementalsmorebendings:models/item/gas_scroll.json
[08set.2026 23:14:57.725] [Worker-Main-13/WARN] [net.minecraft.client.resources.model.ModelBakery/]: Unable to load model: 'elementalsmorebendings:item/plant_scroll' referenced from: elementalsmorebendings:item/plant_scroll: java.io.FileNotFoundException: elementalsmorebendings:models/item/plant_scroll.json
[08set.2026 23:14:57.725] [Worker-Main-13/WARN] [net.minecraft.client.resources.model.ModelBakery/]: Unable to load model: 'elementalsmorebendings:item/sand_scroll' referenced from: elementalsmorebendings:item/sand_scroll: java.io.FileNotFoundException: elementalsmorebendings:models/item/sand_scroll.json
[08set.2026 23:14:57.725] [Worker-Main-13/WARN] [net.minecraft.client.resources.model.ModelBakery/]: Unable to load model: 'elementalsmorebendings:item/plasma_scroll' referenced from: elementalsmorebendings:item/plasma_scroll: java.io.FileNotFoundException: elementalsmorebendings:models/item/plasma_scroll.json
[08set.2026 23:14:57.725] [Worker-Main-13/WARN] [net.minecraft.client.resources.model.ModelBakery/]: Unable to load model: 'elementalsmorebendings:item/void_scroll' referenced from: elementalsmorebendings:item/void_scroll: java.io.FileNotFoundException: elementalsmorebendings:models/item/void_scroll.json
[08set.2026 23:14:57.726] [Worker-Main-13/WARN] [net.minecraft.client.resources.model.ModelBakery/]: Unable to load model: 'elementals:item/moon_peach_leaves' referenced from: elementals:item/moon_peach_leaves: java.io.FileNotFoundException: elementals:models/item/moon_peach_leaves.json
[08set.2026 23:14:57.727] [Worker-Main-13/WARN] [net.minecraft.client.resources.model.ModelBakery/]: Unable to load model: 'elementalsmorebendings:item/atmosphere_scroll' referenced from: elementalsmorebendings:item/atmosphere_scroll: java.io.FileNotFoundException: elementalsmorebendings:models/item/atmosphere_scroll.json
[08set.2026 23:14:57.727] [Worker-Main-13/WARN] [net.minecraft.client.resources.model.ModelBakery/]: Unable to load model: 'elementalsmorebendings:item/glass_scroll' referenced from: elementalsmorebendings:item/glass_scroll: java.io.FileNotFoundException: elementalsmorebendings:models/item/glass_scroll.json
[08set.2026 23:14:57.728] [Worker-Main-13/WARN] [net.minecraft.client.resources.model.ModelBakery/]: Unable to load model: 'elementalsmorebendings:item/combustion_scroll' referenced from: elementalsmorebendings:item/combustion_scroll: java.io.FileNotFoundException: elementalsmorebendings:models/item/combustion_scroll.json
[08set.2026 23:14:57.729] [Worker-Main-13/WARN] [net.minecraft.client.resources.model.ModelBakery/]: Unable to load model: 'elementalsmorebendings:item/mist_scroll' referenced from: elementalsmorebendings:item/mist_scroll: java.io.FileNotFoundException: elementalsmorebendings:models/item/mist_scroll.json
[08set.2026 23:14:57.729] [Worker-Main-13/WARN] [net.minecraft.client.resources.model.ModelBakery/]: Unable to load model: 'elementals:item/moon_log' referenced from: elementals:item/moon_log: java.io.FileNotFoundException: elementals:models/item/moon_log.json
[08set.2026 23:14:58.489] [Worker-Main-13/WARN] [net.minecraft.client.resources.model.ModelManager/]: Missing textures in model elementals:glider#inventory:
    minecraft:textures/atlas/blocks.png:elementals:item/texture
[08set.2026 23:14:58.796] [Render thread/WARN] [net.minecraft.client.sounds.SoundEngine/]: Missing sound for event: minecraft:item.goat_horn.play
[08set.2026 23:14:58.796] [Render thread/WARN] [net.minecraft.client.sounds.SoundEngine/]: Missing sound for event: minecraft:entity.goat.screaming.horn_break
[08set.2026 23:14:58.932] [Render thread/INFO] [com.mojang.blaze3d.audio.Library/]: OpenAL initialized on device OpenAL Soft on Alto-falantes (High Definition Audio Device)
[08set.2026 23:14:58.933] [Render thread/INFO] [net.minecraft.client.sounds.SoundEngine/SOUNDS]: Sound engine started
[08set.2026 23:14:59.097] [Render thread/INFO] [net.minecraft.client.renderer.texture.TextureAtlas/]: Created: 1024x1024x4 minecraft:textures/atlas/blocks.png-atlas
[08set.2026 23:14:59.112] [Render thread/INFO] [net.minecraft.client.renderer.texture.TextureAtlas/]: Created: 256x256x4 minecraft:textures/atlas/signs.png-atlas
[08set.2026 23:14:59.113] [Render thread/INFO] [net.minecraft.client.renderer.texture.TextureAtlas/]: Created: 512x512x4 minecraft:textures/atlas/shield_patterns.png-atlas
[08set.2026 23:14:59.114] [Render thread/INFO] [net.minecraft.client.renderer.texture.TextureAtlas/]: Created: 512x512x4 minecraft:textures/atlas/banner_patterns.png-atlas
[08set.2026 23:14:59.119] [Render thread/INFO] [net.minecraft.client.renderer.texture.TextureAtlas/]: Created: 1024x1024x4 minecraft:textures/atlas/armor_trims.png-atlas
[08set.2026 23:14:59.135] [Render thread/INFO] [net.minecraft.client.renderer.texture.TextureAtlas/]: Created: 128x64x4 minecraft:textures/atlas/decorated_pot.png-atlas
[08set.2026 23:14:59.136] [Render thread/INFO] [net.minecraft.client.renderer.texture.TextureAtlas/]: Created: 256x256x4 minecraft:textures/atlas/chest.png-atlas
[08set.2026 23:14:59.136] [Render thread/INFO] [net.minecraft.client.renderer.texture.TextureAtlas/]: Created: 512x256x4 minecraft:textures/atlas/shulker_boxes.png-atlas
[08set.2026 23:14:59.136] [Render thread/INFO] [net.minecraft.client.renderer.texture.TextureAtlas/]: Created: 512x256x4 minecraft:textures/atlas/beds.png-atlas
[08set.2026 23:14:59.234] [Render thread/INFO] [net.minecraft.client.renderer.texture.TextureAtlas/]: Created: 512x256x0 minecraft:textures/atlas/particles.png-atlas
[08set.2026 23:14:59.236] [Render thread/INFO] [net.minecraft.client.renderer.texture.TextureAtlas/]: Created: 512x512x0 minecraft:textures/atlas/paintings.png-atlas
[08set.2026 23:14:59.236] [Render thread/INFO] [net.minecraft.client.renderer.texture.TextureAtlas/]: Created: 512x256x0 minecraft:textures/atlas/mob_effects.png-atlas
[08set.2026 23:14:59.237] [Render thread/INFO] [net.minecraft.client.renderer.texture.TextureAtlas/]: Created: 64x64x0 minecraft:textures/atlas/map_decorations.png-atlas
[08set.2026 23:14:59.237] [Render thread/INFO] [net.minecraft.client.renderer.texture.TextureAtlas/]: Created: 1024x512x0 minecraft:textures/atlas/gui.png-atlas
[08set.2026 23:14:59.268] [Render thread/WARN] [net.minecraft.client.renderer.ShaderInstance/]: Shader rendertype_entity_translucent_emissive could not find sampler named Sampler2 in the specified shader program.
[08set.2026 23:14:59.342] [Render thread/INFO] [team.lodestar.lodestone.LodestoneLib/]: Registering shaders for mod: lodestone
[08set.2026 23:14:59.402] [Render thread/INFO] [team.lodestar.lodestone.LodestoneLib/]: Loaded geometry program: lodestone:nineslice/nine_slice
[08set.2026 23:14:59.405] [Render thread/INFO] [team.lodestar.lodestone.LodestoneLib/]: Loaded geometry program: lodestone:nineslice/distorted/distorted_nine_slice_texture
[08set.2026 23:14:59.467] [Render thread/INFO] [net.neoforged.neoforge.client.entity.animation.json.AnimationLoader/]: Loaded 0 entity animations
[08set.2026 23:15:07.628] [Worker-Main-2/ERROR] [net.minecraft.tags.TagLoader/]: Couldn't load tag elementals:ore_blocks as it is missing following references: 
	#minecraft:ores (from mod/elementals)
[08set.2026 23:15:07.780] [Render thread/INFO] [net.minecraft.world.item.crafting.RecipeManager/]: Loaded 1293 recipes
[08set.2026 23:15:07.991] [Render thread/INFO] [net.minecraft.advancements.AdvancementTree/]: Loaded 1413 advancements
[08set.2026 23:15:08.370] [Server thread/INFO] [net.minecraft.client.server.IntegratedServer/]: Starting integrated minecraft server version 1.21.1
[08set.2026 23:15:08.370] [Server thread/INFO] [net.minecraft.server.MinecraftServer/]: Generating keypair
[08set.2026 23:15:09.193] [Server thread/INFO] [net.minecraft.server.MinecraftServer/]: Preparing start region for dimension minecraft:overworld
[08set.2026 23:15:09.494] [progressListener/INFO] [net.minecraft.server.level.progress.LoggerChunkProgressListener/]: Preparing spawn area: 0%
[08set.2026 23:15:09.624] [progressListener/INFO] [net.minecraft.server.level.progress.LoggerChunkProgressListener/]: Time elapsed: 412 ms
[08set.2026 23:15:09.626] [Server thread/INFO] [net.neoforged.neoforge.server.permission.PermissionAPI/]: Successfully initialized permission handler neoforge:default_handler
[08set.2026 23:15:09.629] [Server thread/WARN] [net.neoforged.neoforge.common.TagConventionLogWarning/]: 
   Dev warning - Legacy Tags detected. Please migrate your 'forge' namespace tags to the 'c' namespace! See net.neoforged.neoforge.common.Tags.java for all tags.
   NOTE: Many tags have been moved around or renamed. Some new ones were added so please review the new tags.
    And make sure you follow tag conventions for new tags! The convention is `c` with nouns generally being plural and adjectives being singular.
   You can disable this message in NeoForge's common config by setting `logLegacyTagWarnings` to "SILENCED" or see individual tags with "DEV_VERBOSE".

[08set.2026 23:15:09.632] [Server thread/WARN] [net.fabricmc.fabric.impl.tag.convention.v2.TranslationConventionLogWarnings/]: 
	Dev warning - Untranslated Item Tags detected. Please translate your item tags so other mods such as recipe viewers can properly display your tag's name.
	The format desired is tag.item.<namespace>.<path> for the translation key with slashes in path turned into periods.
	To disable this message, set this system property in your runs: `-Dfabric-tag-conventions-v2.missingTagTranslationWarning=SILENCED`.
	To see individual untranslated item tags found, set the system property to `-Dfabric-tag-conventions-v2.missingTagTranslationWarning=VERBOSE`.
	Default is `SHORT`.

[08set.2026 23:15:09.785] [Server thread/INFO] [net.minecraft.client.server.IntegratedServer/]: Changing view distance to 12, from 10
[08set.2026 23:15:09.785] [Server thread/INFO] [net.minecraft.client.server.IntegratedServer/]: Changing simulation distance to 12, from 0
[08set.2026 23:15:10.677] [Server thread/INFO] [net.minecraft.server.players.PlayerList/]: Dev[local:E:f62e8665] logged in with entity id 95 at (22.14307669619055, 63.0, 88.0585047016781)
[08set.2026 23:15:10.811] [Server thread/INFO] [net.minecraft.server.MinecraftServer/]: Dev joined the game
[08set.2026 23:15:11.090] [Render thread/INFO] [net.minecraft.advancements.AdvancementTree/]: Loaded 15 advancements
[08set.2026 23:15:19.721] [Render thread/WARN] [net.minecraft.client.renderer.texture.TextureManager/]: Failed to load texture: elementals:textures/gui/avatar_upgrade_button.png
java.io.FileNotFoundException: elementals:textures/gui/avatar_upgrade_button.png
	at TRANSFORMER/minecraft@1.21.1/net.minecraft.server.packs.resources.ResourceProvider.lambda$getResourceOrThrow$1(ResourceProvider.java:18) ~[neoforge-21.1.235.jar%23189!/:?]
	at java.base/java.util.Optional.orElseThrow(Optional.java:403) ~[?:?]
	at TRANSFORMER/minecraft@1.21.1/net.minecraft.server.packs.resources.ResourceProvider.getResourceOrThrow(ResourceProvider.java:18) ~[neoforge-21.1.235.jar%23189!/:?]
	at TRANSFORMER/geckolib@4.8.4/software.bernie.geckolib.cache.texture.AnimatableTexture.load(AnimatableTexture.java:40) ~[geckolib-neoforge-1.21.1-4.8.4.jar%23195!/:4.8.4]
	at TRANSFORMER/minecraft@1.21.1/net.minecraft.client.renderer.texture.TextureManager.loadTexture(TextureManager.java:92) ~[neoforge-21.1.235.jar%23189!/:?]
	at TRANSFORMER/minecraft@1.21.1/net.minecraft.client.renderer.texture.TextureManager.register(TextureManager.java:63) ~[neoforge-21.1.235.jar%23189!/:?]
	at TRANSFORMER/minecraft@1.21.1/net.minecraft.client.renderer.texture.TextureManager.wrapOperation$zba000$geckolib$replaceAnimatableTexture(TextureManager.java:1031) ~[neoforge-21.1.235.jar%23189!/:?]
	at TRANSFORMER/minecraft@1.21.1/net.minecraft.client.renderer.texture.TextureManager.getTexture(TextureManager.java:112) ~[neoforge-21.1.235.jar%23189!/:?]
	at TRANSFORMER/minecraft@1.21.1/com.mojang.blaze3d.systems.RenderSystem._setShaderTexture(RenderSystem.java:725) ~[neoforge-21.1.235.jar%23189!/:?]
	at TRANSFORMER/minecraft@1.21.1/com.mojang.blaze3d.systems.RenderSystem.setShaderTexture(RenderSystem.java:718) ~[neoforge-21.1.235.jar%23189!/:?]
	at TRANSFORMER/minecraft@1.21.1/net.minecraft.client.gui.GuiGraphics.innerBlit(GuiGraphics.java:965) ~[neoforge-21.1.235.jar%23189!/:?]
	at TRANSFORMER/minecraft@1.21.1/net.minecraft.client.gui.GuiGraphics.blit(GuiGraphics.java:923) ~[neoforge-21.1.235.jar%23189!/:?]
	at TRANSFORMER/minecraft@1.21.1/net.minecraft.client.gui.GuiGraphics.blit(GuiGraphics.java:865) ~[neoforge-21.1.235.jar%23189!/:?]
	at TRANSFORMER/minecraft@1.21.1/net.minecraft.client.gui.GuiGraphics.blit(GuiGraphics.java:888) ~[neoforge-21.1.235.jar%23189!/:?]
	at TRANSFORMER/elementals@5.0.0/dev.saperate.elementals.client.gui.ChiHudOverlay.render(ChiHudOverlay.java:31) ~[elementals-neoforge-1.21.1-5.0.0.jar%23193!/:5.0.0]
	at TRANSFORMER/neoforge@21.1.235/net.neoforged.neoforge.client.gui.GuiLayerManager.renderInner(GuiLayerManager.java:69) ~[neoforge-21.1.235.jar%23190!/:?]
	at TRANSFORMER/neoforge@21.1.235/net.neoforged.neoforge.client.gui.GuiLayerManager.render(GuiLayerManager.java:59) ~[neoforge-21.1.235.jar%23190!/:?]
	at TRANSFORMER/minecraft@1.21.1/net.minecraft.client.gui.Gui.render(Gui.java:261) ~[neoforge-21.1.235.jar%23189!/:?]
	at TRANSFORMER/minecraft@1.21.1/net.minecraft.client.renderer.GameRenderer.render(GameRenderer.java:1079) ~[neoforge-21.1.235.jar%23189!/:?]
	at TRANSFORMER/minecraft@1.21.1/net.minecraft.client.Minecraft.runTick(Minecraft.java:1201) ~[neoforge-21.1.235.jar%23189!/:?]
	at TRANSFORMER/minecraft@1.21.1/net.minecraft.client.Minecraft.run(Minecraft.java:813) ~[neoforge-21.1.235.jar%23189!/:?]
	at TRANSFORMER/minecraft@1.21.1/net.minecraft.client.main.Main.main(Main.java:230) ~[neoforge-21.1.235.jar%23189!/:?]
	at java.base/jdk.internal.reflect.DirectMethodHandleAccessor.invoke(DirectMethodHandleAccessor.java:103) ~[?:?]
	at java.base/java.lang.reflect.Method.invoke(Method.java:580) ~[?:?]
	at MC-BOOTSTRAP/fml_loader@4.0.42/net.neoforged.fml.loading.targets.CommonLaunchHandler.runTarget(CommonLaunchHandler.java:136) ~[loader-4.0.42.jar%23146!/:4.0]
	at MC-BOOTSTRAP/fml_loader@4.0.42/net.neoforged.fml.loading.targets.CommonLaunchHandler.clientService(CommonLaunchHandler.java:124) ~[loader-4.0.42.jar%23146!/:4.0]
	at MC-BOOTSTRAP/fml_loader@4.0.42/net.neoforged.fml.loading.targets.NeoForgeClientDevLaunchHandler.runService(NeoForgeClientDevLaunchHandler.java:23) ~[loader-4.0.42.jar%23146!/:4.0]
	at MC-BOOTSTRAP/fml_loader@4.0.42/net.neoforged.fml.loading.targets.CommonLaunchHandler.lambda$launchService$4(CommonLaunchHandler.java:118) ~[loader-4.0.42.jar%23146!/:4.0]
	at MC-BOOTSTRAP/cpw.mods.modlauncher@11.0.5/cpw.mods.modlauncher.LaunchServiceHandlerDecorator.launch(LaunchServiceHandlerDecorator.java:30) [modlauncher-11.0.5.jar%23128!/:?]
	at MC-BOOTSTRAP/cpw.mods.modlauncher@11.0.5/cpw.mods.modlauncher.LaunchServiceHandler.launch(LaunchServiceHandler.java:53) [modlauncher-11.0.5.jar%23128!/:?]
	at MC-BOOTSTRAP/cpw.mods.modlauncher@11.0.5/cpw.mods.modlauncher.LaunchServiceHandler.launch(LaunchServiceHandler.java:71) [modlauncher-11.0.5.jar%23128!/:?]
	at MC-BOOTSTRAP/cpw.mods.modlauncher@11.0.5/cpw.mods.modlauncher.Launcher.run(Launcher.java:103) [modlauncher-11.0.5.jar%23128!/:?]
	at MC-BOOTSTRAP/cpw.mods.modlauncher@11.0.5/cpw.mods.modlauncher.Launcher.main(Launcher.java:74) [modlauncher-11.0.5.jar%23128!/:?]
	at MC-BOOTSTRAP/cpw.mods.modlauncher@11.0.5/cpw.mods.modlauncher.BootstrapLaunchConsumer.accept(BootstrapLaunchConsumer.java:26) [modlauncher-11.0.5.jar%23128!/:?]
	at MC-BOOTSTRAP/cpw.mods.modlauncher@11.0.5/cpw.mods.modlauncher.BootstrapLaunchConsumer.accept(BootstrapLaunchConsumer.java:23) [modlauncher-11.0.5.jar%23128!/:?]
	at cpw.mods.bootstraplauncher@2.0.2/cpw.mods.bootstraplauncher.BootstrapLauncher.run(BootstrapLauncher.java:210) [bootstraplauncher-2.0.2.jar:?]
	at cpw.mods.bootstraplauncher@2.0.2/cpw.mods.bootstraplauncher.BootstrapLauncher.main(BootstrapLauncher.java:69) [bootstraplauncher-2.0.2.jar:?]
	at java.base/jdk.internal.reflect.DirectMethodHandleAccessor.invoke(DirectMethodHandleAccessor.java:103) ~[?:?]
	at java.base/java.lang.reflect.Method.invoke(Method.java:580) ~[?:?]
	at net.neoforged.devlaunch.Main.main(Main.java:57) [DevLaunch-1.0.2.jar:?]
[08set.2026 23:15:19.724] [Render thread/WARN] [net.minecraft.client.renderer.texture.TextureManager/]: Failed to load texture: elementals:textures/gui/avatar_upgrade_button.png
java.io.FileNotFoundException: elementals:textures/gui/avatar_upgrade_button.png
	at TRANSFORMER/minecraft@1.21.1/net.minecraft.server.packs.resources.ResourceProvider.lambda$getResourceOrThrow$1(ResourceProvider.java:18) ~[neoforge-21.1.235.jar%23189!/:?]
	at java.base/java.util.Optional.orElseThrow(Optional.java:403) ~[?:?]
	at TRANSFORMER/minecraft@1.21.1/net.minecraft.server.packs.resources.ResourceProvider.getResourceOrThrow(ResourceProvider.java:18) ~[neoforge-21.1.235.jar%23189!/:?]
	at TRANSFORMER/minecraft@1.21.1/net.minecraft.client.renderer.texture.SimpleTexture$TextureImage.load(SimpleTexture.java:83) ~[neoforge-21.1.235.jar%23189!/:?]
	at TRANSFORMER/minecraft@1.21.1/net.minecraft.client.renderer.texture.SimpleTexture.getTextureImage(SimpleTexture.java:57) ~[neoforge-21.1.235.jar%23189!/:?]
	at TRANSFORMER/minecraft@1.21.1/net.minecraft.client.renderer.texture.SimpleTexture.load(SimpleTexture.java:30) ~[neoforge-21.1.235.jar%23189!/:?]
	at TRANSFORMER/minecraft@1.21.1/net.minecraft.client.renderer.texture.TextureManager.loadTexture(TextureManager.java:92) ~[neoforge-21.1.235.jar%23189!/:?]
	at TRANSFORMER/minecraft@1.21.1/net.minecraft.client.renderer.texture.TextureManager.register(TextureManager.java:63) ~[neoforge-21.1.235.jar%23189!/:?]
	at TRANSFORMER/minecraft@1.21.1/net.minecraft.client.renderer.texture.TextureManager.getTexture(TextureManager.java:113) ~[neoforge-21.1.235.jar%23189!/:?]
	at TRANSFORMER/minecraft@1.21.1/com.mojang.blaze3d.systems.RenderSystem._setShaderTexture(RenderSystem.java:725) ~[neoforge-21.1.235.jar%23189!/:?]
	at TRANSFORMER/minecraft@1.21.1/com.mojang.blaze3d.systems.RenderSystem.setShaderTexture(RenderSystem.java:718) ~[neoforge-21.1.235.jar%23189!/:?]
	at TRANSFORMER/minecraft@1.21.1/net.minecraft.client.gui.GuiGraphics.innerBlit(GuiGraphics.java:965) ~[neoforge-21.1.235.jar%23189!/:?]
	at TRANSFORMER/minecraft@1.21.1/net.minecraft.client.gui.GuiGraphics.blit(GuiGraphics.java:923) ~[neoforge-21.1.235.jar%23189!/:?]
	at TRANSFORMER/minecraft@1.21.1/net.minecraft.client.gui.GuiGraphics.blit(GuiGraphics.java:865) ~[neoforge-21.1.235.jar%23189!/:?]
	at TRANSFORMER/minecraft@1.21.1/net.minecraft.client.gui.GuiGraphics.blit(GuiGraphics.java:888) ~[neoforge-21.1.235.jar%23189!/:?]
	at TRANSFORMER/elementals@5.0.0/dev.saperate.elementals.client.gui.ChiHudOverlay.render(ChiHudOverlay.java:31) ~[elementals-neoforge-1.21.1-5.0.0.jar%23193!/:5.0.0]
	at TRANSFORMER/neoforge@21.1.235/net.neoforged.neoforge.client.gui.GuiLayerManager.renderInner(GuiLayerManager.java:69) ~[neoforge-21.1.235.jar%23190!/:?]
	at TRANSFORMER/neoforge@21.1.235/net.neoforged.neoforge.client.gui.GuiLayerManager.render(GuiLayerManager.java:59) ~[neoforge-21.1.235.jar%23190!/:?]
	at TRANSFORMER/minecraft@1.21.1/net.minecraft.client.gui.Gui.render(Gui.java:261) ~[neoforge-21.1.235.jar%23189!/:?]
	at TRANSFORMER/minecraft@1.21.1/net.minecraft.client.renderer.GameRenderer.render(GameRenderer.java:1079) ~[neoforge-21.1.235.jar%23189!/:?]
	at TRANSFORMER/minecraft@1.21.1/net.minecraft.client.Minecraft.runTick(Minecraft.java:1201) ~[neoforge-21.1.235.jar%23189!/:?]
	at TRANSFORMER/minecraft@1.21.1/net.minecraft.client.Minecraft.run(Minecraft.java:813) ~[neoforge-21.1.235.jar%23189!/:?]
	at TRANSFORMER/minecraft@1.21.1/net.minecraft.client.main.Main.main(Main.java:230) ~[neoforge-21.1.235.jar%23189!/:?]
	at java.base/jdk.internal.reflect.DirectMethodHandleAccessor.invoke(DirectMethodHandleAccessor.java:103) ~[?:?]
	at java.base/java.lang.reflect.Method.invoke(Method.java:580) ~[?:?]
	at MC-BOOTSTRAP/fml_loader@4.0.42/net.neoforged.fml.loading.targets.CommonLaunchHandler.runTarget(CommonLaunchHandler.java:136) ~[loader-4.0.42.jar%23146!/:4.0]
	at MC-BOOTSTRAP/fml_loader@4.0.42/net.neoforged.fml.loading.targets.CommonLaunchHandler.clientService(CommonLaunchHandler.java:124) ~[loader-4.0.42.jar%23146!/:4.0]
	at MC-BOOTSTRAP/fml_loader@4.0.42/net.neoforged.fml.loading.targets.NeoForgeClientDevLaunchHandler.runService(NeoForgeClientDevLaunchHandler.java:23) ~[loader-4.0.42.jar%23146!/:4.0]
	at MC-BOOTSTRAP/fml_loader@4.0.42/net.neoforged.fml.loading.targets.CommonLaunchHandler.lambda$launchService$4(CommonLaunchHandler.java:118) ~[loader-4.0.42.jar%23146!/:4.0]
	at MC-BOOTSTRAP/cpw.mods.modlauncher@11.0.5/cpw.mods.modlauncher.LaunchServiceHandlerDecorator.launch(LaunchServiceHandlerDecorator.java:30) [modlauncher-11.0.5.jar%23128!/:?]
	at MC-BOOTSTRAP/cpw.mods.modlauncher@11.0.5/cpw.mods.modlauncher.LaunchServiceHandler.launch(LaunchServiceHandler.java:53) [modlauncher-11.0.5.jar%23128!/:?]
	at MC-BOOTSTRAP/cpw.mods.modlauncher@11.0.5/cpw.mods.modlauncher.LaunchServiceHandler.launch(LaunchServiceHandler.java:71) [modlauncher-11.0.5.jar%23128!/:?]
	at MC-BOOTSTRAP/cpw.mods.modlauncher@11.0.5/cpw.mods.modlauncher.Launcher.run(Launcher.java:103) [modlauncher-11.0.5.jar%23128!/:?]
	at MC-BOOTSTRAP/cpw.mods.modlauncher@11.0.5/cpw.mods.modlauncher.Launcher.main(Launcher.java:74) [modlauncher-11.0.5.jar%23128!/:?]
	at MC-BOOTSTRAP/cpw.mods.modlauncher@11.0.5/cpw.mods.modlauncher.BootstrapLaunchConsumer.accept(BootstrapLaunchConsumer.java:26) [modlauncher-11.0.5.jar%23128!/:?]
	at MC-BOOTSTRAP/cpw.mods.modlauncher@11.0.5/cpw.mods.modlauncher.BootstrapLaunchConsumer.accept(BootstrapLaunchConsumer.java:23) [modlauncher-11.0.5.jar%23128!/:?]
	at cpw.mods.bootstraplauncher@2.0.2/cpw.mods.bootstraplauncher.BootstrapLauncher.run(BootstrapLauncher.java:210) [bootstraplauncher-2.0.2.jar:?]
	at cpw.mods.bootstraplauncher@2.0.2/cpw.mods.bootstraplauncher.BootstrapLauncher.main(BootstrapLauncher.java:69) [bootstraplauncher-2.0.2.jar:?]
	at java.base/jdk.internal.reflect.DirectMethodHandleAccessor.invoke(DirectMethodHandleAccessor.java:103) ~[?:?]
	at java.base/java.lang.reflect.Method.invoke(Method.java:580) ~[?:?]
	at net.neoforged.devlaunch.Main.main(Main.java:57) [DevLaunch-1.0.2.jar:?]
[08set.2026 23:15:21.558] [Render thread/WARN] [net.minecraft.client.renderer.texture.TextureManager/]: Failed to load texture: elementals:textures/gui/energy_upgrade_button.png
java.io.FileNotFoundException: elementals:textures/gui/energy_upgrade_button.png
	at TRANSFORMER/minecraft@1.21.1/net.minecraft.server.packs.resources.ResourceProvider.lambda$getResourceOrThrow$1(ResourceProvider.java:18) ~[neoforge-21.1.235.jar%23189!/:?]
	at java.base/java.util.Optional.orElseThrow(Optional.java:403) ~[?:?]
	at TRANSFORMER/minecraft@1.21.1/net.minecraft.server.packs.resources.ResourceProvider.getResourceOrThrow(ResourceProvider.java:18) ~[neoforge-21.1.235.jar%23189!/:?]
	at TRANSFORMER/geckolib@4.8.4/software.bernie.geckolib.cache.texture.AnimatableTexture.load(AnimatableTexture.java:40) ~[geckolib-neoforge-1.21.1-4.8.4.jar%23195!/:4.8.4]
	at TRANSFORMER/minecraft@1.21.1/net.minecraft.client.renderer.texture.TextureManager.loadTexture(TextureManager.java:92) ~[neoforge-21.1.235.jar%23189!/:?]
	at TRANSFORMER/minecraft@1.21.1/net.minecraft.client.renderer.texture.TextureManager.register(TextureManager.java:63) ~[neoforge-21.1.235.jar%23189!/:?]
	at TRANSFORMER/minecraft@1.21.1/net.minecraft.client.renderer.texture.TextureManager.wrapOperation$zba000$geckolib$replaceAnimatableTexture(TextureManager.java:1031) ~[neoforge-21.1.235.jar%23189!/:?]
	at TRANSFORMER/minecraft@1.21.1/net.minecraft.client.renderer.texture.TextureManager.getTexture(TextureManager.java:112) ~[neoforge-21.1.235.jar%23189!/:?]
	at TRANSFORMER/minecraft@1.21.1/com.mojang.blaze3d.systems.RenderSystem._setShaderTexture(RenderSystem.java:725) ~[neoforge-21.1.235.jar%23189!/:?]
	at TRANSFORMER/minecraft@1.21.1/com.mojang.blaze3d.systems.RenderSystem.setShaderTexture(RenderSystem.java:718) ~[neoforge-21.1.235.jar%23189!/:?]
	at TRANSFORMER/minecraft@1.21.1/net.minecraft.client.gui.GuiGraphics.innerBlit(GuiGraphics.java:965) ~[neoforge-21.1.235.jar%23189!/:?]
	at TRANSFORMER/minecraft@1.21.1/net.minecraft.client.gui.GuiGraphics.blit(GuiGraphics.java:923) ~[neoforge-21.1.235.jar%23189!/:?]
	at TRANSFORMER/minecraft@1.21.1/net.minecraft.client.gui.GuiGraphics.blit(GuiGraphics.java:865) ~[neoforge-21.1.235.jar%23189!/:?]
	at TRANSFORMER/minecraft@1.21.1/net.minecraft.client.gui.GuiGraphics.blit(GuiGraphics.java:888) ~[neoforge-21.1.235.jar%23189!/:?]
	at TRANSFORMER/elementals@5.0.0/dev.saperate.elementals.client.gui.ChiHudOverlay.render(ChiHudOverlay.java:31) ~[elementals-neoforge-1.21.1-5.0.0.jar%23193!/:5.0.0]
	at TRANSFORMER/neoforge@21.1.235/net.neoforged.neoforge.client.gui.GuiLayerManager.renderInner(GuiLayerManager.java:69) ~[neoforge-21.1.235.jar%23190!/:?]
	at TRANSFORMER/neoforge@21.1.235/net.neoforged.neoforge.client.gui.GuiLayerManager.render(GuiLayerManager.java:59) ~[neoforge-21.1.235.jar%23190!/:?]
	at TRANSFORMER/minecraft@1.21.1/net.minecraft.client.gui.Gui.render(Gui.java:261) ~[neoforge-21.1.235.jar%23189!/:?]
	at TRANSFORMER/minecraft@1.21.1/net.minecraft.client.renderer.GameRenderer.render(GameRenderer.java:1079) ~[neoforge-21.1.235.jar%23189!/:?]
	at TRANSFORMER/minecraft@1.21.1/net.minecraft.client.Minecraft.runTick(Minecraft.java:1201) ~[neoforge-21.1.235.jar%23189!/:?]
	at TRANSFORMER/minecraft@1.21.1/net.minecraft.client.Minecraft.run(Minecraft.java:813) ~[neoforge-21.1.235.jar%23189!/:?]
	at TRANSFORMER/minecraft@1.21.1/net.minecraft.client.main.Main.main(Main.java:230) ~[neoforge-21.1.235.jar%23189!/:?]
	at java.base/jdk.internal.reflect.DirectMethodHandleAccessor.invoke(DirectMethodHandleAccessor.java:103) ~[?:?]
	at java.base/java.lang.reflect.Method.invoke(Method.java:580) ~[?:?]
	at MC-BOOTSTRAP/fml_loader@4.0.42/net.neoforged.fml.loading.targets.CommonLaunchHandler.runTarget(CommonLaunchHandler.java:136) ~[loader-4.0.42.jar%23146!/:4.0]
	at MC-BOOTSTRAP/fml_loader@4.0.42/net.neoforged.fml.loading.targets.CommonLaunchHandler.clientService(CommonLaunchHandler.java:124) ~[loader-4.0.42.jar%23146!/:4.0]
	at MC-BOOTSTRAP/fml_loader@4.0.42/net.neoforged.fml.loading.targets.NeoForgeClientDevLaunchHandler.runService(NeoForgeClientDevLaunchHandler.java:23) ~[loader-4.0.42.jar%23146!/:4.0]
	at MC-BOOTSTRAP/fml_loader@4.0.42/net.neoforged.fml.loading.targets.CommonLaunchHandler.lambda$launchService$4(CommonLaunchHandler.java:118) ~[loader-4.0.42.jar%23146!/:4.0]
	at MC-BOOTSTRAP/cpw.mods.modlauncher@11.0.5/cpw.mods.modlauncher.LaunchServiceHandlerDecorator.launch(LaunchServiceHandlerDecorator.java:30) [modlauncher-11.0.5.jar%23128!/:?]
	at MC-BOOTSTRAP/cpw.mods.modlauncher@11.0.5/cpw.mods.modlauncher.LaunchServiceHandler.launch(LaunchServiceHandler.java:53) [modlauncher-11.0.5.jar%23128!/:?]
	at MC-BOOTSTRAP/cpw.mods.modlauncher@11.0.5/cpw.mods.modlauncher.LaunchServiceHandler.launch(LaunchServiceHandler.java:71) [modlauncher-11.0.5.jar%23128!/:?]
	at MC-BOOTSTRAP/cpw.mods.modlauncher@11.0.5/cpw.mods.modlauncher.Launcher.run(Launcher.java:103) [modlauncher-11.0.5.jar%23128!/:?]
	at MC-BOOTSTRAP/cpw.mods.modlauncher@11.0.5/cpw.mods.modlauncher.Launcher.main(Launcher.java:74) [modlauncher-11.0.5.jar%23128!/:?]
	at MC-BOOTSTRAP/cpw.mods.modlauncher@11.0.5/cpw.mods.modlauncher.BootstrapLaunchConsumer.accept(BootstrapLaunchConsumer.java:26) [modlauncher-11.0.5.jar%23128!/:?]
	at MC-BOOTSTRAP/cpw.mods.modlauncher@11.0.5/cpw.mods.modlauncher.BootstrapLaunchConsumer.accept(BootstrapLaunchConsumer.java:23) [modlauncher-11.0.5.jar%23128!/:?]
	at cpw.mods.bootstraplauncher@2.0.2/cpw.mods.bootstraplauncher.BootstrapLauncher.run(BootstrapLauncher.java:210) [bootstraplauncher-2.0.2.jar:?]
	at cpw.mods.bootstraplauncher@2.0.2/cpw.mods.bootstraplauncher.BootstrapLauncher.main(BootstrapLauncher.java:69) [bootstraplauncher-2.0.2.jar:?]
	at java.base/jdk.internal.reflect.DirectMethodHandleAccessor.invoke(DirectMethodHandleAccessor.java:103) ~[?:?]
	at java.base/java.lang.reflect.Method.invoke(Method.java:580) ~[?:?]
	at net.neoforged.devlaunch.Main.main(Main.java:57) [DevLaunch-1.0.2.jar:?]
[08set.2026 23:15:21.560] [Render thread/WARN] [net.minecraft.client.renderer.texture.TextureManager/]: Failed to load texture: elementals:textures/gui/energy_upgrade_button.png
java.io.FileNotFoundException: elementals:textures/gui/energy_upgrade_button.png
	at TRANSFORMER/minecraft@1.21.1/net.minecraft.server.packs.resources.ResourceProvider.lambda$getResourceOrThrow$1(ResourceProvider.java:18) ~[neoforge-21.1.235.jar%23189!/:?]
	at java.base/java.util.Optional.orElseThrow(Optional.java:403) ~[?:?]
	at TRANSFORMER/minecraft@1.21.1/net.minecraft.server.packs.resources.ResourceProvider.getResourceOrThrow(ResourceProvider.java:18) ~[neoforge-21.1.235.jar%23189!/:?]
	at TRANSFORMER/minecraft@1.21.1/net.minecraft.client.renderer.texture.SimpleTexture$TextureImage.load(SimpleTexture.java:83) ~[neoforge-21.1.235.jar%23189!/:?]
	at TRANSFORMER/minecraft@1.21.1/net.minecraft.client.renderer.texture.SimpleTexture.getTextureImage(SimpleTexture.java:57) ~[neoforge-21.1.235.jar%23189!/:?]
	at TRANSFORMER/minecraft@1.21.1/net.minecraft.client.renderer.texture.SimpleTexture.load(SimpleTexture.java:30) ~[neoforge-21.1.235.jar%23189!/:?]
	at TRANSFORMER/minecraft@1.21.1/net.minecraft.client.renderer.texture.TextureManager.loadTexture(TextureManager.java:92) ~[neoforge-21.1.235.jar%23189!/:?]
	at TRANSFORMER/minecraft@1.21.1/net.minecraft.client.renderer.texture.TextureManager.register(TextureManager.java:63) ~[neoforge-21.1.235.jar%23189!/:?]
	at TRANSFORMER/minecraft@1.21.1/net.minecraft.client.renderer.texture.TextureManager.getTexture(TextureManager.java:113) ~[neoforge-21.1.235.jar%23189!/:?]
	at TRANSFORMER/minecraft@1.21.1/com.mojang.blaze3d.systems.RenderSystem._setShaderTexture(RenderSystem.java:725) ~[neoforge-21.1.235.jar%23189!/:?]
	at TRANSFORMER/minecraft@1.21.1/com.mojang.blaze3d.systems.RenderSystem.setShaderTexture(RenderSystem.java:718) ~[neoforge-21.1.235.jar%23189!/:?]
	at TRANSFORMER/minecraft@1.21.1/net.minecraft.client.gui.GuiGraphics.innerBlit(GuiGraphics.java:965) ~[neoforge-21.1.235.jar%23189!/:?]
	at TRANSFORMER/minecraft@1.21.1/net.minecraft.client.gui.GuiGraphics.blit(GuiGraphics.java:923) ~[neoforge-21.1.235.jar%23189!/:?]
	at TRANSFORMER/minecraft@1.21.1/net.minecraft.client.gui.GuiGraphics.blit(GuiGraphics.java:865) ~[neoforge-21.1.235.jar%23189!/:?]
	at TRANSFORMER/minecraft@1.21.1/net.minecraft.client.gui.GuiGraphics.blit(GuiGraphics.java:888) ~[neoforge-21.1.235.jar%23189!/:?]
	at TRANSFORMER/elementals@5.0.0/dev.saperate.elementals.client.gui.ChiHudOverlay.render(ChiHudOverlay.java:31) ~[elementals-neoforge-1.21.1-5.0.0.jar%23193!/:5.0.0]
	at TRANSFORMER/neoforge@21.1.235/net.neoforged.neoforge.client.gui.GuiLayerManager.renderInner(GuiLayerManager.java:69) ~[neoforge-21.1.235.jar%23190!/:?]
	at TRANSFORMER/neoforge@21.1.235/net.neoforged.neoforge.client.gui.GuiLayerManager.render(GuiLayerManager.java:59) ~[neoforge-21.1.235.jar%23190!/:?]
	at TRANSFORMER/minecraft@1.21.1/net.minecraft.client.gui.Gui.render(Gui.java:261) ~[neoforge-21.1.235.jar%23189!/:?]
	at TRANSFORMER/minecraft@1.21.1/net.minecraft.client.renderer.GameRenderer.render(GameRenderer.java:1079) ~[neoforge-21.1.235.jar%23189!/:?]
	at TRANSFORMER/minecraft@1.21.1/net.minecraft.client.Minecraft.runTick(Minecraft.java:1201) ~[neoforge-21.1.235.jar%23189!/:?]
	at TRANSFORMER/minecraft@1.21.1/net.minecraft.client.Minecraft.run(Minecraft.java:813) ~[neoforge-21.1.235.jar%23189!/:?]
	at TRANSFORMER/minecraft@1.21.1/net.minecraft.client.main.Main.main(Main.java:230) ~[neoforge-21.1.235.jar%23189!/:?]
	at java.base/jdk.internal.reflect.DirectMethodHandleAccessor.invoke(DirectMethodHandleAccessor.java:103) ~[?:?]
	at java.base/java.lang.reflect.Method.invoke(Method.java:580) ~[?:?]
	at MC-BOOTSTRAP/fml_loader@4.0.42/net.neoforged.fml.loading.targets.CommonLaunchHandler.runTarget(CommonLaunchHandler.java:136) ~[loader-4.0.42.jar%23146!/:4.0]
	at MC-BOOTSTRAP/fml_loader@4.0.42/net.neoforged.fml.loading.targets.CommonLaunchHandler.clientService(CommonLaunchHandler.java:124) ~[loader-4.0.42.jar%23146!/:4.0]
	at MC-BOOTSTRAP/fml_loader@4.0.42/net.neoforged.fml.loading.targets.NeoForgeClientDevLaunchHandler.runService(NeoForgeClientDevLaunchHandler.java:23) ~[loader-4.0.42.jar%23146!/:4.0]
	at MC-BOOTSTRAP/fml_loader@4.0.42/net.neoforged.fml.loading.targets.CommonLaunchHandler.lambda$launchService$4(CommonLaunchHandler.java:118) ~[loader-4.0.42.jar%23146!/:4.0]
	at MC-BOOTSTRAP/cpw.mods.modlauncher@11.0.5/cpw.mods.modlauncher.LaunchServiceHandlerDecorator.launch(LaunchServiceHandlerDecorator.java:30) [modlauncher-11.0.5.jar%23128!/:?]
	at MC-BOOTSTRAP/cpw.mods.modlauncher@11.0.5/cpw.mods.modlauncher.LaunchServiceHandler.launch(LaunchServiceHandler.java:53) [modlauncher-11.0.5.jar%23128!/:?]
	at MC-BOOTSTRAP/cpw.mods.modlauncher@11.0.5/cpw.mods.modlauncher.LaunchServiceHandler.launch(LaunchServiceHandler.java:71) [modlauncher-11.0.5.jar%23128!/:?]
	at MC-BOOTSTRAP/cpw.mods.modlauncher@11.0.5/cpw.mods.modlauncher.Launcher.run(Launcher.java:103) [modlauncher-11.0.5.jar%23128!/:?]
	at MC-BOOTSTRAP/cpw.mods.modlauncher@11.0.5/cpw.mods.modlauncher.Launcher.main(Launcher.java:74) [modlauncher-11.0.5.jar%23128!/:?]
	at MC-BOOTSTRAP/cpw.mods.modlauncher@11.0.5/cpw.mods.modlauncher.BootstrapLaunchConsumer.accept(BootstrapLaunchConsumer.java:26) [modlauncher-11.0.5.jar%23128!/:?]
	at MC-BOOTSTRAP/cpw.mods.modlauncher@11.0.5/cpw.mods.modlauncher.BootstrapLaunchConsumer.accept(BootstrapLaunchConsumer.java:23) [modlauncher-11.0.5.jar%23128!/:?]
	at cpw.mods.bootstraplauncher@2.0.2/cpw.mods.bootstraplauncher.BootstrapLauncher.run(BootstrapLauncher.java:210) [bootstraplauncher-2.0.2.jar:?]
	at cpw.mods.bootstraplauncher@2.0.2/cpw.mods.bootstraplauncher.BootstrapLauncher.main(BootstrapLauncher.java:69) [bootstraplauncher-2.0.2.jar:?]
	at java.base/jdk.internal.reflect.DirectMethodHandleAccessor.invoke(DirectMethodHandleAccessor.java:103) ~[?:?]
	at java.base/java.lang.reflect.Method.invoke(Method.java:580) ~[?:?]
	at net.neoforged.devlaunch.Main.main(Main.java:57) [DevLaunch-1.0.2.jar:?]
[08set.2026 23:15:41.923] [Server thread/INFO] [net.minecraft.server.MinecraftServer/]: [Dev: Dev can now bend: Healing]
[08set.2026 23:15:41.932] [Render thread/INFO] [net.minecraft.client.gui.components.ChatComponent/]: [System] [CHAT] Dev can now bend: Healing
[08set.2026 23:15:43.200] [Render thread/WARN] [net.minecraft.client.renderer.texture.TextureManager/]: Failed to load texture: elementals:textures/gui/healing_upgrade_button.png
java.io.FileNotFoundException: elementals:textures/gui/healing_upgrade_button.png
	at TRANSFORMER/minecraft@1.21.1/net.minecraft.server.packs.resources.ResourceProvider.lambda$getResourceOrThrow$1(ResourceProvider.java:18) ~[neoforge-21.1.235.jar%23189!/:?]
	at java.base/java.util.Optional.orElseThrow(Optional.java:403) ~[?:?]
	at TRANSFORMER/minecraft@1.21.1/net.minecraft.server.packs.resources.ResourceProvider.getResourceOrThrow(ResourceProvider.java:18) ~[neoforge-21.1.235.jar%23189!/:?]
	at TRANSFORMER/geckolib@4.8.4/software.bernie.geckolib.cache.texture.AnimatableTexture.load(AnimatableTexture.java:40) ~[geckolib-neoforge-1.21.1-4.8.4.jar%23195!/:4.8.4]
	at TRANSFORMER/minecraft@1.21.1/net.minecraft.client.renderer.texture.TextureManager.loadTexture(TextureManager.java:92) ~[neoforge-21.1.235.jar%23189!/:?]
	at TRANSFORMER/minecraft@1.21.1/net.minecraft.client.renderer.texture.TextureManager.register(TextureManager.java:63) ~[neoforge-21.1.235.jar%23189!/:?]
	at TRANSFORMER/minecraft@1.21.1/net.minecraft.client.renderer.texture.TextureManager.wrapOperation$zba000$geckolib$replaceAnimatableTexture(TextureManager.java:1031) ~[neoforge-21.1.235.jar%23189!/:?]
	at TRANSFORMER/minecraft@1.21.1/net.minecraft.client.renderer.texture.TextureManager.getTexture(TextureManager.java:112) ~[neoforge-21.1.235.jar%23189!/:?]
	at TRANSFORMER/minecraft@1.21.1/com.mojang.blaze3d.systems.RenderSystem._setShaderTexture(RenderSystem.java:725) ~[neoforge-21.1.235.jar%23189!/:?]
	at TRANSFORMER/minecraft@1.21.1/com.mojang.blaze3d.systems.RenderSystem.setShaderTexture(RenderSystem.java:718) ~[neoforge-21.1.235.jar%23189!/:?]
	at TRANSFORMER/minecraft@1.21.1/net.minecraft.client.gui.GuiGraphics.innerBlit(GuiGraphics.java:965) ~[neoforge-21.1.235.jar%23189!/:?]
	at TRANSFORMER/minecraft@1.21.1/net.minecraft.client.gui.GuiGraphics.blit(GuiGraphics.java:923) ~[neoforge-21.1.235.jar%23189!/:?]
	at TRANSFORMER/minecraft@1.21.1/net.minecraft.client.gui.GuiGraphics.blit(GuiGraphics.java:865) ~[neoforge-21.1.235.jar%23189!/:?]
	at TRANSFORMER/minecraft@1.21.1/net.minecraft.client.gui.GuiGraphics.blit(GuiGraphics.java:888) ~[neoforge-21.1.235.jar%23189!/:?]
	at TRANSFORMER/elementals@5.0.0/dev.saperate.elementals.client.gui.ChiHudOverlay.render(ChiHudOverlay.java:31) ~[elementals-neoforge-1.21.1-5.0.0.jar%23193!/:5.0.0]
	at TRANSFORMER/neoforge@21.1.235/net.neoforged.neoforge.client.gui.GuiLayerManager.renderInner(GuiLayerManager.java:69) ~[neoforge-21.1.235.jar%23190!/:?]
	at TRANSFORMER/neoforge@21.1.235/net.neoforged.neoforge.client.gui.GuiLayerManager.render(GuiLayerManager.java:59) ~[neoforge-21.1.235.jar%23190!/:?]
	at TRANSFORMER/minecraft@1.21.1/net.minecraft.client.gui.Gui.render(Gui.java:261) ~[neoforge-21.1.235.jar%23189!/:?]
	at TRANSFORMER/minecraft@1.21.1/net.minecraft.client.renderer.GameRenderer.render(GameRenderer.java:1079) ~[neoforge-21.1.235.jar%23189!/:?]
	at TRANSFORMER/minecraft@1.21.1/net.minecraft.client.Minecraft.runTick(Minecraft.java:1201) ~[neoforge-21.1.235.jar%23189!/:?]
	at TRANSFORMER/minecraft@1.21.1/net.minecraft.client.Minecraft.run(Minecraft.java:813) ~[neoforge-21.1.235.jar%23189!/:?]
	at TRANSFORMER/minecraft@1.21.1/net.minecraft.client.main.Main.main(Main.java:230) ~[neoforge-21.1.235.jar%23189!/:?]
	at java.base/jdk.internal.reflect.DirectMethodHandleAccessor.invoke(DirectMethodHandleAccessor.java:103) ~[?:?]
	at java.base/java.lang.reflect.Method.invoke(Method.java:580) ~[?:?]
	at MC-BOOTSTRAP/fml_loader@4.0.42/net.neoforged.fml.loading.targets.CommonLaunchHandler.runTarget(CommonLaunchHandler.java:136) ~[loader-4.0.42.jar%23146!/:4.0]
	at MC-BOOTSTRAP/fml_loader@4.0.42/net.neoforged.fml.loading.targets.CommonLaunchHandler.clientService(CommonLaunchHandler.java:124) ~[loader-4.0.42.jar%23146!/:4.0]
	at MC-BOOTSTRAP/fml_loader@4.0.42/net.neoforged.fml.loading.targets.NeoForgeClientDevLaunchHandler.runService(NeoForgeClientDevLaunchHandler.java:23) ~[loader-4.0.42.jar%23146!/:4.0]
	at MC-BOOTSTRAP/fml_loader@4.0.42/net.neoforged.fml.loading.targets.CommonLaunchHandler.lambda$launchService$4(CommonLaunchHandler.java:118) ~[loader-4.0.42.jar%23146!/:4.0]
	at MC-BOOTSTRAP/cpw.mods.modlauncher@11.0.5/cpw.mods.modlauncher.LaunchServiceHandlerDecorator.launch(LaunchServiceHandlerDecorator.java:30) [modlauncher-11.0.5.jar%23128!/:?]
	at MC-BOOTSTRAP/cpw.mods.modlauncher@11.0.5/cpw.mods.modlauncher.LaunchServiceHandler.launch(LaunchServiceHandler.java:53) [modlauncher-11.0.5.jar%23128!/:?]
	at MC-BOOTSTRAP/cpw.mods.modlauncher@11.0.5/cpw.mods.modlauncher.LaunchServiceHandler.launch(LaunchServiceHandler.java:71) [modlauncher-11.0.5.jar%23128!/:?]
	at MC-BOOTSTRAP/cpw.mods.modlauncher@11.0.5/cpw.mods.modlauncher.Launcher.run(Launcher.java:103) [modlauncher-11.0.5.jar%23128!/:?]
	at MC-BOOTSTRAP/cpw.mods.modlauncher@11.0.5/cpw.mods.modlauncher.Launcher.main(Launcher.java:74) [modlauncher-11.0.5.jar%23128!/:?]
	at MC-BOOTSTRAP/cpw.mods.modlauncher@11.0.5/cpw.mods.modlauncher.BootstrapLaunchConsumer.accept(BootstrapLaunchConsumer.java:26) [modlauncher-11.0.5.jar%23128!/:?]
	at MC-BOOTSTRAP/cpw.mods.modlauncher@11.0.5/cpw.mods.modlauncher.BootstrapLaunchConsumer.accept(BootstrapLaunchConsumer.java:23) [modlauncher-11.0.5.jar%23128!/:?]
	at cpw.mods.bootstraplauncher@2.0.2/cpw.mods.bootstraplauncher.BootstrapLauncher.run(BootstrapLauncher.java:210) [bootstraplauncher-2.0.2.jar:?]
	at cpw.mods.bootstraplauncher@2.0.2/cpw.mods.bootstraplauncher.BootstrapLauncher.main(BootstrapLauncher.java:69) [bootstraplauncher-2.0.2.jar:?]
	at java.base/jdk.internal.reflect.DirectMethodHandleAccessor.invoke(DirectMethodHandleAccessor.java:103) ~[?:?]
	at java.base/java.lang.reflect.Method.invoke(Method.java:580) ~[?:?]
	at net.neoforged.devlaunch.Main.main(Main.java:57) [DevLaunch-1.0.2.jar:?]
[08set.2026 23:15:43.201] [Render thread/WARN] [net.minecraft.client.renderer.texture.TextureManager/]: Failed to load texture: elementals:textures/gui/healing_upgrade_button.png
java.io.FileNotFoundException: elementals:textures/gui/healing_upgrade_button.png
	at TRANSFORMER/minecraft@1.21.1/net.minecraft.server.packs.resources.ResourceProvider.lambda$getResourceOrThrow$1(ResourceProvider.java:18) ~[neoforge-21.1.235.jar%23189!/:?]
	at java.base/java.util.Optional.orElseThrow(Optional.java:403) ~[?:?]
	at TRANSFORMER/minecraft@1.21.1/net.minecraft.server.packs.resources.ResourceProvider.getResourceOrThrow(ResourceProvider.java:18) ~[neoforge-21.1.235.jar%23189!/:?]
	at TRANSFORMER/minecraft@1.21.1/net.minecraft.client.renderer.texture.SimpleTexture$TextureImage.load(SimpleTexture.java:83) ~[neoforge-21.1.235.jar%23189!/:?]
	at TRANSFORMER/minecraft@1.21.1/net.minecraft.client.renderer.texture.SimpleTexture.getTextureImage(SimpleTexture.java:57) ~[neoforge-21.1.235.jar%23189!/:?]
	at TRANSFORMER/minecraft@1.21.1/net.minecraft.client.renderer.texture.SimpleTexture.load(SimpleTexture.java:30) ~[neoforge-21.1.235.jar%23189!/:?]
	at TRANSFORMER/minecraft@1.21.1/net.minecraft.client.renderer.texture.TextureManager.loadTexture(TextureManager.java:92) ~[neoforge-21.1.235.jar%23189!/:?]
	at TRANSFORMER/minecraft@1.21.1/net.minecraft.client.renderer.texture.TextureManager.register(TextureManager.java:63) ~[neoforge-21.1.235.jar%23189!/:?]
	at TRANSFORMER/minecraft@1.21.1/net.minecraft.client.renderer.texture.TextureManager.getTexture(TextureManager.java:113) ~[neoforge-21.1.235.jar%23189!/:?]
	at TRANSFORMER/minecraft@1.21.1/com.mojang.blaze3d.systems.RenderSystem._setShaderTexture(RenderSystem.java:725) ~[neoforge-21.1.235.jar%23189!/:?]
	at TRANSFORMER/minecraft@1.21.1/com.mojang.blaze3d.systems.RenderSystem.setShaderTexture(RenderSystem.java:718) ~[neoforge-21.1.235.jar%23189!/:?]
	at TRANSFORMER/minecraft@1.21.1/net.minecraft.client.gui.GuiGraphics.innerBlit(GuiGraphics.java:965) ~[neoforge-21.1.235.jar%23189!/:?]
	at TRANSFORMER/minecraft@1.21.1/net.minecraft.client.gui.GuiGraphics.blit(GuiGraphics.java:923) ~[neoforge-21.1.235.jar%23189!/:?]
	at TRANSFORMER/minecraft@1.21.1/net.minecraft.client.gui.GuiGraphics.blit(GuiGraphics.java:865) ~[neoforge-21.1.235.jar%23189!/:?]
	at TRANSFORMER/minecraft@1.21.1/net.minecraft.client.gui.GuiGraphics.blit(GuiGraphics.java:888) ~[neoforge-21.1.235.jar%23189!/:?]
	at TRANSFORMER/elementals@5.0.0/dev.saperate.elementals.client.gui.ChiHudOverlay.render(ChiHudOverlay.java:31) ~[elementals-neoforge-1.21.1-5.0.0.jar%23193!/:5.0.0]
	at TRANSFORMER/neoforge@21.1.235/net.neoforged.neoforge.client.gui.GuiLayerManager.renderInner(GuiLayerManager.java:69) ~[neoforge-21.1.235.jar%23190!/:?]
	at TRANSFORMER/neoforge@21.1.235/net.neoforged.neoforge.client.gui.GuiLayerManager.render(GuiLayerManager.java:59) ~[neoforge-21.1.235.jar%23190!/:?]
	at TRANSFORMER/minecraft@1.21.1/net.minecraft.client.gui.Gui.render(Gui.java:261) ~[neoforge-21.1.235.jar%23189!/:?]
	at TRANSFORMER/minecraft@1.21.1/net.minecraft.client.renderer.GameRenderer.render(GameRenderer.java:1079) ~[neoforge-21.1.235.jar%23189!/:?]
	at TRANSFORMER/minecraft@1.21.1/net.minecraft.client.Minecraft.runTick(Minecraft.java:1201) ~[neoforge-21.1.235.jar%23189!/:?]
	at TRANSFORMER/minecraft@1.21.1/net.minecraft.client.Minecraft.run(Minecraft.java:813) ~[neoforge-21.1.235.jar%23189!/:?]
	at TRANSFORMER/minecraft@1.21.1/net.minecraft.client.main.Main.main(Main.java:230) ~[neoforge-21.1.235.jar%23189!/:?]
	at java.base/jdk.internal.reflect.DirectMethodHandleAccessor.invoke(DirectMethodHandleAccessor.java:103) ~[?:?]
	at java.base/java.lang.reflect.Method.invoke(Method.java:580) ~[?:?]
	at MC-BOOTSTRAP/fml_loader@4.0.42/net.neoforged.fml.loading.targets.CommonLaunchHandler.runTarget(CommonLaunchHandler.java:136) ~[loader-4.0.42.jar%23146!/:4.0]
	at MC-BOOTSTRAP/fml_loader@4.0.42/net.neoforged.fml.loading.targets.CommonLaunchHandler.clientService(CommonLaunchHandler.java:124) ~[loader-4.0.42.jar%23146!/:4.0]
	at MC-BOOTSTRAP/fml_loader@4.0.42/net.neoforged.fml.loading.targets.NeoForgeClientDevLaunchHandler.runService(NeoForgeClientDevLaunchHandler.java:23) ~[loader-4.0.42.jar%23146!/:4.0]
	at MC-BOOTSTRAP/fml_loader@4.0.42/net.neoforged.fml.loading.targets.CommonLaunchHandler.lambda$launchService$4(CommonLaunchHandler.java:118) ~[loader-4.0.42.jar%23146!/:4.0]
	at MC-BOOTSTRAP/cpw.mods.modlauncher@11.0.5/cpw.mods.modlauncher.LaunchServiceHandlerDecorator.launch(LaunchServiceHandlerDecorator.java:30) [modlauncher-11.0.5.jar%23128!/:?]
	at MC-BOOTSTRAP/cpw.mods.modlauncher@11.0.5/cpw.mods.modlauncher.LaunchServiceHandler.launch(LaunchServiceHandler.java:53) [modlauncher-11.0.5.jar%23128!/:?]
	at MC-BOOTSTRAP/cpw.mods.modlauncher@11.0.5/cpw.mods.modlauncher.LaunchServiceHandler.launch(LaunchServiceHandler.java:71) [modlauncher-11.0.5.jar%23128!/:?]
	at MC-BOOTSTRAP/cpw.mods.modlauncher@11.0.5/cpw.mods.modlauncher.Launcher.run(Launcher.java:103) [modlauncher-11.0.5.jar%23128!/:?]
	at MC-BOOTSTRAP/cpw.mods.modlauncher@11.0.5/cpw.mods.modlauncher.Launcher.main(Launcher.java:74) [modlauncher-11.0.5.jar%23128!/:?]
	at MC-BOOTSTRAP/cpw.mods.modlauncher@11.0.5/cpw.mods.modlauncher.BootstrapLaunchConsumer.accept(BootstrapLaunchConsumer.java:26) [modlauncher-11.0.5.jar%23128!/:?]
	at MC-BOOTSTRAP/cpw.mods.modlauncher@11.0.5/cpw.mods.modlauncher.BootstrapLaunchConsumer.accept(BootstrapLaunchConsumer.java:23) [modlauncher-11.0.5.jar%23128!/:?]
	at cpw.mods.bootstraplauncher@2.0.2/cpw.mods.bootstraplauncher.BootstrapLauncher.run(BootstrapLauncher.java:210) [bootstraplauncher-2.0.2.jar:?]
	at cpw.mods.bootstraplauncher@2.0.2/cpw.mods.bootstraplauncher.BootstrapLauncher.main(BootstrapLauncher.java:69) [bootstraplauncher-2.0.2.jar:?]
	at java.base/jdk.internal.reflect.DirectMethodHandleAccessor.invoke(DirectMethodHandleAccessor.java:103) ~[?:?]
	at java.base/java.lang.reflect.Method.invoke(Method.java:580) ~[?:?]
	at net.neoforged.devlaunch.Main.main(Main.java:57) [DevLaunch-1.0.2.jar:?]
[08set.2026 23:15:44.488] [Render thread/WARN] [net.minecraft.client.renderer.texture.TextureManager/]: Failed to load texture: elementals:textures/gui/withering_touch_icon.png
java.io.FileNotFoundException: elementals:textures/gui/withering_touch_icon.png
	at TRANSFORMER/minecraft@1.21.1/net.minecraft.server.packs.resources.ResourceProvider.lambda$getResourceOrThrow$1(ResourceProvider.java:18) ~[neoforge-21.1.235.jar%23189!/:?]
	at java.base/java.util.Optional.orElseThrow(Optional.java:403) ~[?:?]
	at TRANSFORMER/minecraft@1.21.1/net.minecraft.server.packs.resources.ResourceProvider.getResourceOrThrow(ResourceProvider.java:18) ~[neoforge-21.1.235.jar%23189!/:?]
	at TRANSFORMER/geckolib@4.8.4/software.bernie.geckolib.cache.texture.AnimatableTexture.load(AnimatableTexture.java:40) ~[geckolib-neoforge-1.21.1-4.8.4.jar%23195!/:4.8.4]
	at TRANSFORMER/minecraft@1.21.1/net.minecraft.client.renderer.texture.TextureManager.loadTexture(TextureManager.java:92) ~[neoforge-21.1.235.jar%23189!/:?]
	at TRANSFORMER/minecraft@1.21.1/net.minecraft.client.renderer.texture.TextureManager.register(TextureManager.java:63) ~[neoforge-21.1.235.jar%23189!/:?]
	at TRANSFORMER/minecraft@1.21.1/net.minecraft.client.renderer.texture.TextureManager.wrapOperation$zba000$geckolib$replaceAnimatableTexture(TextureManager.java:1031) ~[neoforge-21.1.235.jar%23189!/:?]
	at TRANSFORMER/minecraft@1.21.1/net.minecraft.client.renderer.texture.TextureManager.getTexture(TextureManager.java:112) ~[neoforge-21.1.235.jar%23189!/:?]
	at TRANSFORMER/minecraft@1.21.1/com.mojang.blaze3d.systems.RenderSystem._setShaderTexture(RenderSystem.java:725) ~[neoforge-21.1.235.jar%23189!/:?]
	at TRANSFORMER/minecraft@1.21.1/com.mojang.blaze3d.systems.RenderSystem.setShaderTexture(RenderSystem.java:718) ~[neoforge-21.1.235.jar%23189!/:?]
	at TRANSFORMER/elementals@5.0.0/dev.saperate.elementals.client.gui.UpgradeTreeScreen.drawTexture(UpgradeTreeScreen.java:473) ~[elementals-neoforge-1.21.1-5.0.0.jar%23193!/:5.0.0]
	at TRANSFORMER/elementals@5.0.0/dev.saperate.elementals.client.gui.UpgradeTreeScreen.drawUpgradeButton(UpgradeTreeScreen.java:279) ~[elementals-neoforge-1.21.1-5.0.0.jar%23193!/:5.0.0]
	at TRANSFORMER/elementals@5.0.0/dev.saperate.elementals.client.gui.UpgradeTreeScreen.drawTree(UpgradeTreeScreen.java:309) ~[elementals-neoforge-1.21.1-5.0.0.jar%23193!/:5.0.0]
	at TRANSFORMER/elementals@5.0.0/dev.saperate.elementals.client.gui.UpgradeTreeScreen.drawTree(UpgradeTreeScreen.java:362) ~[elementals-neoforge-1.21.1-5.0.0.jar%23193!/:5.0.0]
	at TRANSFORMER/elementals@5.0.0/dev.saperate.elementals.client.gui.UpgradeTreeScreen.render(UpgradeTreeScreen.java:110) ~[elementals-neoforge-1.21.1-5.0.0.jar%23193!/:5.0.0]
	at TRANSFORMER/minecraft@1.21.1/net.minecraft.client.gui.screens.Screen.renderWithTooltip(Screen.java:112) ~[neoforge-21.1.235.jar%23189!/:?]
	at TRANSFORMER/neoforge@21.1.235/net.neoforged.neoforge.client.ClientHooks.drawScreenInternal(ClientHooks.java:429) ~[neoforge-21.1.235.jar%23190!/:?]
	at TRANSFORMER/neoforge@21.1.235/net.neoforged.neoforge.client.ClientHooks.drawScreen(ClientHooks.java:423) ~[neoforge-21.1.235.jar%23190!/:?]
	at TRANSFORMER/minecraft@1.21.1/net.minecraft.client.renderer.GameRenderer.render(GameRenderer.java:1098) ~[neoforge-21.1.235.jar%23189!/:?]
	at TRANSFORMER/minecraft@1.21.1/net.minecraft.client.Minecraft.runTick(Minecraft.java:1201) ~[neoforge-21.1.235.jar%23189!/:?]
	at TRANSFORMER/minecraft@1.21.1/net.minecraft.client.Minecraft.run(Minecraft.java:813) ~[neoforge-21.1.235.jar%23189!/:?]
	at TRANSFORMER/minecraft@1.21.1/net.minecraft.client.main.Main.main(Main.java:230) ~[neoforge-21.1.235.jar%23189!/:?]
	at java.base/jdk.internal.reflect.DirectMethodHandleAccessor.invoke(DirectMethodHandleAccessor.java:103) ~[?:?]
	at java.base/java.lang.reflect.Method.invoke(Method.java:580) ~[?:?]
	at MC-BOOTSTRAP/fml_loader@4.0.42/net.neoforged.fml.loading.targets.CommonLaunchHandler.runTarget(CommonLaunchHandler.java:136) ~[loader-4.0.42.jar%23146!/:4.0]
	at MC-BOOTSTRAP/fml_loader@4.0.42/net.neoforged.fml.loading.targets.CommonLaunchHandler.clientService(CommonLaunchHandler.java:124) ~[loader-4.0.42.jar%23146!/:4.0]
	at MC-BOOTSTRAP/fml_loader@4.0.42/net.neoforged.fml.loading.targets.NeoForgeClientDevLaunchHandler.runService(NeoForgeClientDevLaunchHandler.java:23) ~[loader-4.0.42.jar%23146!/:4.0]
	at MC-BOOTSTRAP/fml_loader@4.0.42/net.neoforged.fml.loading.targets.CommonLaunchHandler.lambda$launchService$4(CommonLaunchHandler.java:118) ~[loader-4.0.42.jar%23146!/:4.0]
	at MC-BOOTSTRAP/cpw.mods.modlauncher@11.0.5/cpw.mods.modlauncher.LaunchServiceHandlerDecorator.launch(LaunchServiceHandlerDecorator.java:30) [modlauncher-11.0.5.jar%23128!/:?]
	at MC-BOOTSTRAP/cpw.mods.modlauncher@11.0.5/cpw.mods.modlauncher.LaunchServiceHandler.launch(LaunchServiceHandler.java:53) [modlauncher-11.0.5.jar%23128!/:?]
	at MC-BOOTSTRAP/cpw.mods.modlauncher@11.0.5/cpw.mods.modlauncher.LaunchServiceHandler.launch(LaunchServiceHandler.java:71) [modlauncher-11.0.5.jar%23128!/:?]
	at MC-BOOTSTRAP/cpw.mods.modlauncher@11.0.5/cpw.mods.modlauncher.Launcher.run(Launcher.java:103) [modlauncher-11.0.5.jar%23128!/:?]
	at MC-BOOTSTRAP/cpw.mods.modlauncher@11.0.5/cpw.mods.modlauncher.Launcher.main(Launcher.java:74) [modlauncher-11.0.5.jar%23128!/:?]
	at MC-BOOTSTRAP/cpw.mods.modlauncher@11.0.5/cpw.mods.modlauncher.BootstrapLaunchConsumer.accept(BootstrapLaunchConsumer.java:26) [modlauncher-11.0.5.jar%23128!/:?]
	at MC-BOOTSTRAP/cpw.mods.modlauncher@11.0.5/cpw.mods.modlauncher.BootstrapLaunchConsumer.accept(BootstrapLaunchConsumer.java:23) [modlauncher-11.0.5.jar%23128!/:?]
	at cpw.mods.bootstraplauncher@2.0.2/cpw.mods.bootstraplauncher.BootstrapLauncher.run(BootstrapLauncher.java:210) [bootstraplauncher-2.0.2.jar:?]
	at cpw.mods.bootstraplauncher@2.0.2/cpw.mods.bootstraplauncher.BootstrapLauncher.main(BootstrapLauncher.java:69) [bootstraplauncher-2.0.2.jar:?]
	at java.base/jdk.internal.reflect.DirectMethodHandleAccessor.invoke(DirectMethodHandleAccessor.java:103) ~[?:?]
	at java.base/java.lang.reflect.Method.invoke(Method.java:580) ~[?:?]
	at net.neoforged.devlaunch.Main.main(Main.java:57) [DevLaunch-1.0.2.jar:?]
[08set.2026 23:15:44.489] [Render thread/WARN] [net.minecraft.client.renderer.texture.TextureManager/]: Failed to load texture: elementals:textures/gui/withering_touch_icon.png
java.io.FileNotFoundException: elementals:textures/gui/withering_touch_icon.png
	at TRANSFORMER/minecraft@1.21.1/net.minecraft.server.packs.resources.ResourceProvider.lambda$getResourceOrThrow$1(ResourceProvider.java:18) ~[neoforge-21.1.235.jar%23189!/:?]
	at java.base/java.util.Optional.orElseThrow(Optional.java:403) ~[?:?]
	at TRANSFORMER/minecraft@1.21.1/net.minecraft.server.packs.resources.ResourceProvider.getResourceOrThrow(ResourceProvider.java:18) ~[neoforge-21.1.235.jar%23189!/:?]
	at TRANSFORMER/minecraft@1.21.1/net.minecraft.client.renderer.texture.SimpleTexture$TextureImage.load(SimpleTexture.java:83) ~[neoforge-21.1.235.jar%23189!/:?]
	at TRANSFORMER/minecraft@1.21.1/net.minecraft.client.renderer.texture.SimpleTexture.getTextureImage(SimpleTexture.java:57) ~[neoforge-21.1.235.jar%23189!/:?]
	at TRANSFORMER/minecraft@1.21.1/net.minecraft.client.renderer.texture.SimpleTexture.load(SimpleTexture.java:30) ~[neoforge-21.1.235.jar%23189!/:?]
	at TRANSFORMER/minecraft@1.21.1/net.minecraft.client.renderer.texture.TextureManager.loadTexture(TextureManager.java:92) ~[neoforge-21.1.235.jar%23189!/:?]
	at TRANSFORMER/minecraft@1.21.1/net.minecraft.client.renderer.texture.TextureManager.register(TextureManager.java:63) ~[neoforge-21.1.235.jar%23189!/:?]
	at TRANSFORMER/minecraft@1.21.1/net.minecraft.client.renderer.texture.TextureManager.getTexture(TextureManager.java:113) ~[neoforge-21.1.235.jar%23189!/:?]
	at TRANSFORMER/minecraft@1.21.1/com.mojang.blaze3d.systems.RenderSystem._setShaderTexture(RenderSystem.java:725) ~[neoforge-21.1.235.jar%23189!/:?]
	at TRANSFORMER/minecraft@1.21.1/com.mojang.blaze3d.systems.RenderSystem.setShaderTexture(RenderSystem.java:718) ~[neoforge-21.1.235.jar%23189!/:?]
	at TRANSFORMER/elementals@5.0.0/dev.saperate.elementals.client.gui.UpgradeTreeScreen.drawTexture(UpgradeTreeScreen.java:473) ~[elementals-neoforge-1.21.1-5.0.0.jar%23193!/:5.0.0]
	at TRANSFORMER/elementals@5.0.0/dev.saperate.elementals.client.gui.UpgradeTreeScreen.drawUpgradeButton(UpgradeTreeScreen.java:279) ~[elementals-neoforge-1.21.1-5.0.0.jar%23193!/:5.0.0]
	at TRANSFORMER/elementals@5.0.0/dev.saperate.elementals.client.gui.UpgradeTreeScreen.drawTree(UpgradeTreeScreen.java:309) ~[elementals-neoforge-1.21.1-5.0.0.jar%23193!/:5.0.0]
	at TRANSFORMER/elementals@5.0.0/dev.saperate.elementals.client.gui.UpgradeTreeScreen.drawTree(UpgradeTreeScreen.java:362) ~[elementals-neoforge-1.21.1-5.0.0.jar%23193!/:5.0.0]
	at TRANSFORMER/elementals@5.0.0/dev.saperate.elementals.client.gui.UpgradeTreeScreen.render(UpgradeTreeScreen.java:110) ~[elementals-neoforge-1.21.1-5.0.0.jar%23193!/:5.0.0]
	at TRANSFORMER/minecraft@1.21.1/net.minecraft.client.gui.screens.Screen.renderWithTooltip(Screen.java:112) ~[neoforge-21.1.235.jar%23189!/:?]
	at TRANSFORMER/neoforge@21.1.235/net.neoforged.neoforge.client.ClientHooks.drawScreenInternal(ClientHooks.java:429) ~[neoforge-21.1.235.jar%23190!/:?]
	at TRANSFORMER/neoforge@21.1.235/net.neoforged.neoforge.client.ClientHooks.drawScreen(ClientHooks.java:423) ~[neoforge-21.1.235.jar%23190!/:?]
	at TRANSFORMER/minecraft@1.21.1/net.minecraft.client.renderer.GameRenderer.render(GameRenderer.java:1098) ~[neoforge-21.1.235.jar%23189!/:?]
	at TRANSFORMER/minecraft@1.21.1/net.minecraft.client.Minecraft.runTick(Minecraft.java:1201) ~[neoforge-21.1.235.jar%23189!/:?]
	at TRANSFORMER/minecraft@1.21.1/net.minecraft.client.Minecraft.run(Minecraft.java:813) ~[neoforge-21.1.235.jar%23189!/:?]
	at TRANSFORMER/minecraft@1.21.1/net.minecraft.client.main.Main.main(Main.java:230) ~[neoforge-21.1.235.jar%23189!/:?]
	at java.base/jdk.internal.reflect.DirectMethodHandleAccessor.invoke(DirectMethodHandleAccessor.java:103) ~[?:?]
	at java.base/java.lang.reflect.Method.invoke(Method.java:580) ~[?:?]
	at MC-BOOTSTRAP/fml_loader@4.0.42/net.neoforged.fml.loading.targets.CommonLaunchHandler.runTarget(CommonLaunchHandler.java:136) ~[loader-4.0.42.jar%23146!/:4.0]
	at MC-BOOTSTRAP/fml_loader@4.0.42/net.neoforged.fml.loading.targets.CommonLaunchHandler.clientService(CommonLaunchHandler.java:124) ~[loader-4.0.42.jar%23146!/:4.0]
	at MC-BOOTSTRAP/fml_loader@4.0.42/net.neoforged.fml.loading.targets.NeoForgeClientDevLaunchHandler.runService(NeoForgeClientDevLaunchHandler.java:23) ~[loader-4.0.42.jar%23146!/:4.0]
	at MC-BOOTSTRAP/fml_loader@4.0.42/net.neoforged.fml.loading.targets.CommonLaunchHandler.lambda$launchService$4(CommonLaunchHandler.java:118) ~[loader-4.0.42.jar%23146!/:4.0]
	at MC-BOOTSTRAP/cpw.mods.modlauncher@11.0.5/cpw.mods.modlauncher.LaunchServiceHandlerDecorator.launch(LaunchServiceHandlerDecorator.java:30) [modlauncher-11.0.5.jar%23128!/:?]
	at MC-BOOTSTRAP/cpw.mods.modlauncher@11.0.5/cpw.mods.modlauncher.LaunchServiceHandler.launch(LaunchServiceHandler.java:53) [modlauncher-11.0.5.jar%23128!/:?]
	at MC-BOOTSTRAP/cpw.mods.modlauncher@11.0.5/cpw.mods.modlauncher.LaunchServiceHandler.launch(LaunchServiceHandler.java:71) [modlauncher-11.0.5.jar%23128!/:?]
	at MC-BOOTSTRAP/cpw.mods.modlauncher@11.0.5/cpw.mods.modlauncher.Launcher.run(Launcher.java:103) [modlauncher-11.0.5.jar%23128!/:?]
	at MC-BOOTSTRAP/cpw.mods.modlauncher@11.0.5/cpw.mods.modlauncher.Launcher.main(Launcher.java:74) [modlauncher-11.0.5.jar%23128!/:?]
	at MC-BOOTSTRAP/cpw.mods.modlauncher@11.0.5/cpw.mods.modlauncher.BootstrapLaunchConsumer.accept(BootstrapLaunchConsumer.java:26) [modlauncher-11.0.5.jar%23128!/:?]
	at MC-BOOTSTRAP/cpw.mods.modlauncher@11.0.5/cpw.mods.modlauncher.BootstrapLaunchConsumer.accept(BootstrapLaunchConsumer.java:23) [modlauncher-11.0.5.jar%23128!/:?]
	at cpw.mods.bootstraplauncher@2.0.2/cpw.mods.bootstraplauncher.BootstrapLauncher.run(BootstrapLauncher.java:210) [bootstraplauncher-2.0.2.jar:?]
	at cpw.mods.bootstraplauncher@2.0.2/cpw.mods.bootstraplauncher.BootstrapLauncher.main(BootstrapLauncher.java:69) [bootstraplauncher-2.0.2.jar:?]
	at java.base/jdk.internal.reflect.DirectMethodHandleAccessor.invoke(DirectMethodHandleAccessor.java:103) ~[?:?]
	at java.base/java.lang.reflect.Method.invoke(Method.java:580) ~[?:?]
	at net.neoforged.devlaunch.Main.main(Main.java:57) [DevLaunch-1.0.2.jar:?]
[08set.2026 23:15:44.490] [Render thread/WARN] [net.minecraft.client.renderer.texture.TextureManager/]: Failed to load texture: elementals:textures/gui/healing_touch_icon.png
java.io.FileNotFoundException: elementals:textures/gui/healing_touch_icon.png
	at TRANSFORMER/minecraft@1.21.1/net.minecraft.server.packs.resources.ResourceProvider.lambda$getResourceOrThrow$1(ResourceProvider.java:18) ~[neoforge-21.1.235.jar%23189!/:?]
	at java.base/java.util.Optional.orElseThrow(Optional.java:403) ~[?:?]
	at TRANSFORMER/minecraft@1.21.1/net.minecraft.server.packs.resources.ResourceProvider.getResourceOrThrow(ResourceProvider.java:18) ~[neoforge-21.1.235.jar%23189!/:?]
	at TRANSFORMER/geckolib@4.8.4/software.bernie.geckolib.cache.texture.AnimatableTexture.load(AnimatableTexture.java:40) ~[geckolib-neoforge-1.21.1-4.8.4.jar%23195!/:4.8.4]
	at TRANSFORMER/minecraft@1.21.1/net.minecraft.client.renderer.texture.TextureManager.loadTexture(TextureManager.java:92) ~[neoforge-21.1.235.jar%23189!/:?]
	at TRANSFORMER/minecraft@1.21.1/net.minecraft.client.renderer.texture.TextureManager.register(TextureManager.java:63) ~[neoforge-21.1.235.jar%23189!/:?]
	at TRANSFORMER/minecraft@1.21.1/net.minecraft.client.renderer.texture.TextureManager.wrapOperation$zba000$geckolib$replaceAnimatableTexture(TextureManager.java:1031) ~[neoforge-21.1.235.jar%23189!/:?]
	at TRANSFORMER/minecraft@1.21.1/net.minecraft.client.renderer.texture.TextureManager.getTexture(TextureManager.java:112) ~[neoforge-21.1.235.jar%23189!/:?]
	at TRANSFORMER/minecraft@1.21.1/com.mojang.blaze3d.systems.RenderSystem._setShaderTexture(RenderSystem.java:725) ~[neoforge-21.1.235.jar%23189!/:?]
	at TRANSFORMER/minecraft@1.21.1/com.mojang.blaze3d.systems.RenderSystem.setShaderTexture(RenderSystem.java:718) ~[neoforge-21.1.235.jar%23189!/:?]
	at TRANSFORMER/elementals@5.0.0/dev.saperate.elementals.client.gui.UpgradeTreeScreen.drawTexture(UpgradeTreeScreen.java:473) ~[elementals-neoforge-1.21.1-5.0.0.jar%23193!/:5.0.0]
	at TRANSFORMER/elementals@5.0.0/dev.saperate.elementals.client.gui.UpgradeTreeScreen.drawUpgradeButton(UpgradeTreeScreen.java:279) ~[elementals-neoforge-1.21.1-5.0.0.jar%23193!/:5.0.0]
	at TRANSFORMER/elementals@5.0.0/dev.saperate.elementals.client.gui.UpgradeTreeScreen.drawTree(UpgradeTreeScreen.java:382) ~[elementals-neoforge-1.21.1-5.0.0.jar%23193!/:5.0.0]
	at TRANSFORMER/elementals@5.0.0/dev.saperate.elementals.client.gui.UpgradeTreeScreen.render(UpgradeTreeScreen.java:110) ~[elementals-neoforge-1.21.1-5.0.0.jar%23193!/:5.0.0]
	at TRANSFORMER/minecraft@1.21.1/net.minecraft.client.gui.screens.Screen.renderWithTooltip(Screen.java:112) ~[neoforge-21.1.235.jar%23189!/:?]
	at TRANSFORMER/neoforge@21.1.235/net.neoforged.neoforge.client.ClientHooks.drawScreenInternal(ClientHooks.java:429) ~[neoforge-21.1.235.jar%23190!/:?]
	at TRANSFORMER/neoforge@21.1.235/net.neoforged.neoforge.client.ClientHooks.drawScreen(ClientHooks.java:423) ~[neoforge-21.1.235.jar%23190!/:?]
	at TRANSFORMER/minecraft@1.21.1/net.minecraft.client.renderer.GameRenderer.render(GameRenderer.java:1098) ~[neoforge-21.1.235.jar%23189!/:?]
	at TRANSFORMER/minecraft@1.21.1/net.minecraft.client.Minecraft.runTick(Minecraft.java:1201) ~[neoforge-21.1.235.jar%23189!/:?]
	at TRANSFORMER/minecraft@1.21.1/net.minecraft.client.Minecraft.run(Minecraft.java:813) ~[neoforge-21.1.235.jar%23189!/:?]
	at TRANSFORMER/minecraft@1.21.1/net.minecraft.client.main.Main.main(Main.java:230) ~[neoforge-21.1.235.jar%23189!/:?]
	at java.base/jdk.internal.reflect.DirectMethodHandleAccessor.invoke(DirectMethodHandleAccessor.java:103) ~[?:?]
	at java.base/java.lang.reflect.Method.invoke(Method.java:580) ~[?:?]
	at MC-BOOTSTRAP/fml_loader@4.0.42/net.neoforged.fml.loading.targets.CommonLaunchHandler.runTarget(CommonLaunchHandler.java:136) ~[loader-4.0.42.jar%23146!/:4.0]
	at MC-BOOTSTRAP/fml_loader@4.0.42/net.neoforged.fml.loading.targets.CommonLaunchHandler.clientService(CommonLaunchHandler.java:124) ~[loader-4.0.42.jar%23146!/:4.0]
	at MC-BOOTSTRAP/fml_loader@4.0.42/net.neoforged.fml.loading.targets.NeoForgeClientDevLaunchHandler.runService(NeoForgeClientDevLaunchHandler.java:23) ~[loader-4.0.42.jar%23146!/:4.0]
	at MC-BOOTSTRAP/fml_loader@4.0.42/net.neoforged.fml.loading.targets.CommonLaunchHandler.lambda$launchService$4(CommonLaunchHandler.java:118) ~[loader-4.0.42.jar%23146!/:4.0]
	at MC-BOOTSTRAP/cpw.mods.modlauncher@11.0.5/cpw.mods.modlauncher.LaunchServiceHandlerDecorator.launch(LaunchServiceHandlerDecorator.java:30) [modlauncher-11.0.5.jar%23128!/:?]
	at MC-BOOTSTRAP/cpw.mods.modlauncher@11.0.5/cpw.mods.modlauncher.LaunchServiceHandler.launch(LaunchServiceHandler.java:53) [modlauncher-11.0.5.jar%23128!/:?]
	at MC-BOOTSTRAP/cpw.mods.modlauncher@11.0.5/cpw.mods.modlauncher.LaunchServiceHandler.launch(LaunchServiceHandler.java:71) [modlauncher-11.0.5.jar%23128!/:?]
	at MC-BOOTSTRAP/cpw.mods.modlauncher@11.0.5/cpw.mods.modlauncher.Launcher.run(Launcher.java:103) [modlauncher-11.0.5.jar%23128!/:?]
	at MC-BOOTSTRAP/cpw.mods.modlauncher@11.0.5/cpw.mods.modlauncher.Launcher.main(Launcher.java:74) [modlauncher-11.0.5.jar%23128!/:?]
	at MC-BOOTSTRAP/cpw.mods.modlauncher@11.0.5/cpw.mods.modlauncher.BootstrapLaunchConsumer.accept(BootstrapLaunchConsumer.java:26) [modlauncher-11.0.5.jar%23128!/:?]
	at MC-BOOTSTRAP/cpw.mods.modlauncher@11.0.5/cpw.mods.modlauncher.BootstrapLaunchConsumer.accept(BootstrapLaunchConsumer.java:23) [modlauncher-11.0.5.jar%23128!/:?]
	at cpw.mods.bootstraplauncher@2.0.2/cpw.mods.bootstraplauncher.BootstrapLauncher.run(BootstrapLauncher.java:210) [bootstraplauncher-2.0.2.jar:?]
	at cpw.mods.bootstraplauncher@2.0.2/cpw.mods.bootstraplauncher.BootstrapLauncher.main(BootstrapLauncher.java:69) [bootstraplauncher-2.0.2.jar:?]
	at java.base/jdk.internal.reflect.DirectMethodHandleAccessor.invoke(DirectMethodHandleAccessor.java:103) ~[?:?]
	at java.base/java.lang.reflect.Method.invoke(Method.java:580) ~[?:?]
	at net.neoforged.devlaunch.Main.main(Main.java:57) [DevLaunch-1.0.2.jar:?]
[08set.2026 23:15:44.490] [Render thread/WARN] [net.minecraft.client.renderer.texture.TextureManager/]: Failed to load texture: elementals:textures/gui/healing_touch_icon.png
java.io.FileNotFoundException: elementals:textures/gui/healing_touch_icon.png
	at TRANSFORMER/minecraft@1.21.1/net.minecraft.server.packs.resources.ResourceProvider.lambda$getResourceOrThrow$1(ResourceProvider.java:18) ~[neoforge-21.1.235.jar%23189!/:?]
	at java.base/java.util.Optional.orElseThrow(Optional.java:403) ~[?:?]
	at TRANSFORMER/minecraft@1.21.1/net.minecraft.server.packs.resources.ResourceProvider.getResourceOrThrow(ResourceProvider.java:18) ~[neoforge-21.1.235.jar%23189!/:?]
	at TRANSFORMER/minecraft@1.21.1/net.minecraft.client.renderer.texture.SimpleTexture$TextureImage.load(SimpleTexture.java:83) ~[neoforge-21.1.235.jar%23189!/:?]
	at TRANSFORMER/minecraft@1.21.1/net.minecraft.client.renderer.texture.SimpleTexture.getTextureImage(SimpleTexture.java:57) ~[neoforge-21.1.235.jar%23189!/:?]
	at TRANSFORMER/minecraft@1.21.1/net.minecraft.client.renderer.texture.SimpleTexture.load(SimpleTexture.java:30) ~[neoforge-21.1.235.jar%23189!/:?]
	at TRANSFORMER/minecraft@1.21.1/net.minecraft.client.renderer.texture.TextureManager.loadTexture(TextureManager.java:92) ~[neoforge-21.1.235.jar%23189!/:?]
	at TRANSFORMER/minecraft@1.21.1/net.minecraft.client.renderer.texture.TextureManager.register(TextureManager.java:63) ~[neoforge-21.1.235.jar%23189!/:?]
	at TRANSFORMER/minecraft@1.21.1/net.minecraft.client.renderer.texture.TextureManager.getTexture(TextureManager.java:113) ~[neoforge-21.1.235.jar%23189!/:?]
	at TRANSFORMER/minecraft@1.21.1/com.mojang.blaze3d.systems.RenderSystem._setShaderTexture(RenderSystem.java:725) ~[neoforge-21.1.235.jar%23189!/:?]
	at TRANSFORMER/minecraft@1.21.1/com.mojang.blaze3d.systems.RenderSystem.setShaderTexture(RenderSystem.java:718) ~[neoforge-21.1.235.jar%23189!/:?]
	at TRANSFORMER/elementals@5.0.0/dev.saperate.elementals.client.gui.UpgradeTreeScreen.drawTexture(UpgradeTreeScreen.java:473) ~[elementals-neoforge-1.21.1-5.0.0.jar%23193!/:5.0.0]
	at TRANSFORMER/elementals@5.0.0/dev.saperate.elementals.client.gui.UpgradeTreeScreen.drawUpgradeButton(UpgradeTreeScreen.java:279) ~[elementals-neoforge-1.21.1-5.0.0.jar%23193!/:5.0.0]
	at TRANSFORMER/elementals@5.0.0/dev.saperate.elementals.client.gui.UpgradeTreeScreen.drawTree(UpgradeTreeScreen.java:382) ~[elementals-neoforge-1.21.1-5.0.0.jar%23193!/:5.0.0]
	at TRANSFORMER/elementals@5.0.0/dev.saperate.elementals.client.gui.UpgradeTreeScreen.render(UpgradeTreeScreen.java:110) ~[elementals-neoforge-1.21.1-5.0.0.jar%23193!/:5.0.0]
	at TRANSFORMER/minecraft@1.21.1/net.minecraft.client.gui.screens.Screen.renderWithTooltip(Screen.java:112) ~[neoforge-21.1.235.jar%23189!/:?]
	at TRANSFORMER/neoforge@21.1.235/net.neoforged.neoforge.client.ClientHooks.drawScreenInternal(ClientHooks.java:429) ~[neoforge-21.1.235.jar%23190!/:?]
	at TRANSFORMER/neoforge@21.1.235/net.neoforged.neoforge.client.ClientHooks.drawScreen(ClientHooks.java:423) ~[neoforge-21.1.235.jar%23190!/:?]
	at TRANSFORMER/minecraft@1.21.1/net.minecraft.client.renderer.GameRenderer.render(GameRenderer.java:1098) ~[neoforge-21.1.235.jar%23189!/:?]
	at TRANSFORMER/minecraft@1.21.1/net.minecraft.client.Minecraft.runTick(Minecraft.java:1201) ~[neoforge-21.1.235.jar%23189!/:?]
	at TRANSFORMER/minecraft@1.21.1/net.minecraft.client.Minecraft.run(Minecraft.java:813) ~[neoforge-21.1.235.jar%23189!/:?]
	at TRANSFORMER/minecraft@1.21.1/net.minecraft.client.main.Main.main(Main.java:230) ~[neoforge-21.1.235.jar%23189!/:?]
	at java.base/jdk.internal.reflect.DirectMethodHandleAccessor.invoke(DirectMethodHandleAccessor.java:103) ~[?:?]
	at java.base/java.lang.reflect.Method.invoke(Method.java:580) ~[?:?]
	at MC-BOOTSTRAP/fml_loader@4.0.42/net.neoforged.fml.loading.targets.CommonLaunchHandler.runTarget(CommonLaunchHandler.java:136) ~[loader-4.0.42.jar%23146!/:4.0]
	at MC-BOOTSTRAP/fml_loader@4.0.42/net.neoforged.fml.loading.targets.CommonLaunchHandler.clientService(CommonLaunchHandler.java:124) ~[loader-4.0.42.jar%23146!/:4.0]
	at MC-BOOTSTRAP/fml_loader@4.0.42/net.neoforged.fml.loading.targets.NeoForgeClientDevLaunchHandler.runService(NeoForgeClientDevLaunchHandler.java:23) ~[loader-4.0.42.jar%23146!/:4.0]
	at MC-BOOTSTRAP/fml_loader@4.0.42/net.neoforged.fml.loading.targets.CommonLaunchHandler.lambda$launchService$4(CommonLaunchHandler.java:118) ~[loader-4.0.42.jar%23146!/:4.0]
	at MC-BOOTSTRAP/cpw.mods.modlauncher@11.0.5/cpw.mods.modlauncher.LaunchServiceHandlerDecorator.launch(LaunchServiceHandlerDecorator.java:30) [modlauncher-11.0.5.jar%23128!/:?]
	at MC-BOOTSTRAP/cpw.mods.modlauncher@11.0.5/cpw.mods.modlauncher.LaunchServiceHandler.launch(LaunchServiceHandler.java:53) [modlauncher-11.0.5.jar%23128!/:?]
	at MC-BOOTSTRAP/cpw.mods.modlauncher@11.0.5/cpw.mods.modlauncher.LaunchServiceHandler.launch(LaunchServiceHandler.java:71) [modlauncher-11.0.5.jar%23128!/:?]
	at MC-BOOTSTRAP/cpw.mods.modlauncher@11.0.5/cpw.mods.modlauncher.Launcher.run(Launcher.java:103) [modlauncher-11.0.5.jar%23128!/:?]
	at MC-BOOTSTRAP/cpw.mods.modlauncher@11.0.5/cpw.mods.modlauncher.Launcher.main(Launcher.java:74) [modlauncher-11.0.5.jar%23128!/:?]
	at MC-BOOTSTRAP/cpw.mods.modlauncher@11.0.5/cpw.mods.modlauncher.BootstrapLaunchConsumer.accept(BootstrapLaunchConsumer.java:26) [modlauncher-11.0.5.jar%23128!/:?]
	at MC-BOOTSTRAP/cpw.mods.modlauncher@11.0.5/cpw.mods.modlauncher.BootstrapLaunchConsumer.accept(BootstrapLaunchConsumer.java:23) [modlauncher-11.0.5.jar%23128!/:?]
	at cpw.mods.bootstraplauncher@2.0.2/cpw.mods.bootstraplauncher.BootstrapLauncher.run(BootstrapLauncher.java:210) [bootstraplauncher-2.0.2.jar:?]
	at cpw.mods.bootstraplauncher@2.0.2/cpw.mods.bootstraplauncher.BootstrapLauncher.main(BootstrapLauncher.java:69) [bootstraplauncher-2.0.2.jar:?]
	at java.base/jdk.internal.reflect.DirectMethodHandleAccessor.invoke(DirectMethodHandleAccessor.java:103) ~[?:?]
	at java.base/java.lang.reflect.Method.invoke(Method.java:580) ~[?:?]
	at net.neoforged.devlaunch.Main.main(Main.java:57) [DevLaunch-1.0.2.jar:?]
[08set.2026 23:15:44.491] [Render thread/WARN] [net.minecraft.client.renderer.texture.TextureManager/]: Failed to load texture: elementals:textures/gui/rising_tide_icon.png
java.io.FileNotFoundException: elementals:textures/gui/rising_tide_icon.png
	at TRANSFORMER/minecraft@1.21.1/net.minecraft.server.packs.resources.ResourceProvider.lambda$getResourceOrThrow$1(ResourceProvider.java:18) ~[neoforge-21.1.235.jar%23189!/:?]
	at java.base/java.util.Optional.orElseThrow(Optional.java:403) ~[?:?]
	at TRANSFORMER/minecraft@1.21.1/net.minecraft.server.packs.resources.ResourceProvider.getResourceOrThrow(ResourceProvider.java:18) ~[neoforge-21.1.235.jar%23189!/:?]
	at TRANSFORMER/geckolib@4.8.4/software.bernie.geckolib.cache.texture.AnimatableTexture.load(AnimatableTexture.java:40) ~[geckolib-neoforge-1.21.1-4.8.4.jar%23195!/:4.8.4]
	at TRANSFORMER/minecraft@1.21.1/net.minecraft.client.renderer.texture.TextureManager.loadTexture(TextureManager.java:92) ~[neoforge-21.1.235.jar%23189!/:?]
	at TRANSFORMER/minecraft@1.21.1/net.minecraft.client.renderer.texture.TextureManager.register(TextureManager.java:63) ~[neoforge-21.1.235.jar%23189!/:?]
	at TRANSFORMER/minecraft@1.21.1/net.minecraft.client.renderer.texture.TextureManager.wrapOperation$zba000$geckolib$replaceAnimatableTexture(TextureManager.java:1031) ~[neoforge-21.1.235.jar%23189!/:?]
	at TRANSFORMER/minecraft@1.21.1/net.minecraft.client.renderer.texture.TextureManager.getTexture(TextureManager.java:112) ~[neoforge-21.1.235.jar%23189!/:?]
	at TRANSFORMER/minecraft@1.21.1/com.mojang.blaze3d.systems.RenderSystem._setShaderTexture(RenderSystem.java:725) ~[neoforge-21.1.235.jar%23189!/:?]
	at TRANSFORMER/minecraft@1.21.1/com.mojang.blaze3d.systems.RenderSystem.setShaderTexture(RenderSystem.java:718) ~[neoforge-21.1.235.jar%23189!/:?]
	at TRANSFORMER/elementals@5.0.0/dev.saperate.elementals.client.gui.UpgradeTreeScreen.drawTexture(UpgradeTreeScreen.java:473) ~[elementals-neoforge-1.21.1-5.0.0.jar%23193!/:5.0.0]
	at TRANSFORMER/elementals@5.0.0/dev.saperate.elementals.client.gui.UpgradeTreeScreen.drawUpgradeButton(UpgradeTreeScreen.java:279) ~[elementals-neoforge-1.21.1-5.0.0.jar%23193!/:5.0.0]
	at TRANSFORMER/elementals@5.0.0/dev.saperate.elementals.client.gui.UpgradeTreeScreen.drawMirroredTree(UpgradeTreeScreen.java:389) ~[elementals-neoforge-1.21.1-5.0.0.jar%23193!/:5.0.0]
	at TRANSFORMER/elementals@5.0.0/dev.saperate.elementals.client.gui.UpgradeTreeScreen.render(UpgradeTreeScreen.java:125) ~[elementals-neoforge-1.21.1-5.0.0.jar%23193!/:5.0.0]
	at TRANSFORMER/minecraft@1.21.1/net.minecraft.client.gui.screens.Screen.renderWithTooltip(Screen.java:112) ~[neoforge-21.1.235.jar%23189!/:?]
	at TRANSFORMER/neoforge@21.1.235/net.neoforged.neoforge.client.ClientHooks.drawScreenInternal(ClientHooks.java:429) ~[neoforge-21.1.235.jar%23190!/:?]
	at TRANSFORMER/neoforge@21.1.235/net.neoforged.neoforge.client.ClientHooks.drawScreen(ClientHooks.java:423) ~[neoforge-21.1.235.jar%23190!/:?]
	at TRANSFORMER/minecraft@1.21.1/net.minecraft.client.renderer.GameRenderer.render(GameRenderer.java:1098) ~[neoforge-21.1.235.jar%23189!/:?]
	at TRANSFORMER/minecraft@1.21.1/net.minecraft.client.Minecraft.runTick(Minecraft.java:1201) ~[neoforge-21.1.235.jar%23189!/:?]
	at TRANSFORMER/minecraft@1.21.1/net.minecraft.client.Minecraft.run(Minecraft.java:813) ~[neoforge-21.1.235.jar%23189!/:?]
	at TRANSFORMER/minecraft@1.21.1/net.minecraft.client.main.Main.main(Main.java:230) ~[neoforge-21.1.235.jar%23189!/:?]
	at java.base/jdk.internal.reflect.DirectMethodHandleAccessor.invoke(DirectMethodHandleAccessor.java:103) ~[?:?]
	at java.base/java.lang.reflect.Method.invoke(Method.java:580) ~[?:?]
	at MC-BOOTSTRAP/fml_loader@4.0.42/net.neoforged.fml.loading.targets.CommonLaunchHandler.runTarget(CommonLaunchHandler.java:136) ~[loader-4.0.42.jar%23146!/:4.0]
	at MC-BOOTSTRAP/fml_loader@4.0.42/net.neoforged.fml.loading.targets.CommonLaunchHandler.clientService(CommonLaunchHandler.java:124) ~[loader-4.0.42.jar%23146!/:4.0]
	at MC-BOOTSTRAP/fml_loader@4.0.42/net.neoforged.fml.loading.targets.NeoForgeClientDevLaunchHandler.runService(NeoForgeClientDevLaunchHandler.java:23) ~[loader-4.0.42.jar%23146!/:4.0]
	at MC-BOOTSTRAP/fml_loader@4.0.42/net.neoforged.fml.loading.targets.CommonLaunchHandler.lambda$launchService$4(CommonLaunchHandler.java:118) ~[loader-4.0.42.jar%23146!/:4.0]
	at MC-BOOTSTRAP/cpw.mods.modlauncher@11.0.5/cpw.mods.modlauncher.LaunchServiceHandlerDecorator.launch(LaunchServiceHandlerDecorator.java:30) [modlauncher-11.0.5.jar%23128!/:?]
	at MC-BOOTSTRAP/cpw.mods.modlauncher@11.0.5/cpw.mods.modlauncher.LaunchServiceHandler.launch(LaunchServiceHandler.java:53) [modlauncher-11.0.5.jar%23128!/:?]
	at MC-BOOTSTRAP/cpw.mods.modlauncher@11.0.5/cpw.mods.modlauncher.LaunchServiceHandler.launch(LaunchServiceHandler.java:71) [modlauncher-11.0.5.jar%23128!/:?]
	at MC-BOOTSTRAP/cpw.mods.modlauncher@11.0.5/cpw.mods.modlauncher.Launcher.run(Launcher.java:103) [modlauncher-11.0.5.jar%23128!/:?]
	at MC-BOOTSTRAP/cpw.mods.modlauncher@11.0.5/cpw.mods.modlauncher.Launcher.main(Launcher.java:74) [modlauncher-11.0.5.jar%23128!/:?]
	at MC-BOOTSTRAP/cpw.mods.modlauncher@11.0.5/cpw.mods.modlauncher.BootstrapLaunchConsumer.accept(BootstrapLaunchConsumer.java:26) [modlauncher-11.0.5.jar%23128!/:?]
	at MC-BOOTSTRAP/cpw.mods.modlauncher@11.0.5/cpw.mods.modlauncher.BootstrapLaunchConsumer.accept(BootstrapLaunchConsumer.java:23) [modlauncher-11.0.5.jar%23128!/:?]
	at cpw.mods.bootstraplauncher@2.0.2/cpw.mods.bootstraplauncher.BootstrapLauncher.run(BootstrapLauncher.java:210) [bootstraplauncher-2.0.2.jar:?]
	at cpw.mods.bootstraplauncher@2.0.2/cpw.mods.bootstraplauncher.BootstrapLauncher.main(BootstrapLauncher.java:69) [bootstraplauncher-2.0.2.jar:?]
	at java.base/jdk.internal.reflect.DirectMethodHandleAccessor.invoke(DirectMethodHandleAccessor.java:103) ~[?:?]
	at java.base/java.lang.reflect.Method.invoke(Method.java:580) ~[?:?]
	at net.neoforged.devlaunch.Main.main(Main.java:57) [DevLaunch-1.0.2.jar:?]
[08set.2026 23:15:44.492] [Render thread/WARN] [net.minecraft.client.renderer.texture.TextureManager/]: Failed to load texture: elementals:textures/gui/rising_tide_icon.png
java.io.FileNotFoundException: elementals:textures/gui/rising_tide_icon.png
	at TRANSFORMER/minecraft@1.21.1/net.minecraft.server.packs.resources.ResourceProvider.lambda$getResourceOrThrow$1(ResourceProvider.java:18) ~[neoforge-21.1.235.jar%23189!/:?]
	at java.base/java.util.Optional.orElseThrow(Optional.java:403) ~[?:?]
	at TRANSFORMER/minecraft@1.21.1/net.minecraft.server.packs.resources.ResourceProvider.getResourceOrThrow(ResourceProvider.java:18) ~[neoforge-21.1.235.jar%23189!/:?]
	at TRANSFORMER/minecraft@1.21.1/net.minecraft.client.renderer.texture.SimpleTexture$TextureImage.load(SimpleTexture.java:83) ~[neoforge-21.1.235.jar%23189!/:?]
	at TRANSFORMER/minecraft@1.21.1/net.minecraft.client.renderer.texture.SimpleTexture.getTextureImage(SimpleTexture.java:57) ~[neoforge-21.1.235.jar%23189!/:?]
	at TRANSFORMER/minecraft@1.21.1/net.minecraft.client.renderer.texture.SimpleTexture.load(SimpleTexture.java:30) ~[neoforge-21.1.235.jar%23189!/:?]
	at TRANSFORMER/minecraft@1.21.1/net.minecraft.client.renderer.texture.TextureManager.loadTexture(TextureManager.java:92) ~[neoforge-21.1.235.jar%23189!/:?]
	at TRANSFORMER/minecraft@1.21.1/net.minecraft.client.renderer.texture.TextureManager.register(TextureManager.java:63) ~[neoforge-21.1.235.jar%23189!/:?]
	at TRANSFORMER/minecraft@1.21.1/net.minecraft.client.renderer.texture.TextureManager.getTexture(TextureManager.java:113) ~[neoforge-21.1.235.jar%23189!/:?]
	at TRANSFORMER/minecraft@1.21.1/com.mojang.blaze3d.systems.RenderSystem._setShaderTexture(RenderSystem.java:725) ~[neoforge-21.1.235.jar%23189!/:?]
	at TRANSFORMER/minecraft@1.21.1/com.mojang.blaze3d.systems.RenderSystem.setShaderTexture(RenderSystem.java:718) ~[neoforge-21.1.235.jar%23189!/:?]
	at TRANSFORMER/elementals@5.0.0/dev.saperate.elementals.client.gui.UpgradeTreeScreen.drawTexture(UpgradeTreeScreen.java:473) ~[elementals-neoforge-1.21.1-5.0.0.jar%23193!/:5.0.0]
	at TRANSFORMER/elementals@5.0.0/dev.saperate.elementals.client.gui.UpgradeTreeScreen.drawUpgradeButton(UpgradeTreeScreen.java:279) ~[elementals-neoforge-1.21.1-5.0.0.jar%23193!/:5.0.0]
	at TRANSFORMER/elementals@5.0.0/dev.saperate.elementals.client.gui.UpgradeTreeScreen.drawMirroredTree(UpgradeTreeScreen.java:389) ~[elementals-neoforge-1.21.1-5.0.0.jar%23193!/:5.0.0]
	at TRANSFORMER/elementals@5.0.0/dev.saperate.elementals.client.gui.UpgradeTreeScreen.render(UpgradeTreeScreen.java:125) ~[elementals-neoforge-1.21.1-5.0.0.jar%23193!/:5.0.0]
	at TRANSFORMER/minecraft@1.21.1/net.minecraft.client.gui.screens.Screen.renderWithTooltip(Screen.java:112) ~[neoforge-21.1.235.jar%23189!/:?]
	at TRANSFORMER/neoforge@21.1.235/net.neoforged.neoforge.client.ClientHooks.drawScreenInternal(ClientHooks.java:429) ~[neoforge-21.1.235.jar%23190!/:?]
	at TRANSFORMER/neoforge@21.1.235/net.neoforged.neoforge.client.ClientHooks.drawScreen(ClientHooks.java:423) ~[neoforge-21.1.235.jar%23190!/:?]
	at TRANSFORMER/minecraft@1.21.1/net.minecraft.client.renderer.GameRenderer.render(GameRenderer.java:1098) ~[neoforge-21.1.235.jar%23189!/:?]
	at TRANSFORMER/minecraft@1.21.1/net.minecraft.client.Minecraft.runTick(Minecraft.java:1201) ~[neoforge-21.1.235.jar%23189!/:?]
	at TRANSFORMER/minecraft@1.21.1/net.minecraft.client.Minecraft.run(Minecraft.java:813) ~[neoforge-21.1.235.jar%23189!/:?]
	at TRANSFORMER/minecraft@1.21.1/net.minecraft.client.main.Main.main(Main.java:230) ~[neoforge-21.1.235.jar%23189!/:?]
	at java.base/jdk.internal.reflect.DirectMethodHandleAccessor.invoke(DirectMethodHandleAccessor.java:103) ~[?:?]
	at java.base/java.lang.reflect.Method.invoke(Method.java:580) ~[?:?]
	at MC-BOOTSTRAP/fml_loader@4.0.42/net.neoforged.fml.loading.targets.CommonLaunchHandler.runTarget(CommonLaunchHandler.java:136) ~[loader-4.0.42.jar%23146!/:4.0]
	at MC-BOOTSTRAP/fml_loader@4.0.42/net.neoforged.fml.loading.targets.CommonLaunchHandler.clientService(CommonLaunchHandler.java:124) ~[loader-4.0.42.jar%23146!/:4.0]
	at MC-BOOTSTRAP/fml_loader@4.0.42/net.neoforged.fml.loading.targets.NeoForgeClientDevLaunchHandler.runService(NeoForgeClientDevLaunchHandler.java:23) ~[loader-4.0.42.jar%23146!/:4.0]
	at MC-BOOTSTRAP/fml_loader@4.0.42/net.neoforged.fml.loading.targets.CommonLaunchHandler.lambda$launchService$4(CommonLaunchHandler.java:118) ~[loader-4.0.42.jar%23146!/:4.0]
	at MC-BOOTSTRAP/cpw.mods.modlauncher@11.0.5/cpw.mods.modlauncher.LaunchServiceHandlerDecorator.launch(LaunchServiceHandlerDecorator.java:30) [modlauncher-11.0.5.jar%23128!/:?]
	at MC-BOOTSTRAP/cpw.mods.modlauncher@11.0.5/cpw.mods.modlauncher.LaunchServiceHandler.launch(LaunchServiceHandler.java:53) [modlauncher-11.0.5.jar%23128!/:?]
	at MC-BOOTSTRAP/cpw.mods.modlauncher@11.0.5/cpw.mods.modlauncher.LaunchServiceHandler.launch(LaunchServiceHandler.java:71) [modlauncher-11.0.5.jar%23128!/:?]
	at MC-BOOTSTRAP/cpw.mods.modlauncher@11.0.5/cpw.mods.modlauncher.Launcher.run(Launcher.java:103) [modlauncher-11.0.5.jar%23128!/:?]
	at MC-BOOTSTRAP/cpw.mods.modlauncher@11.0.5/cpw.mods.modlauncher.Launcher.main(Launcher.java:74) [modlauncher-11.0.5.jar%23128!/:?]
	at MC-BOOTSTRAP/cpw.mods.modlauncher@11.0.5/cpw.mods.modlauncher.BootstrapLaunchConsumer.accept(BootstrapLaunchConsumer.java:26) [modlauncher-11.0.5.jar%23128!/:?]
	at MC-BOOTSTRAP/cpw.mods.modlauncher@11.0.5/cpw.mods.modlauncher.BootstrapLaunchConsumer.accept(BootstrapLaunchConsumer.java:23) [modlauncher-11.0.5.jar%23128!/:?]
	at cpw.mods.bootstraplauncher@2.0.2/cpw.mods.bootstraplauncher.BootstrapLauncher.run(BootstrapLauncher.java:210) [bootstraplauncher-2.0.2.jar:?]
	at cpw.mods.bootstraplauncher@2.0.2/cpw.mods.bootstraplauncher.BootstrapLauncher.main(BootstrapLauncher.java:69) [bootstraplauncher-2.0.2.jar:?]
	at java.base/jdk.internal.reflect.DirectMethodHandleAccessor.invoke(DirectMethodHandleAccessor.java:103) ~[?:?]
	at java.base/java.lang.reflect.Method.invoke(Method.java:580) ~[?:?]
	at net.neoforged.devlaunch.Main.main(Main.java:57) [DevLaunch-1.0.2.jar:?]
[08set.2026 23:15:44.492] [Render thread/WARN] [net.minecraft.client.renderer.texture.TextureManager/]: Failed to load texture: elementals:textures/gui/sanctuary_pulse_icon.png
java.io.FileNotFoundException: elementals:textures/gui/sanctuary_pulse_icon.png
	at TRANSFORMER/minecraft@1.21.1/net.minecraft.server.packs.resources.ResourceProvider.lambda$getResourceOrThrow$1(ResourceProvider.java:18) ~[neoforge-21.1.235.jar%23189!/:?]
	at java.base/java.util.Optional.orElseThrow(Optional.java:403) ~[?:?]
	at TRANSFORMER/minecraft@1.21.1/net.minecraft.server.packs.resources.ResourceProvider.getResourceOrThrow(ResourceProvider.java:18) ~[neoforge-21.1.235.jar%23189!/:?]
	at TRANSFORMER/geckolib@4.8.4/software.bernie.geckolib.cache.texture.AnimatableTexture.load(AnimatableTexture.java:40) ~[geckolib-neoforge-1.21.1-4.8.4.jar%23195!/:4.8.4]
	at TRANSFORMER/minecraft@1.21.1/net.minecraft.client.renderer.texture.TextureManager.loadTexture(TextureManager.java:92) ~[neoforge-21.1.235.jar%23189!/:?]
	at TRANSFORMER/minecraft@1.21.1/net.minecraft.client.renderer.texture.TextureManager.register(TextureManager.java:63) ~[neoforge-21.1.235.jar%23189!/:?]
	at TRANSFORMER/minecraft@1.21.1/net.minecraft.client.renderer.texture.TextureManager.wrapOperation$zba000$geckolib$replaceAnimatableTexture(TextureManager.java:1031) ~[neoforge-21.1.235.jar%23189!/:?]
	at TRANSFORMER/minecraft@1.21.1/net.minecraft.client.renderer.texture.TextureManager.getTexture(TextureManager.java:112) ~[neoforge-21.1.235.jar%23189!/:?]
	at TRANSFORMER/minecraft@1.21.1/com.mojang.blaze3d.systems.RenderSystem._setShaderTexture(RenderSystem.java:725) ~[neoforge-21.1.235.jar%23189!/:?]
	at TRANSFORMER/minecraft@1.21.1/com.mojang.blaze3d.systems.RenderSystem.setShaderTexture(RenderSystem.java:718) ~[neoforge-21.1.235.jar%23189!/:?]
	at TRANSFORMER/elementals@5.0.0/dev.saperate.elementals.client.gui.UpgradeTreeScreen.drawTexture(UpgradeTreeScreen.java:473) ~[elementals-neoforge-1.21.1-5.0.0.jar%23193!/:5.0.0]
	at TRANSFORMER/elementals@5.0.0/dev.saperate.elementals.client.gui.UpgradeTreeScreen.drawUpgradeButton(UpgradeTreeScreen.java:279) ~[elementals-neoforge-1.21.1-5.0.0.jar%23193!/:5.0.0]
	at TRANSFORMER/elementals@5.0.0/dev.saperate.elementals.client.gui.UpgradeTreeScreen.drawMirroredTree(UpgradeTreeScreen.java:389) ~[elementals-neoforge-1.21.1-5.0.0.jar%23193!/:5.0.0]
	at TRANSFORMER/elementals@5.0.0/dev.saperate.elementals.client.gui.UpgradeTreeScreen.render(UpgradeTreeScreen.java:140) ~[elementals-neoforge-1.21.1-5.0.0.jar%23193!/:5.0.0]
	at TRANSFORMER/minecraft@1.21.1/net.minecraft.client.gui.screens.Screen.renderWithTooltip(Screen.java:112) ~[neoforge-21.1.235.jar%23189!/:?]
	at TRANSFORMER/neoforge@21.1.235/net.neoforged.neoforge.client.ClientHooks.drawScreenInternal(ClientHooks.java:429) ~[neoforge-21.1.235.jar%23190!/:?]
	at TRANSFORMER/neoforge@21.1.235/net.neoforged.neoforge.client.ClientHooks.drawScreen(ClientHooks.java:423) ~[neoforge-21.1.235.jar%23190!/:?]
	at TRANSFORMER/minecraft@1.21.1/net.minecraft.client.renderer.GameRenderer.render(GameRenderer.java:1098) ~[neoforge-21.1.235.jar%23189!/:?]
	at TRANSFORMER/minecraft@1.21.1/net.minecraft.client.Minecraft.runTick(Minecraft.java:1201) ~[neoforge-21.1.235.jar%23189!/:?]
	at TRANSFORMER/minecraft@1.21.1/net.minecraft.client.Minecraft.run(Minecraft.java:813) ~[neoforge-21.1.235.jar%23189!/:?]
	at TRANSFORMER/minecraft@1.21.1/net.minecraft.client.main.Main.main(Main.java:230) ~[neoforge-21.1.235.jar%23189!/:?]
	at java.base/jdk.internal.reflect.DirectMethodHandleAccessor.invoke(DirectMethodHandleAccessor.java:103) ~[?:?]
	at java.base/java.lang.reflect.Method.invoke(Method.java:580) ~[?:?]
	at MC-BOOTSTRAP/fml_loader@4.0.42/net.neoforged.fml.loading.targets.CommonLaunchHandler.runTarget(CommonLaunchHandler.java:136) ~[loader-4.0.42.jar%23146!/:4.0]
	at MC-BOOTSTRAP/fml_loader@4.0.42/net.neoforged.fml.loading.targets.CommonLaunchHandler.clientService(CommonLaunchHandler.java:124) ~[loader-4.0.42.jar%23146!/:4.0]
	at MC-BOOTSTRAP/fml_loader@4.0.42/net.neoforged.fml.loading.targets.NeoForgeClientDevLaunchHandler.runService(NeoForgeClientDevLaunchHandler.java:23) ~[loader-4.0.42.jar%23146!/:4.0]
	at MC-BOOTSTRAP/fml_loader@4.0.42/net.neoforged.fml.loading.targets.CommonLaunchHandler.lambda$launchService$4(CommonLaunchHandler.java:118) ~[loader-4.0.42.jar%23146!/:4.0]
	at MC-BOOTSTRAP/cpw.mods.modlauncher@11.0.5/cpw.mods.modlauncher.LaunchServiceHandlerDecorator.launch(LaunchServiceHandlerDecorator.java:30) [modlauncher-11.0.5.jar%23128!/:?]
	at MC-BOOTSTRAP/cpw.mods.modlauncher@11.0.5/cpw.mods.modlauncher.LaunchServiceHandler.launch(LaunchServiceHandler.java:53) [modlauncher-11.0.5.jar%23128!/:?]
	at MC-BOOTSTRAP/cpw.mods.modlauncher@11.0.5/cpw.mods.modlauncher.LaunchServiceHandler.launch(LaunchServiceHandler.java:71) [modlauncher-11.0.5.jar%23128!/:?]
	at MC-BOOTSTRAP/cpw.mods.modlauncher@11.0.5/cpw.mods.modlauncher.Launcher.run(Launcher.java:103) [modlauncher-11.0.5.jar%23128!/:?]
	at MC-BOOTSTRAP/cpw.mods.modlauncher@11.0.5/cpw.mods.modlauncher.Launcher.main(Launcher.java:74) [modlauncher-11.0.5.jar%23128!/:?]
	at MC-BOOTSTRAP/cpw.mods.modlauncher@11.0.5/cpw.mods.modlauncher.BootstrapLaunchConsumer.accept(BootstrapLaunchConsumer.java:26) [modlauncher-11.0.5.jar%23128!/:?]
	at MC-BOOTSTRAP/cpw.mods.modlauncher@11.0.5/cpw.mods.modlauncher.BootstrapLaunchConsumer.accept(BootstrapLaunchConsumer.java:23) [modlauncher-11.0.5.jar%23128!/:?]
	at cpw.mods.bootstraplauncher@2.0.2/cpw.mods.bootstraplauncher.BootstrapLauncher.run(BootstrapLauncher.java:210) [bootstraplauncher-2.0.2.jar:?]
	at cpw.mods.bootstraplauncher@2.0.2/cpw.mods.bootstraplauncher.BootstrapLauncher.main(BootstrapLauncher.java:69) [bootstraplauncher-2.0.2.jar:?]
	at java.base/jdk.internal.reflect.DirectMethodHandleAccessor.invoke(DirectMethodHandleAccessor.java:103) ~[?:?]
	at java.base/java.lang.reflect.Method.invoke(Method.java:580) ~[?:?]
	at net.neoforged.devlaunch.Main.main(Main.java:57) [DevLaunch-1.0.2.jar:?]
[08set.2026 23:15:44.493] [Render thread/WARN] [net.minecraft.client.renderer.texture.TextureManager/]: Failed to load texture: elementals:textures/gui/sanctuary_pulse_icon.png
java.io.FileNotFoundException: elementals:textures/gui/sanctuary_pulse_icon.png
	at TRANSFORMER/minecraft@1.21.1/net.minecraft.server.packs.resources.ResourceProvider.lambda$getResourceOrThrow$1(ResourceProvider.java:18) ~[neoforge-21.1.235.jar%23189!/:?]
	at java.base/java.util.Optional.orElseThrow(Optional.java:403) ~[?:?]
	at TRANSFORMER/minecraft@1.21.1/net.minecraft.server.packs.resources.ResourceProvider.getResourceOrThrow(ResourceProvider.java:18) ~[neoforge-21.1.235.jar%23189!/:?]
	at TRANSFORMER/minecraft@1.21.1/net.minecraft.client.renderer.texture.SimpleTexture$TextureImage.load(SimpleTexture.java:83) ~[neoforge-21.1.235.jar%23189!/:?]
	at TRANSFORMER/minecraft@1.21.1/net.minecraft.client.renderer.texture.SimpleTexture.getTextureImage(SimpleTexture.java:57) ~[neoforge-21.1.235.jar%23189!/:?]
	at TRANSFORMER/minecraft@1.21.1/net.minecraft.client.renderer.texture.SimpleTexture.load(SimpleTexture.java:30) ~[neoforge-21.1.235.jar%23189!/:?]
	at TRANSFORMER/minecraft@1.21.1/net.minecraft.client.renderer.texture.TextureManager.loadTexture(TextureManager.java:92) ~[neoforge-21.1.235.jar%23189!/:?]
	at TRANSFORMER/minecraft@1.21.1/net.minecraft.client.renderer.texture.TextureManager.register(TextureManager.java:63) ~[neoforge-21.1.235.jar%23189!/:?]
	at TRANSFORMER/minecraft@1.21.1/net.minecraft.client.renderer.texture.TextureManager.getTexture(TextureManager.java:113) ~[neoforge-21.1.235.jar%23189!/:?]
	at TRANSFORMER/minecraft@1.21.1/com.mojang.blaze3d.systems.RenderSystem._setShaderTexture(RenderSystem.java:725) ~[neoforge-21.1.235.jar%23189!/:?]
	at TRANSFORMER/minecraft@1.21.1/com.mojang.blaze3d.systems.RenderSystem.setShaderTexture(RenderSystem.java:718) ~[neoforge-21.1.235.jar%23189!/:?]
	at TRANSFORMER/elementals@5.0.0/dev.saperate.elementals.client.gui.UpgradeTreeScreen.drawTexture(UpgradeTreeScreen.java:473) ~[elementals-neoforge-1.21.1-5.0.0.jar%23193!/:5.0.0]
	at TRANSFORMER/elementals@5.0.0/dev.saperate.elementals.client.gui.UpgradeTreeScreen.drawUpgradeButton(UpgradeTreeScreen.java:279) ~[elementals-neoforge-1.21.1-5.0.0.jar%23193!/:5.0.0]
	at TRANSFORMER/elementals@5.0.0/dev.saperate.elementals.client.gui.UpgradeTreeScreen.drawMirroredTree(UpgradeTreeScreen.java:389) ~[elementals-neoforge-1.21.1-5.0.0.jar%23193!/:5.0.0]
	at TRANSFORMER/elementals@5.0.0/dev.saperate.elementals.client.gui.UpgradeTreeScreen.render(UpgradeTreeScreen.java:140) ~[elementals-neoforge-1.21.1-5.0.0.jar%23193!/:5.0.0]
	at TRANSFORMER/minecraft@1.21.1/net.minecraft.client.gui.screens.Screen.renderWithTooltip(Screen.java:112) ~[neoforge-21.1.235.jar%23189!/:?]
	at TRANSFORMER/neoforge@21.1.235/net.neoforged.neoforge.client.ClientHooks.drawScreenInternal(ClientHooks.java:429) ~[neoforge-21.1.235.jar%23190!/:?]
	at TRANSFORMER/neoforge@21.1.235/net.neoforged.neoforge.client.ClientHooks.drawScreen(ClientHooks.java:423) ~[neoforge-21.1.235.jar%23190!/:?]
	at TRANSFORMER/minecraft@1.21.1/net.minecraft.client.renderer.GameRenderer.render(GameRenderer.java:1098) ~[neoforge-21.1.235.jar%23189!/:?]
	at TRANSFORMER/minecraft@1.21.1/net.minecraft.client.Minecraft.runTick(Minecraft.java:1201) ~[neoforge-21.1.235.jar%23189!/:?]
	at TRANSFORMER/minecraft@1.21.1/net.minecraft.client.Minecraft.run(Minecraft.java:813) ~[neoforge-21.1.235.jar%23189!/:?]
	at TRANSFORMER/minecraft@1.21.1/net.minecraft.client.main.Main.main(Main.java:230) ~[neoforge-21.1.235.jar%23189!/:?]
	at java.base/jdk.internal.reflect.DirectMethodHandleAccessor.invoke(DirectMethodHandleAccessor.java:103) ~[?:?]
	at java.base/java.lang.reflect.Method.invoke(Method.java:580) ~[?:?]
	at MC-BOOTSTRAP/fml_loader@4.0.42/net.neoforged.fml.loading.targets.CommonLaunchHandler.runTarget(CommonLaunchHandler.java:136) ~[loader-4.0.42.jar%23146!/:4.0]
	at MC-BOOTSTRAP/fml_loader@4.0.42/net.neoforged.fml.loading.targets.CommonLaunchHandler.clientService(CommonLaunchHandler.java:124) ~[loader-4.0.42.jar%23146!/:4.0]
	at MC-BOOTSTRAP/fml_loader@4.0.42/net.neoforged.fml.loading.targets.NeoForgeClientDevLaunchHandler.runService(NeoForgeClientDevLaunchHandler.java:23) ~[loader-4.0.42.jar%23146!/:4.0]
	at MC-BOOTSTRAP/fml_loader@4.0.42/net.neoforged.fml.loading.targets.CommonLaunchHandler.lambda$launchService$4(CommonLaunchHandler.java:118) ~[loader-4.0.42.jar%23146!/:4.0]
	at MC-BOOTSTRAP/cpw.mods.modlauncher@11.0.5/cpw.mods.modlauncher.LaunchServiceHandlerDecorator.launch(LaunchServiceHandlerDecorator.java:30) [modlauncher-11.0.5.jar%23128!/:?]
	at MC-BOOTSTRAP/cpw.mods.modlauncher@11.0.5/cpw.mods.modlauncher.LaunchServiceHandler.launch(LaunchServiceHandler.java:53) [modlauncher-11.0.5.jar%23128!/:?]
	at MC-BOOTSTRAP/cpw.mods.modlauncher@11.0.5/cpw.mods.modlauncher.LaunchServiceHandler.launch(LaunchServiceHandler.java:71) [modlauncher-11.0.5.jar%23128!/:?]
	at MC-BOOTSTRAP/cpw.mods.modlauncher@11.0.5/cpw.mods.modlauncher.Launcher.run(Launcher.java:103) [modlauncher-11.0.5.jar%23128!/:?]
	at MC-BOOTSTRAP/cpw.mods.modlauncher@11.0.5/cpw.mods.modlauncher.Launcher.main(Launcher.java:74) [modlauncher-11.0.5.jar%23128!/:?]
	at MC-BOOTSTRAP/cpw.mods.modlauncher@11.0.5/cpw.mods.modlauncher.BootstrapLaunchConsumer.accept(BootstrapLaunchConsumer.java:26) [modlauncher-11.0.5.jar%23128!/:?]
	at MC-BOOTSTRAP/cpw.mods.modlauncher@11.0.5/cpw.mods.modlauncher.BootstrapLaunchConsumer.accept(BootstrapLaunchConsumer.java:23) [modlauncher-11.0.5.jar%23128!/:?]
	at cpw.mods.bootstraplauncher@2.0.2/cpw.mods.bootstraplauncher.BootstrapLauncher.run(BootstrapLauncher.java:210) [bootstraplauncher-2.0.2.jar:?]
	at cpw.mods.bootstraplauncher@2.0.2/cpw.mods.bootstraplauncher.BootstrapLauncher.main(BootstrapLauncher.java:69) [bootstraplauncher-2.0.2.jar:?]
	at java.base/jdk.internal.reflect.DirectMethodHandleAccessor.invoke(DirectMethodHandleAccessor.java:103) ~[?:?]
	at java.base/java.lang.reflect.Method.invoke(Method.java:580) ~[?:?]
	at net.neoforged.devlaunch.Main.main(Main.java:57) [DevLaunch-1.0.2.jar:?]
[08set.2026 23:15:44.493] [Render thread/WARN] [net.minecraft.client.renderer.texture.TextureManager/]: Failed to load texture: elementals:textures/gui/blooming_ground_icon.png
java.io.FileNotFoundException: elementals:textures/gui/blooming_ground_icon.png
	at TRANSFORMER/minecraft@1.21.1/net.minecraft.server.packs.resources.ResourceProvider.lambda$getResourceOrThrow$1(ResourceProvider.java:18) ~[neoforge-21.1.235.jar%23189!/:?]
	at java.base/java.util.Optional.orElseThrow(Optional.java:403) ~[?:?]
	at TRANSFORMER/minecraft@1.21.1/net.minecraft.server.packs.resources.ResourceProvider.getResourceOrThrow(ResourceProvider.java:18) ~[neoforge-21.1.235.jar%23189!/:?]
	at TRANSFORMER/geckolib@4.8.4/software.bernie.geckolib.cache.texture.AnimatableTexture.load(AnimatableTexture.java:40) ~[geckolib-neoforge-1.21.1-4.8.4.jar%23195!/:4.8.4]
	at TRANSFORMER/minecraft@1.21.1/net.minecraft.client.renderer.texture.TextureManager.loadTexture(TextureManager.java:92) ~[neoforge-21.1.235.jar%23189!/:?]
	at TRANSFORMER/minecraft@1.21.1/net.minecraft.client.renderer.texture.TextureManager.register(TextureManager.java:63) ~[neoforge-21.1.235.jar%23189!/:?]
	at TRANSFORMER/minecraft@1.21.1/net.minecraft.client.renderer.texture.TextureManager.wrapOperation$zba000$geckolib$replaceAnimatableTexture(TextureManager.java:1031) ~[neoforge-21.1.235.jar%23189!/:?]
	at TRANSFORMER/minecraft@1.21.1/net.minecraft.client.renderer.texture.TextureManager.getTexture(TextureManager.java:112) ~[neoforge-21.1.235.jar%23189!/:?]
	at TRANSFORMER/minecraft@1.21.1/com.mojang.blaze3d.systems.RenderSystem._setShaderTexture(RenderSystem.java:725) ~[neoforge-21.1.235.jar%23189!/:?]
	at TRANSFORMER/minecraft@1.21.1/com.mojang.blaze3d.systems.RenderSystem.setShaderTexture(RenderSystem.java:718) ~[neoforge-21.1.235.jar%23189!/:?]
	at TRANSFORMER/elementals@5.0.0/dev.saperate.elementals.client.gui.UpgradeTreeScreen.drawTexture(UpgradeTreeScreen.java:473) ~[elementals-neoforge-1.21.1-5.0.0.jar%23193!/:5.0.0]
	at TRANSFORMER/elementals@5.0.0/dev.saperate.elementals.client.gui.UpgradeTreeScreen.drawUpgradeButton(UpgradeTreeScreen.java:279) ~[elementals-neoforge-1.21.1-5.0.0.jar%23193!/:5.0.0]
	at TRANSFORMER/elementals@5.0.0/dev.saperate.elementals.client.gui.UpgradeTreeScreen.drawTree(UpgradeTreeScreen.java:309) ~[elementals-neoforge-1.21.1-5.0.0.jar%23193!/:5.0.0]
	at TRANSFORMER/elementals@5.0.0/dev.saperate.elementals.client.gui.UpgradeTreeScreen.render(UpgradeTreeScreen.java:155) ~[elementals-neoforge-1.21.1-5.0.0.jar%23193!/:5.0.0]
	at TRANSFORMER/minecraft@1.21.1/net.minecraft.client.gui.screens.Screen.renderWithTooltip(Screen.java:112) ~[neoforge-21.1.235.jar%23189!/:?]
	at TRANSFORMER/neoforge@21.1.235/net.neoforged.neoforge.client.ClientHooks.drawScreenInternal(ClientHooks.java:429) ~[neoforge-21.1.235.jar%23190!/:?]
	at TRANSFORMER/neoforge@21.1.235/net.neoforged.neoforge.client.ClientHooks.drawScreen(ClientHooks.java:423) ~[neoforge-21.1.235.jar%23190!/:?]
	at TRANSFORMER/minecraft@1.21.1/net.minecraft.client.renderer.GameRenderer.render(GameRenderer.java:1098) ~[neoforge-21.1.235.jar%23189!/:?]
	at TRANSFORMER/minecraft@1.21.1/net.minecraft.client.Minecraft.runTick(Minecraft.java:1201) ~[neoforge-21.1.235.jar%23189!/:?]
	at TRANSFORMER/minecraft@1.21.1/net.minecraft.client.Minecraft.run(Minecraft.java:813) ~[neoforge-21.1.235.jar%23189!/:?]
	at TRANSFORMER/minecraft@1.21.1/net.minecraft.client.main.Main.main(Main.java:230) ~[neoforge-21.1.235.jar%23189!/:?]
	at java.base/jdk.internal.reflect.DirectMethodHandleAccessor.invoke(DirectMethodHandleAccessor.java:103) ~[?:?]
	at java.base/java.lang.reflect.Method.invoke(Method.java:580) ~[?:?]
	at MC-BOOTSTRAP/fml_loader@4.0.42/net.neoforged.fml.loading.targets.CommonLaunchHandler.runTarget(CommonLaunchHandler.java:136) ~[loader-4.0.42.jar%23146!/:4.0]
	at MC-BOOTSTRAP/fml_loader@4.0.42/net.neoforged.fml.loading.targets.CommonLaunchHandler.clientService(CommonLaunchHandler.java:124) ~[loader-4.0.42.jar%23146!/:4.0]
	at MC-BOOTSTRAP/fml_loader@4.0.42/net.neoforged.fml.loading.targets.NeoForgeClientDevLaunchHandler.runService(NeoForgeClientDevLaunchHandler.java:23) ~[loader-4.0.42.jar%23146!/:4.0]
	at MC-BOOTSTRAP/fml_loader@4.0.42/net.neoforged.fml.loading.targets.CommonLaunchHandler.lambda$launchService$4(CommonLaunchHandler.java:118) ~[loader-4.0.42.jar%23146!/:4.0]
	at MC-BOOTSTRAP/cpw.mods.modlauncher@11.0.5/cpw.mods.modlauncher.LaunchServiceHandlerDecorator.launch(LaunchServiceHandlerDecorator.java:30) [modlauncher-11.0.5.jar%23128!/:?]
	at MC-BOOTSTRAP/cpw.mods.modlauncher@11.0.5/cpw.mods.modlauncher.LaunchServiceHandler.launch(LaunchServiceHandler.java:53) [modlauncher-11.0.5.jar%23128!/:?]
	at MC-BOOTSTRAP/cpw.mods.modlauncher@11.0.5/cpw.mods.modlauncher.LaunchServiceHandler.launch(LaunchServiceHandler.java:71) [modlauncher-11.0.5.jar%23128!/:?]
	at MC-BOOTSTRAP/cpw.mods.modlauncher@11.0.5/cpw.mods.modlauncher.Launcher.run(Launcher.java:103) [modlauncher-11.0.5.jar%23128!/:?]
	at MC-BOOTSTRAP/cpw.mods.modlauncher@11.0.5/cpw.mods.modlauncher.Launcher.main(Launcher.java:74) [modlauncher-11.0.5.jar%23128!/:?]
	at MC-BOOTSTRAP/cpw.mods.modlauncher@11.0.5/cpw.mods.modlauncher.BootstrapLaunchConsumer.accept(BootstrapLaunchConsumer.java:26) [modlauncher-11.0.5.jar%23128!/:?]
	at MC-BOOTSTRAP/cpw.mods.modlauncher@11.0.5/cpw.mods.modlauncher.BootstrapLaunchConsumer.accept(BootstrapLaunchConsumer.java:23) [modlauncher-11.0.5.jar%23128!/:?]
	at cpw.mods.bootstraplauncher@2.0.2/cpw.mods.bootstraplauncher.BootstrapLauncher.run(BootstrapLauncher.java:210) [bootstraplauncher-2.0.2.jar:?]
	at cpw.mods.bootstraplauncher@2.0.2/cpw.mods.bootstraplauncher.BootstrapLauncher.main(BootstrapLauncher.java:69) [bootstraplauncher-2.0.2.jar:?]
	at java.base/jdk.internal.reflect.DirectMethodHandleAccessor.invoke(DirectMethodHandleAccessor.java:103) ~[?:?]
	at java.base/java.lang.reflect.Method.invoke(Method.java:580) ~[?:?]
	at net.neoforged.devlaunch.Main.main(Main.java:57) [DevLaunch-1.0.2.jar:?]
[08set.2026 23:15:44.494] [Render thread/WARN] [net.minecraft.client.renderer.texture.TextureManager/]: Failed to load texture: elementals:textures/gui/blooming_ground_icon.png
java.io.FileNotFoundException: elementals:textures/gui/blooming_ground_icon.png
	at TRANSFORMER/minecraft@1.21.1/net.minecraft.server.packs.resources.ResourceProvider.lambda$getResourceOrThrow$1(ResourceProvider.java:18) ~[neoforge-21.1.235.jar%23189!/:?]
	at java.base/java.util.Optional.orElseThrow(Optional.java:403) ~[?:?]
	at TRANSFORMER/minecraft@1.21.1/net.minecraft.server.packs.resources.ResourceProvider.getResourceOrThrow(ResourceProvider.java:18) ~[neoforge-21.1.235.jar%23189!/:?]
	at TRANSFORMER/minecraft@1.21.1/net.minecraft.client.renderer.texture.SimpleTexture$TextureImage.load(SimpleTexture.java:83) ~[neoforge-21.1.235.jar%23189!/:?]
	at TRANSFORMER/minecraft@1.21.1/net.minecraft.client.renderer.texture.SimpleTexture.getTextureImage(SimpleTexture.java:57) ~[neoforge-21.1.235.jar%23189!/:?]
	at TRANSFORMER/minecraft@1.21.1/net.minecraft.client.renderer.texture.SimpleTexture.load(SimpleTexture.java:30) ~[neoforge-21.1.235.jar%23189!/:?]
	at TRANSFORMER/minecraft@1.21.1/net.minecraft.client.renderer.texture.TextureManager.loadTexture(TextureManager.java:92) ~[neoforge-21.1.235.jar%23189!/:?]
	at TRANSFORMER/minecraft@1.21.1/net.minecraft.client.renderer.texture.TextureManager.register(TextureManager.java:63) ~[neoforge-21.1.235.jar%23189!/:?]
	at TRANSFORMER/minecraft@1.21.1/net.minecraft.client.renderer.texture.TextureManager.getTexture(TextureManager.java:113) ~[neoforge-21.1.235.jar%23189!/:?]
	at TRANSFORMER/minecraft@1.21.1/com.mojang.blaze3d.systems.RenderSystem._setShaderTexture(RenderSystem.java:725) ~[neoforge-21.1.235.jar%23189!/:?]
	at TRANSFORMER/minecraft@1.21.1/com.mojang.blaze3d.systems.RenderSystem.setShaderTexture(RenderSystem.java:718) ~[neoforge-21.1.235.jar%23189!/:?]
	at TRANSFORMER/elementals@5.0.0/dev.saperate.elementals.client.gui.UpgradeTreeScreen.drawTexture(UpgradeTreeScreen.java:473) ~[elementals-neoforge-1.21.1-5.0.0.jar%23193!/:5.0.0]
	at TRANSFORMER/elementals@5.0.0/dev.saperate.elementals.client.gui.UpgradeTreeScreen.drawUpgradeButton(UpgradeTreeScreen.java:279) ~[elementals-neoforge-1.21.1-5.0.0.jar%23193!/:5.0.0]
	at TRANSFORMER/elementals@5.0.0/dev.saperate.elementals.client.gui.UpgradeTreeScreen.drawTree(UpgradeTreeScreen.java:309) ~[elementals-neoforge-1.21.1-5.0.0.jar%23193!/:5.0.0]
	at TRANSFORMER/elementals@5.0.0/dev.saperate.elementals.client.gui.UpgradeTreeScreen.render(UpgradeTreeScreen.java:155) ~[elementals-neoforge-1.21.1-5.0.0.jar%23193!/:5.0.0]
	at TRANSFORMER/minecraft@1.21.1/net.minecraft.client.gui.screens.Screen.renderWithTooltip(Screen.java:112) ~[neoforge-21.1.235.jar%23189!/:?]
	at TRANSFORMER/neoforge@21.1.235/net.neoforged.neoforge.client.ClientHooks.drawScreenInternal(ClientHooks.java:429) ~[neoforge-21.1.235.jar%23190!/:?]
	at TRANSFORMER/neoforge@21.1.235/net.neoforged.neoforge.client.ClientHooks.drawScreen(ClientHooks.java:423) ~[neoforge-21.1.235.jar%23190!/:?]
	at TRANSFORMER/minecraft@1.21.1/net.minecraft.client.renderer.GameRenderer.render(GameRenderer.java:1098) ~[neoforge-21.1.235.jar%23189!/:?]
	at TRANSFORMER/minecraft@1.21.1/net.minecraft.client.Minecraft.runTick(Minecraft.java:1201) ~[neoforge-21.1.235.jar%23189!/:?]
	at TRANSFORMER/minecraft@1.21.1/net.minecraft.client.Minecraft.run(Minecraft.java:813) ~[neoforge-21.1.235.jar%23189!/:?]
	at TRANSFORMER/minecraft@1.21.1/net.minecraft.client.main.Main.main(Main.java:230) ~[neoforge-21.1.235.jar%23189!/:?]
	at java.base/jdk.internal.reflect.DirectMethodHandleAccessor.invoke(DirectMethodHandleAccessor.java:103) ~[?:?]
	at java.base/java.lang.reflect.Method.invoke(Method.java:580) ~[?:?]
	at MC-BOOTSTRAP/fml_loader@4.0.42/net.neoforged.fml.loading.targets.CommonLaunchHandler.runTarget(CommonLaunchHandler.java:136) ~[loader-4.0.42.jar%23146!/:4.0]
	at MC-BOOTSTRAP/fml_loader@4.0.42/net.neoforged.fml.loading.targets.CommonLaunchHandler.clientService(CommonLaunchHandler.java:124) ~[loader-4.0.42.jar%23146!/:4.0]
	at MC-BOOTSTRAP/fml_loader@4.0.42/net.neoforged.fml.loading.targets.NeoForgeClientDevLaunchHandler.runService(NeoForgeClientDevLaunchHandler.java:23) ~[loader-4.0.42.jar%23146!/:4.0]
	at MC-BOOTSTRAP/fml_loader@4.0.42/net.neoforged.fml.loading.targets.CommonLaunchHandler.lambda$launchService$4(CommonLaunchHandler.java:118) ~[loader-4.0.42.jar%23146!/:4.0]
	at MC-BOOTSTRAP/cpw.mods.modlauncher@11.0.5/cpw.mods.modlauncher.LaunchServiceHandlerDecorator.launch(LaunchServiceHandlerDecorator.java:30) [modlauncher-11.0.5.jar%23128!/:?]
	at MC-BOOTSTRAP/cpw.mods.modlauncher@11.0.5/cpw.mods.modlauncher.LaunchServiceHandler.launch(LaunchServiceHandler.java:53) [modlauncher-11.0.5.jar%23128!/:?]
	at MC-BOOTSTRAP/cpw.mods.modlauncher@11.0.5/cpw.mods.modlauncher.LaunchServiceHandler.launch(LaunchServiceHandler.java:71) [modlauncher-11.0.5.jar%23128!/:?]
	at MC-BOOTSTRAP/cpw.mods.modlauncher@11.0.5/cpw.mods.modlauncher.Launcher.run(Launcher.java:103) [modlauncher-11.0.5.jar%23128!/:?]
	at MC-BOOTSTRAP/cpw.mods.modlauncher@11.0.5/cpw.mods.modlauncher.Launcher.main(Launcher.java:74) [modlauncher-11.0.5.jar%23128!/:?]
	at MC-BOOTSTRAP/cpw.mods.modlauncher@11.0.5/cpw.mods.modlauncher.BootstrapLaunchConsumer.accept(BootstrapLaunchConsumer.java:26) [modlauncher-11.0.5.jar%23128!/:?]
	at MC-BOOTSTRAP/cpw.mods.modlauncher@11.0.5/cpw.mods.modlauncher.BootstrapLaunchConsumer.accept(BootstrapLaunchConsumer.java:23) [modlauncher-11.0.5.jar%23128!/:?]
	at cpw.mods.bootstraplauncher@2.0.2/cpw.mods.bootstraplauncher.BootstrapLauncher.run(BootstrapLauncher.java:210) [bootstraplauncher-2.0.2.jar:?]
	at cpw.mods.bootstraplauncher@2.0.2/cpw.mods.bootstraplauncher.BootstrapLauncher.main(BootstrapLauncher.java:69) [bootstraplauncher-2.0.2.jar:?]
	at java.base/jdk.internal.reflect.DirectMethodHandleAccessor.invoke(DirectMethodHandleAccessor.java:103) ~[?:?]
	at java.base/java.lang.reflect.Method.invoke(Method.java:580) ~[?:?]
	at net.neoforged.devlaunch.Main.main(Main.java:57) [DevLaunch-1.0.2.jar:?]
[08set.2026 23:15:44.536] [Server thread/INFO] [net.minecraft.client.server.IntegratedServer/]: Saving and pausing game...
[08set.2026 23:15:44.553] [Server thread/INFO] [net.minecraft.server.MinecraftServer/]: Saving chunks for level 'ServerLevel[New World]'/minecraft:overworld
[08set.2026 23:15:44.575] [Server thread/INFO] [net.minecraft.server.MinecraftServer/]: Saving chunks for level 'ServerLevel[New World]'/minecraft:the_end
[08set.2026 23:15:44.575] [Server thread/INFO] [net.minecraft.server.MinecraftServer/]: Saving chunks for level 'ServerLevel[New World]'/minecraft:the_nether
[08set.2026 23:15:58.634] [Server thread/INFO] [net.minecraft.server.MinecraftServer/]: [Dev: Set own game mode to Survival Mode]
[08set.2026 23:15:58.650] [Render thread/INFO] [net.minecraft.client.gui.components.ChatComponent/]: [System] [CHAT] Set own game mode to Survival Mode
[08set.2026 23:16:05.755] [Server thread/INFO] [net.minecraft.server.MinecraftServer/]: [Dev: Applied 19.0 damage to Dev]
[08set.2026 23:16:05.766] [Render thread/INFO] [net.minecraft.client.gui.components.ChatComponent/]: [System] [CHAT] Applied 19.0 damage to Dev
[08set.2026 23:16:15.399] [Server thread/INFO] [net.minecraft.server.MinecraftServer/]: [Dev: Applied 19.0 damage to Dev]
[08set.2026 23:16:15.415] [Render thread/INFO] [net.minecraft.client.gui.components.ChatComponent/]: [System] [CHAT] Applied 19.0 damage to Dev
[08set.2026 23:16:25.387] [Server thread/INFO] [net.minecraft.client.server.IntegratedServer/]: Saving and pausing game...
[08set.2026 23:16:25.395] [Server thread/INFO] [net.minecraft.server.MinecraftServer/]: Saving chunks for level 'ServerLevel[New World]'/minecraft:overworld
[08set.2026 23:16:25.402] [Server thread/INFO] [net.minecraft.server.MinecraftServer/]: Saving chunks for level 'ServerLevel[New World]'/minecraft:the_end
[08set.2026 23:16:25.402] [Server thread/INFO] [net.minecraft.server.MinecraftServer/]: Saving chunks for level 'ServerLevel[New World]'/minecraft:the_nether
[08set.2026 23:16:31.135] [Server thread/INFO] [net.minecraft.client.server.IntegratedServer/]: Saving and pausing game...
[08set.2026 23:16:31.143] [Server thread/INFO] [net.minecraft.server.MinecraftServer/]: Saving chunks for level 'ServerLevel[New World]'/minecraft:overworld
[08set.2026 23:16:31.148] [Server thread/INFO] [net.minecraft.server.MinecraftServer/]: Saving chunks for level 'ServerLevel[New World]'/minecraft:the_end
[08set.2026 23:16:31.148] [Server thread/INFO] [net.minecraft.server.MinecraftServer/]: Saving chunks for level 'ServerLevel[New World]'/minecraft:the_nether
[08set.2026 23:16:36.085] [Server thread/INFO] [net.minecraft.server.MinecraftServer/]: [Dev: Set own game mode to Creative Mode]
[08set.2026 23:16:36.099] [Render thread/INFO] [net.minecraft.client.gui.components.ChatComponent/]: [System] [CHAT] Set own game mode to Creative Mode
[08set.2026 23:16:51.435] [Server thread/INFO] [net.minecraft.client.server.IntegratedServer/]: Saving and pausing game...
[08set.2026 23:16:51.443] [Server thread/INFO] [net.minecraft.server.MinecraftServer/]: Saving chunks for level 'ServerLevel[New World]'/minecraft:overworld
[08set.2026 23:16:51.448] [Server thread/INFO] [net.minecraft.server.MinecraftServer/]: Saving chunks for level 'ServerLevel[New World]'/minecraft:the_end
[08set.2026 23:16:51.448] [Server thread/INFO] [net.minecraft.server.MinecraftServer/]: Saving chunks for level 'ServerLevel[New World]'/minecraft:the_nether
[08set.2026 23:17:05.086] [Server thread/INFO] [net.minecraft.client.server.IntegratedServer/]: Saving and pausing game...
[08set.2026 23:17:05.095] [Server thread/INFO] [net.minecraft.server.MinecraftServer/]: Saving chunks for level 'ServerLevel[New World]'/minecraft:overworld
[08set.2026 23:17:05.100] [Server thread/INFO] [net.minecraft.server.MinecraftServer/]: Saving chunks for level 'ServerLevel[New World]'/minecraft:the_end
[08set.2026 23:17:05.100] [Server thread/INFO] [net.minecraft.server.MinecraftServer/]: Saving chunks for level 'ServerLevel[New World]'/minecraft:the_nether
[08set.2026 23:17:34.108] [Render thread/INFO] [net.minecraft.advancements.AdvancementTree/]: Loaded 51 advancements
[08set.2026 23:17:34.600] [Render thread/INFO] [net.minecraft.advancements.AdvancementTree/]: Loaded 54 advancements
[08set.2026 23:18:05.536] [Server thread/INFO] [net.minecraft.client.server.IntegratedServer/]: Saving and pausing game...
[08set.2026 23:18:05.552] [Server thread/INFO] [net.minecraft.server.MinecraftServer/]: Saving chunks for level 'ServerLevel[New World]'/minecraft:overworld
[08set.2026 23:18:05.559] [Server thread/INFO] [net.minecraft.server.MinecraftServer/]: Saving chunks for level 'ServerLevel[New World]'/minecraft:the_end
[08set.2026 23:18:05.559] [Server thread/INFO] [net.minecraft.server.MinecraftServer/]: Saving chunks for level 'ServerLevel[New World]'/minecraft:the_nether
[08set.2026 23:18:27.886] [Server thread/INFO] [net.minecraft.client.server.IntegratedServer/]: Saving and pausing game...
[08set.2026 23:18:27.894] [Server thread/INFO] [net.minecraft.server.MinecraftServer/]: Saving chunks for level 'ServerLevel[New World]'/minecraft:overworld
[08set.2026 23:18:27.898] [Server thread/INFO] [net.minecraft.server.MinecraftServer/]: Saving chunks for level 'ServerLevel[New World]'/minecraft:the_end
[08set.2026 23:18:27.898] [Server thread/INFO] [net.minecraft.server.MinecraftServer/]: Saving chunks for level 'ServerLevel[New World]'/minecraft:the_nether
[08set.2026 23:19:24.373] [Server thread/INFO] [net.minecraft.server.MinecraftServer/]: [Dev: Set own game mode to Survival Mode]
[08set.2026 23:19:24.387] [Render thread/INFO] [net.minecraft.client.gui.components.ChatComponent/]: [System] [CHAT] Set own game mode to Survival Mode
[08set.2026 23:19:37.403] [Render thread/INFO] [net.minecraft.advancements.AdvancementTree/]: Loaded 54 advancements
[08set.2026 23:19:53.785] [Server thread/INFO] [net.minecraft.client.server.IntegratedServer/]: Saving and pausing game...
[08set.2026 23:19:53.798] [Server thread/INFO] [net.minecraft.server.MinecraftServer/]: Saving chunks for level 'ServerLevel[New World]'/minecraft:overworld
[08set.2026 23:19:53.809] [Server thread/INFO] [net.minecraft.server.MinecraftServer/]: Saving chunks for level 'ServerLevel[New World]'/minecraft:the_end
[08set.2026 23:19:53.809] [Server thread/INFO] [net.minecraft.server.MinecraftServer/]: Saving chunks for level 'ServerLevel[New World]'/minecraft:the_nether
[08set.2026 23:20:02.336] [Server thread/INFO] [net.minecraft.client.server.IntegratedServer/]: Saving and pausing game...
[08set.2026 23:20:02.344] [Server thread/INFO] [net.minecraft.server.MinecraftServer/]: Saving chunks for level 'ServerLevel[New World]'/minecraft:overworld
[08set.2026 23:20:02.350] [Server thread/INFO] [net.minecraft.server.MinecraftServer/]: Saving chunks for level 'ServerLevel[New World]'/minecraft:the_end
[08set.2026 23:20:02.350] [Server thread/INFO] [net.minecraft.server.MinecraftServer/]: Saving chunks for level 'ServerLevel[New World]'/minecraft:the_nether
[08set.2026 23:20:45.254] [Render thread/INFO] [net.minecraft.client.gui.components.ChatComponent/]: [System] [CHAT] Deep in the forest, the plants seem to lean toward you -- you've learned Plant Bending!
[08set.2026 23:20:52.006] [Server thread/INFO] [net.minecraft.server.MinecraftServer/]: [Dev: Dev can now bend: Ice]
[08set.2026 23:20:52.022] [Render thread/INFO] [net.minecraft.client.gui.components.ChatComponent/]: [System] [CHAT] Dev can now bend: Ice
[08set.2026 23:20:53.040] [Render thread/WARN] [net.minecraft.client.renderer.texture.TextureManager/]: Failed to load texture: elementals:textures/gui/ice_upgrade_button.png
java.io.FileNotFoundException: elementals:textures/gui/ice_upgrade_button.png
	at TRANSFORMER/minecraft@1.21.1/net.minecraft.server.packs.resources.ResourceProvider.lambda$getResourceOrThrow$1(ResourceProvider.java:18) ~[neoforge-21.1.235.jar%23189!/:?]
	at java.base/java.util.Optional.orElseThrow(Optional.java:403) ~[?:?]
	at TRANSFORMER/minecraft@1.21.1/net.minecraft.server.packs.resources.ResourceProvider.getResourceOrThrow(ResourceProvider.java:18) ~[neoforge-21.1.235.jar%23189!/:?]
	at TRANSFORMER/geckolib@4.8.4/software.bernie.geckolib.cache.texture.AnimatableTexture.load(AnimatableTexture.java:40) ~[geckolib-neoforge-1.21.1-4.8.4.jar%23195!/:4.8.4]
	at TRANSFORMER/minecraft@1.21.1/net.minecraft.client.renderer.texture.TextureManager.loadTexture(TextureManager.java:92) ~[neoforge-21.1.235.jar%23189!/:?]
	at TRANSFORMER/minecraft@1.21.1/net.minecraft.client.renderer.texture.TextureManager.register(TextureManager.java:63) ~[neoforge-21.1.235.jar%23189!/:?]
	at TRANSFORMER/minecraft@1.21.1/net.minecraft.client.renderer.texture.TextureManager.wrapOperation$zba000$geckolib$replaceAnimatableTexture(TextureManager.java:1031) ~[neoforge-21.1.235.jar%23189!/:?]
	at TRANSFORMER/minecraft@1.21.1/net.minecraft.client.renderer.texture.TextureManager.getTexture(TextureManager.java:112) ~[neoforge-21.1.235.jar%23189!/:?]
	at TRANSFORMER/minecraft@1.21.1/com.mojang.blaze3d.systems.RenderSystem._setShaderTexture(RenderSystem.java:725) ~[neoforge-21.1.235.jar%23189!/:?]
	at TRANSFORMER/minecraft@1.21.1/com.mojang.blaze3d.systems.RenderSystem.setShaderTexture(RenderSystem.java:718) ~[neoforge-21.1.235.jar%23189!/:?]
	at TRANSFORMER/minecraft@1.21.1/net.minecraft.client.gui.GuiGraphics.innerBlit(GuiGraphics.java:965) ~[neoforge-21.1.235.jar%23189!/:?]
	at TRANSFORMER/minecraft@1.21.1/net.minecraft.client.gui.GuiGraphics.blit(GuiGraphics.java:923) ~[neoforge-21.1.235.jar%23189!/:?]
	at TRANSFORMER/minecraft@1.21.1/net.minecraft.client.gui.GuiGraphics.blit(GuiGraphics.java:865) ~[neoforge-21.1.235.jar%23189!/:?]
	at TRANSFORMER/minecraft@1.21.1/net.minecraft.client.gui.GuiGraphics.blit(GuiGraphics.java:888) ~[neoforge-21.1.235.jar%23189!/:?]
	at TRANSFORMER/elementals@5.0.0/dev.saperate.elementals.client.gui.ChiHudOverlay.render(ChiHudOverlay.java:31) ~[elementals-neoforge-1.21.1-5.0.0.jar%23193!/:5.0.0]
	at TRANSFORMER/neoforge@21.1.235/net.neoforged.neoforge.client.gui.GuiLayerManager.renderInner(GuiLayerManager.java:69) ~[neoforge-21.1.235.jar%23190!/:?]
	at TRANSFORMER/neoforge@21.1.235/net.neoforged.neoforge.client.gui.GuiLayerManager.render(GuiLayerManager.java:59) ~[neoforge-21.1.235.jar%23190!/:?]
	at TRANSFORMER/minecraft@1.21.1/net.minecraft.client.gui.Gui.render(Gui.java:261) ~[neoforge-21.1.235.jar%23189!/:?]
	at TRANSFORMER/minecraft@1.21.1/net.minecraft.client.renderer.GameRenderer.render(GameRenderer.java:1079) ~[neoforge-21.1.235.jar%23189!/:?]
	at TRANSFORMER/minecraft@1.21.1/net.minecraft.client.Minecraft.runTick(Minecraft.java:1201) ~[neoforge-21.1.235.jar%23189!/:?]
	at TRANSFORMER/minecraft@1.21.1/net.minecraft.client.Minecraft.run(Minecraft.java:813) ~[neoforge-21.1.235.jar%23189!/:?]
	at TRANSFORMER/minecraft@1.21.1/net.minecraft.client.main.Main.main(Main.java:230) ~[neoforge-21.1.235.jar%23189!/:?]
	at java.base/jdk.internal.reflect.DirectMethodHandleAccessor.invoke(DirectMethodHandleAccessor.java:103) ~[?:?]
	at java.base/java.lang.reflect.Method.invoke(Method.java:580) ~[?:?]
	at MC-BOOTSTRAP/fml_loader@4.0.42/net.neoforged.fml.loading.targets.CommonLaunchHandler.runTarget(CommonLaunchHandler.java:136) ~[loader-4.0.42.jar%23146!/:4.0]
	at MC-BOOTSTRAP/fml_loader@4.0.42/net.neoforged.fml.loading.targets.CommonLaunchHandler.clientService(CommonLaunchHandler.java:124) ~[loader-4.0.42.jar%23146!/:4.0]
	at MC-BOOTSTRAP/fml_loader@4.0.42/net.neoforged.fml.loading.targets.NeoForgeClientDevLaunchHandler.runService(NeoForgeClientDevLaunchHandler.java:23) ~[loader-4.0.42.jar%23146!/:4.0]
	at MC-BOOTSTRAP/fml_loader@4.0.42/net.neoforged.fml.loading.targets.CommonLaunchHandler.lambda$launchService$4(CommonLaunchHandler.java:118) ~[loader-4.0.42.jar%23146!/:4.0]
	at MC-BOOTSTRAP/cpw.mods.modlauncher@11.0.5/cpw.mods.modlauncher.LaunchServiceHandlerDecorator.launch(LaunchServiceHandlerDecorator.java:30) [modlauncher-11.0.5.jar%23128!/:?]
	at MC-BOOTSTRAP/cpw.mods.modlauncher@11.0.5/cpw.mods.modlauncher.LaunchServiceHandler.launch(LaunchServiceHandler.java:53) [modlauncher-11.0.5.jar%23128!/:?]
	at MC-BOOTSTRAP/cpw.mods.modlauncher@11.0.5/cpw.mods.modlauncher.LaunchServiceHandler.launch(LaunchServiceHandler.java:71) [modlauncher-11.0.5.jar%23128!/:?]
	at MC-BOOTSTRAP/cpw.mods.modlauncher@11.0.5/cpw.mods.modlauncher.Launcher.run(Launcher.java:103) [modlauncher-11.0.5.jar%23128!/:?]
	at MC-BOOTSTRAP/cpw.mods.modlauncher@11.0.5/cpw.mods.modlauncher.Launcher.main(Launcher.java:74) [modlauncher-11.0.5.jar%23128!/:?]
	at MC-BOOTSTRAP/cpw.mods.modlauncher@11.0.5/cpw.mods.modlauncher.BootstrapLaunchConsumer.accept(BootstrapLaunchConsumer.java:26) [modlauncher-11.0.5.jar%23128!/:?]
	at MC-BOOTSTRAP/cpw.mods.modlauncher@11.0.5/cpw.mods.modlauncher.BootstrapLaunchConsumer.accept(BootstrapLaunchConsumer.java:23) [modlauncher-11.0.5.jar%23128!/:?]
	at cpw.mods.bootstraplauncher@2.0.2/cpw.mods.bootstraplauncher.BootstrapLauncher.run(BootstrapLauncher.java:210) [bootstraplauncher-2.0.2.jar:?]
	at cpw.mods.bootstraplauncher@2.0.2/cpw.mods.bootstraplauncher.BootstrapLauncher.main(BootstrapLauncher.java:69) [bootstraplauncher-2.0.2.jar:?]
	at java.base/jdk.internal.reflect.DirectMethodHandleAccessor.invoke(DirectMethodHandleAccessor.java:103) ~[?:?]
	at java.base/java.lang.reflect.Method.invoke(Method.java:580) ~[?:?]
	at net.neoforged.devlaunch.Main.main(Main.java:57) [DevLaunch-1.0.2.jar:?]
[08set.2026 23:20:53.042] [Render thread/WARN] [net.minecraft.client.renderer.texture.TextureManager/]: Failed to load texture: elementals:textures/gui/ice_upgrade_button.png
java.io.FileNotFoundException: elementals:textures/gui/ice_upgrade_button.png
	at TRANSFORMER/minecraft@1.21.1/net.minecraft.server.packs.resources.ResourceProvider.lambda$getResourceOrThrow$1(ResourceProvider.java:18) ~[neoforge-21.1.235.jar%23189!/:?]
	at java.base/java.util.Optional.orElseThrow(Optional.java:403) ~[?:?]
	at TRANSFORMER/minecraft@1.21.1/net.minecraft.server.packs.resources.ResourceProvider.getResourceOrThrow(ResourceProvider.java:18) ~[neoforge-21.1.235.jar%23189!/:?]
	at TRANSFORMER/minecraft@1.21.1/net.minecraft.client.renderer.texture.SimpleTexture$TextureImage.load(SimpleTexture.java:83) ~[neoforge-21.1.235.jar%23189!/:?]
	at TRANSFORMER/minecraft@1.21.1/net.minecraft.client.renderer.texture.SimpleTexture.getTextureImage(SimpleTexture.java:57) ~[neoforge-21.1.235.jar%23189!/:?]
	at TRANSFORMER/minecraft@1.21.1/net.minecraft.client.renderer.texture.SimpleTexture.load(SimpleTexture.java:30) ~[neoforge-21.1.235.jar%23189!/:?]
	at TRANSFORMER/minecraft@1.21.1/net.minecraft.client.renderer.texture.TextureManager.loadTexture(TextureManager.java:92) ~[neoforge-21.1.235.jar%23189!/:?]
	at TRANSFORMER/minecraft@1.21.1/net.minecraft.client.renderer.texture.TextureManager.register(TextureManager.java:63) ~[neoforge-21.1.235.jar%23189!/:?]
	at TRANSFORMER/minecraft@1.21.1/net.minecraft.client.renderer.texture.TextureManager.getTexture(TextureManager.java:113) ~[neoforge-21.1.235.jar%23189!/:?]
	at TRANSFORMER/minecraft@1.21.1/com.mojang.blaze3d.systems.RenderSystem._setShaderTexture(RenderSystem.java:725) ~[neoforge-21.1.235.jar%23189!/:?]
	at TRANSFORMER/minecraft@1.21.1/com.mojang.blaze3d.systems.RenderSystem.setShaderTexture(RenderSystem.java:718) ~[neoforge-21.1.235.jar%23189!/:?]
	at TRANSFORMER/minecraft@1.21.1/net.minecraft.client.gui.GuiGraphics.innerBlit(GuiGraphics.java:965) ~[neoforge-21.1.235.jar%23189!/:?]
	at TRANSFORMER/minecraft@1.21.1/net.minecraft.client.gui.GuiGraphics.blit(GuiGraphics.java:923) ~[neoforge-21.1.235.jar%23189!/:?]
	at TRANSFORMER/minecraft@1.21.1/net.minecraft.client.gui.GuiGraphics.blit(GuiGraphics.java:865) ~[neoforge-21.1.235.jar%23189!/:?]
	at TRANSFORMER/minecraft@1.21.1/net.minecraft.client.gui.GuiGraphics.blit(GuiGraphics.java:888) ~[neoforge-21.1.235.jar%23189!/:?]
	at TRANSFORMER/elementals@5.0.0/dev.saperate.elementals.client.gui.ChiHudOverlay.render(ChiHudOverlay.java:31) ~[elementals-neoforge-1.21.1-5.0.0.jar%23193!/:5.0.0]
	at TRANSFORMER/neoforge@21.1.235/net.neoforged.neoforge.client.gui.GuiLayerManager.renderInner(GuiLayerManager.java:69) ~[neoforge-21.1.235.jar%23190!/:?]
	at TRANSFORMER/neoforge@21.1.235/net.neoforged.neoforge.client.gui.GuiLayerManager.render(GuiLayerManager.java:59) ~[neoforge-21.1.235.jar%23190!/:?]
	at TRANSFORMER/minecraft@1.21.1/net.minecraft.client.gui.Gui.render(Gui.java:261) ~[neoforge-21.1.235.jar%23189!/:?]
	at TRANSFORMER/minecraft@1.21.1/net.minecraft.client.renderer.GameRenderer.render(GameRenderer.java:1079) ~[neoforge-21.1.235.jar%23189!/:?]
	at TRANSFORMER/minecraft@1.21.1/net.minecraft.client.Minecraft.runTick(Minecraft.java:1201) ~[neoforge-21.1.235.jar%23189!/:?]
	at TRANSFORMER/minecraft@1.21.1/net.minecraft.client.Minecraft.run(Minecraft.java:813) ~[neoforge-21.1.235.jar%23189!/:?]
	at TRANSFORMER/minecraft@1.21.1/net.minecraft.client.main.Main.main(Main.java:230) ~[neoforge-21.1.235.jar%23189!/:?]
	at java.base/jdk.internal.reflect.DirectMethodHandleAccessor.invoke(DirectMethodHandleAccessor.java:103) ~[?:?]
	at java.base/java.lang.reflect.Method.invoke(Method.java:580) ~[?:?]
	at MC-BOOTSTRAP/fml_loader@4.0.42/net.neoforged.fml.loading.targets.CommonLaunchHandler.runTarget(CommonLaunchHandler.java:136) ~[loader-4.0.42.jar%23146!/:4.0]
	at MC-BOOTSTRAP/fml_loader@4.0.42/net.neoforged.fml.loading.targets.CommonLaunchHandler.clientService(CommonLaunchHandler.java:124) ~[loader-4.0.42.jar%23146!/:4.0]
	at MC-BOOTSTRAP/fml_loader@4.0.42/net.neoforged.fml.loading.targets.NeoForgeClientDevLaunchHandler.runService(NeoForgeClientDevLaunchHandler.java:23) ~[loader-4.0.42.jar%23146!/:4.0]
	at MC-BOOTSTRAP/fml_loader@4.0.42/net.neoforged.fml.loading.targets.CommonLaunchHandler.lambda$launchService$4(CommonLaunchHandler.java:118) ~[loader-4.0.42.jar%23146!/:4.0]
	at MC-BOOTSTRAP/cpw.mods.modlauncher@11.0.5/cpw.mods.modlauncher.LaunchServiceHandlerDecorator.launch(LaunchServiceHandlerDecorator.java:30) [modlauncher-11.0.5.jar%23128!/:?]
	at MC-BOOTSTRAP/cpw.mods.modlauncher@11.0.5/cpw.mods.modlauncher.LaunchServiceHandler.launch(LaunchServiceHandler.java:53) [modlauncher-11.0.5.jar%23128!/:?]
	at MC-BOOTSTRAP/cpw.mods.modlauncher@11.0.5/cpw.mods.modlauncher.LaunchServiceHandler.launch(LaunchServiceHandler.java:71) [modlauncher-11.0.5.jar%23128!/:?]
	at MC-BOOTSTRAP/cpw.mods.modlauncher@11.0.5/cpw.mods.modlauncher.Launcher.run(Launcher.java:103) [modlauncher-11.0.5.jar%23128!/:?]
	at MC-BOOTSTRAP/cpw.mods.modlauncher@11.0.5/cpw.mods.modlauncher.Launcher.main(Launcher.java:74) [modlauncher-11.0.5.jar%23128!/:?]
	at MC-BOOTSTRAP/cpw.mods.modlauncher@11.0.5/cpw.mods.modlauncher.BootstrapLaunchConsumer.accept(BootstrapLaunchConsumer.java:26) [modlauncher-11.0.5.jar%23128!/:?]
	at MC-BOOTSTRAP/cpw.mods.modlauncher@11.0.5/cpw.mods.modlauncher.BootstrapLaunchConsumer.accept(BootstrapLaunchConsumer.java:23) [modlauncher-11.0.5.jar%23128!/:?]
	at cpw.mods.bootstraplauncher@2.0.2/cpw.mods.bootstraplauncher.BootstrapLauncher.run(BootstrapLauncher.java:210) [bootstraplauncher-2.0.2.jar:?]
	at cpw.mods.bootstraplauncher@2.0.2/cpw.mods.bootstraplauncher.BootstrapLauncher.main(BootstrapLauncher.java:69) [bootstraplauncher-2.0.2.jar:?]
	at java.base/jdk.internal.reflect.DirectMethodHandleAccessor.invoke(DirectMethodHandleAccessor.java:103) ~[?:?]
	at java.base/java.lang.reflect.Method.invoke(Method.java:580) ~[?:?]
	at net.neoforged.devlaunch.Main.main(Main.java:57) [DevLaunch-1.0.2.jar:?]
[08set.2026 23:20:54.225] [Render thread/WARN] [net.minecraft.client.renderer.texture.TextureManager/]: Failed to load texture: elementals:textures/gui/ice_mastery_icon.png
java.io.FileNotFoundException: elementals:textures/gui/ice_mastery_icon.png
	at TRANSFORMER/minecraft@1.21.1/net.minecraft.server.packs.resources.ResourceProvider.lambda$getResourceOrThrow$1(ResourceProvider.java:18) ~[neoforge-21.1.235.jar%23189!/:?]
	at java.base/java.util.Optional.orElseThrow(Optional.java:403) ~[?:?]
	at TRANSFORMER/minecraft@1.21.1/net.minecraft.server.packs.resources.ResourceProvider.getResourceOrThrow(ResourceProvider.java:18) ~[neoforge-21.1.235.jar%23189!/:?]
	at TRANSFORMER/geckolib@4.8.4/software.bernie.geckolib.cache.texture.AnimatableTexture.load(AnimatableTexture.java:40) ~[geckolib-neoforge-1.21.1-4.8.4.jar%23195!/:4.8.4]
	at TRANSFORMER/minecraft@1.21.1/net.minecraft.client.renderer.texture.TextureManager.loadTexture(TextureManager.java:92) ~[neoforge-21.1.235.jar%23189!/:?]
	at TRANSFORMER/minecraft@1.21.1/net.minecraft.client.renderer.texture.TextureManager.register(TextureManager.java:63) ~[neoforge-21.1.235.jar%23189!/:?]
	at TRANSFORMER/minecraft@1.21.1/net.minecraft.client.renderer.texture.TextureManager.wrapOperation$zba000$geckolib$replaceAnimatableTexture(TextureManager.java:1031) ~[neoforge-21.1.235.jar%23189!/:?]
	at TRANSFORMER/minecraft@1.21.1/net.minecraft.client.renderer.texture.TextureManager.getTexture(TextureManager.java:112) ~[neoforge-21.1.235.jar%23189!/:?]
	at TRANSFORMER/minecraft@1.21.1/com.mojang.blaze3d.systems.RenderSystem._setShaderTexture(RenderSystem.java:725) ~[neoforge-21.1.235.jar%23189!/:?]
	at TRANSFORMER/minecraft@1.21.1/com.mojang.blaze3d.systems.RenderSystem.setShaderTexture(RenderSystem.java:718) ~[neoforge-21.1.235.jar%23189!/:?]
	at TRANSFORMER/elementals@5.0.0/dev.saperate.elementals.client.gui.UpgradeTreeScreen.drawTexture(UpgradeTreeScreen.java:473) ~[elementals-neoforge-1.21.1-5.0.0.jar%23193!/:5.0.0]
	at TRANSFORMER/elementals@5.0.0/dev.saperate.elementals.client.gui.UpgradeTreeScreen.drawUpgradeButton(UpgradeTreeScreen.java:279) ~[elementals-neoforge-1.21.1-5.0.0.jar%23193!/:5.0.0]
	at TRANSFORMER/elementals@5.0.0/dev.saperate.elementals.client.gui.UpgradeTreeScreen.drawTree(UpgradeTreeScreen.java:309) ~[elementals-neoforge-1.21.1-5.0.0.jar%23193!/:5.0.0]
	at TRANSFORMER/elementals@5.0.0/dev.saperate.elementals.client.gui.UpgradeTreeScreen.drawTree(UpgradeTreeScreen.java:362) ~[elementals-neoforge-1.21.1-5.0.0.jar%23193!/:5.0.0]
	at TRANSFORMER/elementals@5.0.0/dev.saperate.elementals.client.gui.UpgradeTreeScreen.render(UpgradeTreeScreen.java:110) ~[elementals-neoforge-1.21.1-5.0.0.jar%23193!/:5.0.0]
	at TRANSFORMER/minecraft@1.21.1/net.minecraft.client.gui.screens.Screen.renderWithTooltip(Screen.java:112) ~[neoforge-21.1.235.jar%23189!/:?]
	at TRANSFORMER/neoforge@21.1.235/net.neoforged.neoforge.client.ClientHooks.drawScreenInternal(ClientHooks.java:429) ~[neoforge-21.1.235.jar%23190!/:?]
	at TRANSFORMER/neoforge@21.1.235/net.neoforged.neoforge.client.ClientHooks.drawScreen(ClientHooks.java:423) ~[neoforge-21.1.235.jar%23190!/:?]
	at TRANSFORMER/minecraft@1.21.1/net.minecraft.client.renderer.GameRenderer.render(GameRenderer.java:1098) ~[neoforge-21.1.235.jar%23189!/:?]
	at TRANSFORMER/minecraft@1.21.1/net.minecraft.client.Minecraft.runTick(Minecraft.java:1201) ~[neoforge-21.1.235.jar%23189!/:?]
	at TRANSFORMER/minecraft@1.21.1/net.minecraft.client.Minecraft.run(Minecraft.java:813) ~[neoforge-21.1.235.jar%23189!/:?]
	at TRANSFORMER/minecraft@1.21.1/net.minecraft.client.main.Main.main(Main.java:230) ~[neoforge-21.1.235.jar%23189!/:?]
	at java.base/jdk.internal.reflect.DirectMethodHandleAccessor.invoke(DirectMethodHandleAccessor.java:103) ~[?:?]
	at java.base/java.lang.reflect.Method.invoke(Method.java:580) ~[?:?]
	at MC-BOOTSTRAP/fml_loader@4.0.42/net.neoforged.fml.loading.targets.CommonLaunchHandler.runTarget(CommonLaunchHandler.java:136) ~[loader-4.0.42.jar%23146!/:4.0]
	at MC-BOOTSTRAP/fml_loader@4.0.42/net.neoforged.fml.loading.targets.CommonLaunchHandler.clientService(CommonLaunchHandler.java:124) ~[loader-4.0.42.jar%23146!/:4.0]
	at MC-BOOTSTRAP/fml_loader@4.0.42/net.neoforged.fml.loading.targets.NeoForgeClientDevLaunchHandler.runService(NeoForgeClientDevLaunchHandler.java:23) ~[loader-4.0.42.jar%23146!/:4.0]
	at MC-BOOTSTRAP/fml_loader@4.0.42/net.neoforged.fml.loading.targets.CommonLaunchHandler.lambda$launchService$4(CommonLaunchHandler.java:118) ~[loader-4.0.42.jar%23146!/:4.0]
	at MC-BOOTSTRAP/cpw.mods.modlauncher@11.0.5/cpw.mods.modlauncher.LaunchServiceHandlerDecorator.launch(LaunchServiceHandlerDecorator.java:30) [modlauncher-11.0.5.jar%23128!/:?]
	at MC-BOOTSTRAP/cpw.mods.modlauncher@11.0.5/cpw.mods.modlauncher.LaunchServiceHandler.launch(LaunchServiceHandler.java:53) [modlauncher-11.0.5.jar%23128!/:?]
	at MC-BOOTSTRAP/cpw.mods.modlauncher@11.0.5/cpw.mods.modlauncher.LaunchServiceHandler.launch(LaunchServiceHandler.java:71) [modlauncher-11.0.5.jar%23128!/:?]
	at MC-BOOTSTRAP/cpw.mods.modlauncher@11.0.5/cpw.mods.modlauncher.Launcher.run(Launcher.java:103) [modlauncher-11.0.5.jar%23128!/:?]
	at MC-BOOTSTRAP/cpw.mods.modlauncher@11.0.5/cpw.mods.modlauncher.Launcher.main(Launcher.java:74) [modlauncher-11.0.5.jar%23128!/:?]
	at MC-BOOTSTRAP/cpw.mods.modlauncher@11.0.5/cpw.mods.modlauncher.BootstrapLaunchConsumer.accept(BootstrapLaunchConsumer.java:26) [modlauncher-11.0.5.jar%23128!/:?]
	at MC-BOOTSTRAP/cpw.mods.modlauncher@11.0.5/cpw.mods.modlauncher.BootstrapLaunchConsumer.accept(BootstrapLaunchConsumer.java:23) [modlauncher-11.0.5.jar%23128!/:?]
	at cpw.mods.bootstraplauncher@2.0.2/cpw.mods.bootstraplauncher.BootstrapLauncher.run(BootstrapLauncher.java:210) [bootstraplauncher-2.0.2.jar:?]
	at cpw.mods.bootstraplauncher@2.0.2/cpw.mods.bootstraplauncher.BootstrapLauncher.main(BootstrapLauncher.java:69) [bootstraplauncher-2.0.2.jar:?]
	at java.base/jdk.internal.reflect.DirectMethodHandleAccessor.invoke(DirectMethodHandleAccessor.java:103) ~[?:?]
	at java.base/java.lang.reflect.Method.invoke(Method.java:580) ~[?:?]
	at net.neoforged.devlaunch.Main.main(Main.java:57) [DevLaunch-1.0.2.jar:?]
[08set.2026 23:20:54.227] [Render thread/WARN] [net.minecraft.client.renderer.texture.TextureManager/]: Failed to load texture: elementals:textures/gui/ice_mastery_icon.png
java.io.FileNotFoundException: elementals:textures/gui/ice_mastery_icon.png
	at TRANSFORMER/minecraft@1.21.1/net.minecraft.server.packs.resources.ResourceProvider.lambda$getResourceOrThrow$1(ResourceProvider.java:18) ~[neoforge-21.1.235.jar%23189!/:?]
	at java.base/java.util.Optional.orElseThrow(Optional.java:403) ~[?:?]
	at TRANSFORMER/minecraft@1.21.1/net.minecraft.server.packs.resources.ResourceProvider.getResourceOrThrow(ResourceProvider.java:18) ~[neoforge-21.1.235.jar%23189!/:?]
	at TRANSFORMER/minecraft@1.21.1/net.minecraft.client.renderer.texture.SimpleTexture$TextureImage.load(SimpleTexture.java:83) ~[neoforge-21.1.235.jar%23189!/:?]
	at TRANSFORMER/minecraft@1.21.1/net.minecraft.client.renderer.texture.SimpleTexture.getTextureImage(SimpleTexture.java:57) ~[neoforge-21.1.235.jar%23189!/:?]
	at TRANSFORMER/minecraft@1.21.1/net.minecraft.client.renderer.texture.SimpleTexture.load(SimpleTexture.java:30) ~[neoforge-21.1.235.jar%23189!/:?]
	at TRANSFORMER/minecraft@1.21.1/net.minecraft.client.renderer.texture.TextureManager.loadTexture(TextureManager.java:92) ~[neoforge-21.1.235.jar%23189!/:?]
	at TRANSFORMER/minecraft@1.21.1/net.minecraft.client.renderer.texture.TextureManager.register(TextureManager.java:63) ~[neoforge-21.1.235.jar%23189!/:?]
	at TRANSFORMER/minecraft@1.21.1/net.minecraft.client.renderer.texture.TextureManager.getTexture(TextureManager.java:113) ~[neoforge-21.1.235.jar%23189!/:?]
	at TRANSFORMER/minecraft@1.21.1/com.mojang.blaze3d.systems.RenderSystem._setShaderTexture(RenderSystem.java:725) ~[neoforge-21.1.235.jar%23189!/:?]
	at TRANSFORMER/minecraft@1.21.1/com.mojang.blaze3d.systems.RenderSystem.setShaderTexture(RenderSystem.java:718) ~[neoforge-21.1.235.jar%23189!/:?]
	at TRANSFORMER/elementals@5.0.0/dev.saperate.elementals.client.gui.UpgradeTreeScreen.drawTexture(UpgradeTreeScreen.java:473) ~[elementals-neoforge-1.21.1-5.0.0.jar%23193!/:5.0.0]
	at TRANSFORMER/elementals@5.0.0/dev.saperate.elementals.client.gui.UpgradeTreeScreen.drawUpgradeButton(UpgradeTreeScreen.java:279) ~[elementals-neoforge-1.21.1-5.0.0.jar%23193!/:5.0.0]
	at TRANSFORMER/elementals@5.0.0/dev.saperate.elementals.client.gui.UpgradeTreeScreen.drawTree(UpgradeTreeScreen.java:309) ~[elementals-neoforge-1.21.1-5.0.0.jar%23193!/:5.0.0]
	at TRANSFORMER/elementals@5.0.0/dev.saperate.elementals.client.gui.UpgradeTreeScreen.drawTree(UpgradeTreeScreen.java:362) ~[elementals-neoforge-1.21.1-5.0.0.jar%23193!/:5.0.0]
	at TRANSFORMER/elementals@5.0.0/dev.saperate.elementals.client.gui.UpgradeTreeScreen.render(UpgradeTreeScreen.java:110) ~[elementals-neoforge-1.21.1-5.0.0.jar%23193!/:5.0.0]
	at TRANSFORMER/minecraft@1.21.1/net.minecraft.client.gui.screens.Screen.renderWithTooltip(Screen.java:112) ~[neoforge-21.1.235.jar%23189!/:?]
	at TRANSFORMER/neoforge@21.1.235/net.neoforged.neoforge.client.ClientHooks.drawScreenInternal(ClientHooks.java:429) ~[neoforge-21.1.235.jar%23190!/:?]
	at TRANSFORMER/neoforge@21.1.235/net.neoforged.neoforge.client.ClientHooks.drawScreen(ClientHooks.java:423) ~[neoforge-21.1.235.jar%23190!/:?]
	at TRANSFORMER/minecraft@1.21.1/net.minecraft.client.renderer.GameRenderer.render(GameRenderer.java:1098) ~[neoforge-21.1.235.jar%23189!/:?]
	at TRANSFORMER/minecraft@1.21.1/net.minecraft.client.Minecraft.runTick(Minecraft.java:1201) ~[neoforge-21.1.235.jar%23189!/:?]
	at TRANSFORMER/minecraft@1.21.1/net.minecraft.client.Minecraft.run(Minecraft.java:813) ~[neoforge-21.1.235.jar%23189!/:?]
	at TRANSFORMER/minecraft@1.21.1/net.minecraft.client.main.Main.main(Main.java:230) ~[neoforge-21.1.235.jar%23189!/:?]
	at java.base/jdk.internal.reflect.DirectMethodHandleAccessor.invoke(DirectMethodHandleAccessor.java:103) ~[?:?]
	at java.base/java.lang.reflect.Method.invoke(Method.java:580) ~[?:?]
	at MC-BOOTSTRAP/fml_loader@4.0.42/net.neoforged.fml.loading.targets.CommonLaunchHandler.runTarget(CommonLaunchHandler.java:136) ~[loader-4.0.42.jar%23146!/:4.0]
	at MC-BOOTSTRAP/fml_loader@4.0.42/net.neoforged.fml.loading.targets.CommonLaunchHandler.clientService(CommonLaunchHandler.java:124) ~[loader-4.0.42.jar%23146!/:4.0]
	at MC-BOOTSTRAP/fml_loader@4.0.42/net.neoforged.fml.loading.targets.NeoForgeClientDevLaunchHandler.runService(NeoForgeClientDevLaunchHandler.java:23) ~[loader-4.0.42.jar%23146!/:4.0]
	at MC-BOOTSTRAP/fml_loader@4.0.42/net.neoforged.fml.loading.targets.CommonLaunchHandler.lambda$launchService$4(CommonLaunchHandler.java:118) ~[loader-4.0.42.jar%23146!/:4.0]
	at MC-BOOTSTRAP/cpw.mods.modlauncher@11.0.5/cpw.mods.modlauncher.LaunchServiceHandlerDecorator.launch(LaunchServiceHandlerDecorator.java:30) [modlauncher-11.0.5.jar%23128!/:?]
	at MC-BOOTSTRAP/cpw.mods.modlauncher@11.0.5/cpw.mods.modlauncher.LaunchServiceHandler.launch(LaunchServiceHandler.java:53) [modlauncher-11.0.5.jar%23128!/:?]
	at MC-BOOTSTRAP/cpw.mods.modlauncher@11.0.5/cpw.mods.modlauncher.LaunchServiceHandler.launch(LaunchServiceHandler.java:71) [modlauncher-11.0.5.jar%23128!/:?]
	at MC-BOOTSTRAP/cpw.mods.modlauncher@11.0.5/cpw.mods.modlauncher.Launcher.run(Launcher.java:103) [modlauncher-11.0.5.jar%23128!/:?]
	at MC-BOOTSTRAP/cpw.mods.modlauncher@11.0.5/cpw.mods.modlauncher.Launcher.main(Launcher.java:74) [modlauncher-11.0.5.jar%23128!/:?]
	at MC-BOOTSTRAP/cpw.mods.modlauncher@11.0.5/cpw.mods.modlauncher.BootstrapLaunchConsumer.accept(BootstrapLaunchConsumer.java:26) [modlauncher-11.0.5.jar%23128!/:?]
	at MC-BOOTSTRAP/cpw.mods.modlauncher@11.0.5/cpw.mods.modlauncher.BootstrapLaunchConsumer.accept(BootstrapLaunchConsumer.java:23) [modlauncher-11.0.5.jar%23128!/:?]
	at cpw.mods.bootstraplauncher@2.0.2/cpw.mods.bootstraplauncher.BootstrapLauncher.run(BootstrapLauncher.java:210) [bootstraplauncher-2.0.2.jar:?]
	at cpw.mods.bootstraplauncher@2.0.2/cpw.mods.bootstraplauncher.BootstrapLauncher.main(BootstrapLauncher.java:69) [bootstraplauncher-2.0.2.jar:?]
	at java.base/jdk.internal.reflect.DirectMethodHandleAccessor.invoke(DirectMethodHandleAccessor.java:103) ~[?:?]
	at java.base/java.lang.reflect.Method.invoke(Method.java:580) ~[?:?]
	at net.neoforged.devlaunch.Main.main(Main.java:57) [DevLaunch-1.0.2.jar:?]
[08set.2026 23:20:54.228] [Render thread/WARN] [net.minecraft.client.renderer.texture.TextureManager/]: Failed to load texture: elementals:textures/gui/ice_spike_icon.png
java.io.FileNotFoundException: elementals:textures/gui/ice_spike_icon.png
	at TRANSFORMER/minecraft@1.21.1/net.minecraft.server.packs.resources.ResourceProvider.lambda$getResourceOrThrow$1(ResourceProvider.java:18) ~[neoforge-21.1.235.jar%23189!/:?]
	at java.base/java.util.Optional.orElseThrow(Optional.java:403) ~[?:?]
	at TRANSFORMER/minecraft@1.21.1/net.minecraft.server.packs.resources.ResourceProvider.getResourceOrThrow(ResourceProvider.java:18) ~[neoforge-21.1.235.jar%23189!/:?]
	at TRANSFORMER/geckolib@4.8.4/software.bernie.geckolib.cache.texture.AnimatableTexture.load(AnimatableTexture.java:40) ~[geckolib-neoforge-1.21.1-4.8.4.jar%23195!/:4.8.4]
	at TRANSFORMER/minecraft@1.21.1/net.minecraft.client.renderer.texture.TextureManager.loadTexture(TextureManager.java:92) ~[neoforge-21.1.235.jar%23189!/:?]
	at TRANSFORMER/minecraft@1.21.1/net.minecraft.client.renderer.texture.TextureManager.register(TextureManager.java:63) ~[neoforge-21.1.235.jar%23189!/:?]
	at TRANSFORMER/minecraft@1.21.1/net.minecraft.client.renderer.texture.TextureManager.wrapOperation$zba000$geckolib$replaceAnimatableTexture(TextureManager.java:1031) ~[neoforge-21.1.235.jar%23189!/:?]
	at TRANSFORMER/minecraft@1.21.1/net.minecraft.client.renderer.texture.TextureManager.getTexture(TextureManager.java:112) ~[neoforge-21.1.235.jar%23189!/:?]
	at TRANSFORMER/minecraft@1.21.1/com.mojang.blaze3d.systems.RenderSystem._setShaderTexture(RenderSystem.java:725) ~[neoforge-21.1.235.jar%23189!/:?]
	at TRANSFORMER/minecraft@1.21.1/com.mojang.blaze3d.systems.RenderSystem.setShaderTexture(RenderSystem.java:718) ~[neoforge-21.1.235.jar%23189!/:?]
	at TRANSFORMER/elementals@5.0.0/dev.saperate.elementals.client.gui.UpgradeTreeScreen.drawTexture(UpgradeTreeScreen.java:473) ~[elementals-neoforge-1.21.1-5.0.0.jar%23193!/:5.0.0]
	at TRANSFORMER/elementals@5.0.0/dev.saperate.elementals.client.gui.UpgradeTreeScreen.drawUpgradeButton(UpgradeTreeScreen.java:279) ~[elementals-neoforge-1.21.1-5.0.0.jar%23193!/:5.0.0]
	at TRANSFORMER/elementals@5.0.0/dev.saperate.elementals.client.gui.UpgradeTreeScreen.drawTree(UpgradeTreeScreen.java:382) ~[elementals-neoforge-1.21.1-5.0.0.jar%23193!/:5.0.0]
	at TRANSFORMER/elementals@5.0.0/dev.saperate.elementals.client.gui.UpgradeTreeScreen.render(UpgradeTreeScreen.java:110) ~[elementals-neoforge-1.21.1-5.0.0.jar%23193!/:5.0.0]
	at TRANSFORMER/minecraft@1.21.1/net.minecraft.client.gui.screens.Screen.renderWithTooltip(Screen.java:112) ~[neoforge-21.1.235.jar%23189!/:?]
	at TRANSFORMER/neoforge@21.1.235/net.neoforged.neoforge.client.ClientHooks.drawScreenInternal(ClientHooks.java:429) ~[neoforge-21.1.235.jar%23190!/:?]
	at TRANSFORMER/neoforge@21.1.235/net.neoforged.neoforge.client.ClientHooks.drawScreen(ClientHooks.java:423) ~[neoforge-21.1.235.jar%23190!/:?]
	at TRANSFORMER/minecraft@1.21.1/net.minecraft.client.renderer.GameRenderer.render(GameRenderer.java:1098) ~[neoforge-21.1.235.jar%23189!/:?]
	at TRANSFORMER/minecraft@1.21.1/net.minecraft.client.Minecraft.runTick(Minecraft.java:1201) ~[neoforge-21.1.235.jar%23189!/:?]
	at TRANSFORMER/minecraft@1.21.1/net.minecraft.client.Minecraft.run(Minecraft.java:813) ~[neoforge-21.1.235.jar%23189!/:?]
	at TRANSFORMER/minecraft@1.21.1/net.minecraft.client.main.Main.main(Main.java:230) ~[neoforge-21.1.235.jar%23189!/:?]
	at java.base/jdk.internal.reflect.DirectMethodHandleAccessor.invoke(DirectMethodHandleAccessor.java:103) ~[?:?]
	at java.base/java.lang.reflect.Method.invoke(Method.java:580) ~[?:?]
	at MC-BOOTSTRAP/fml_loader@4.0.42/net.neoforged.fml.loading.targets.CommonLaunchHandler.runTarget(CommonLaunchHandler.java:136) ~[loader-4.0.42.jar%23146!/:4.0]
	at MC-BOOTSTRAP/fml_loader@4.0.42/net.neoforged.fml.loading.targets.CommonLaunchHandler.clientService(CommonLaunchHandler.java:124) ~[loader-4.0.42.jar%23146!/:4.0]
	at MC-BOOTSTRAP/fml_loader@4.0.42/net.neoforged.fml.loading.targets.NeoForgeClientDevLaunchHandler.runService(NeoForgeClientDevLaunchHandler.java:23) ~[loader-4.0.42.jar%23146!/:4.0]
	at MC-BOOTSTRAP/fml_loader@4.0.42/net.neoforged.fml.loading.targets.CommonLaunchHandler.lambda$launchService$4(CommonLaunchHandler.java:118) ~[loader-4.0.42.jar%23146!/:4.0]
	at MC-BOOTSTRAP/cpw.mods.modlauncher@11.0.5/cpw.mods.modlauncher.LaunchServiceHandlerDecorator.launch(LaunchServiceHandlerDecorator.java:30) [modlauncher-11.0.5.jar%23128!/:?]
	at MC-BOOTSTRAP/cpw.mods.modlauncher@11.0.5/cpw.mods.modlauncher.LaunchServiceHandler.launch(LaunchServiceHandler.java:53) [modlauncher-11.0.5.jar%23128!/:?]
	at MC-BOOTSTRAP/cpw.mods.modlauncher@11.0.5/cpw.mods.modlauncher.LaunchServiceHandler.launch(LaunchServiceHandler.java:71) [modlauncher-11.0.5.jar%23128!/:?]
	at MC-BOOTSTRAP/cpw.mods.modlauncher@11.0.5/cpw.mods.modlauncher.Launcher.run(Launcher.java:103) [modlauncher-11.0.5.jar%23128!/:?]
	at MC-BOOTSTRAP/cpw.mods.modlauncher@11.0.5/cpw.mods.modlauncher.Launcher.main(Launcher.java:74) [modlauncher-11.0.5.jar%23128!/:?]
	at MC-BOOTSTRAP/cpw.mods.modlauncher@11.0.5/cpw.mods.modlauncher.BootstrapLaunchConsumer.accept(BootstrapLaunchConsumer.java:26) [modlauncher-11.0.5.jar%23128!/:?]
	at MC-BOOTSTRAP/cpw.mods.modlauncher@11.0.5/cpw.mods.modlauncher.BootstrapLaunchConsumer.accept(BootstrapLaunchConsumer.java:23) [modlauncher-11.0.5.jar%23128!/:?]
	at cpw.mods.bootstraplauncher@2.0.2/cpw.mods.bootstraplauncher.BootstrapLauncher.run(BootstrapLauncher.java:210) [bootstraplauncher-2.0.2.jar:?]
	at cpw.mods.bootstraplauncher@2.0.2/cpw.mods.bootstraplauncher.BootstrapLauncher.main(BootstrapLauncher.java:69) [bootstraplauncher-2.0.2.jar:?]
	at java.base/jdk.internal.reflect.DirectMethodHandleAccessor.invoke(DirectMethodHandleAccessor.java:103) ~[?:?]
	at java.base/java.lang.reflect.Method.invoke(Method.java:580) ~[?:?]
	at net.neoforged.devlaunch.Main.main(Main.java:57) [DevLaunch-1.0.2.jar:?]
[08set.2026 23:20:54.229] [Render thread/WARN] [net.minecraft.client.renderer.texture.TextureManager/]: Failed to load texture: elementals:textures/gui/ice_spike_icon.png
java.io.FileNotFoundException: elementals:textures/gui/ice_spike_icon.png
	at TRANSFORMER/minecraft@1.21.1/net.minecraft.server.packs.resources.ResourceProvider.lambda$getResourceOrThrow$1(ResourceProvider.java:18) ~[neoforge-21.1.235.jar%23189!/:?]
	at java.base/java.util.Optional.orElseThrow(Optional.java:403) ~[?:?]
	at TRANSFORMER/minecraft@1.21.1/net.minecraft.server.packs.resources.ResourceProvider.getResourceOrThrow(ResourceProvider.java:18) ~[neoforge-21.1.235.jar%23189!/:?]
	at TRANSFORMER/minecraft@1.21.1/net.minecraft.client.renderer.texture.SimpleTexture$TextureImage.load(SimpleTexture.java:83) ~[neoforge-21.1.235.jar%23189!/:?]
	at TRANSFORMER/minecraft@1.21.1/net.minecraft.client.renderer.texture.SimpleTexture.getTextureImage(SimpleTexture.java:57) ~[neoforge-21.1.235.jar%23189!/:?]
	at TRANSFORMER/minecraft@1.21.1/net.minecraft.client.renderer.texture.SimpleTexture.load(SimpleTexture.java:30) ~[neoforge-21.1.235.jar%23189!/:?]
	at TRANSFORMER/minecraft@1.21.1/net.minecraft.client.renderer.texture.TextureManager.loadTexture(TextureManager.java:92) ~[neoforge-21.1.235.jar%23189!/:?]
	at TRANSFORMER/minecraft@1.21.1/net.minecraft.client.renderer.texture.TextureManager.register(TextureManager.java:63) ~[neoforge-21.1.235.jar%23189!/:?]
	at TRANSFORMER/minecraft@1.21.1/net.minecraft.client.renderer.texture.TextureManager.getTexture(TextureManager.java:113) ~[neoforge-21.1.235.jar%23189!/:?]
	at TRANSFORMER/minecraft@1.21.1/com.mojang.blaze3d.systems.RenderSystem._setShaderTexture(RenderSystem.java:725) ~[neoforge-21.1.235.jar%23189!/:?]
	at TRANSFORMER/minecraft@1.21.1/com.mojang.blaze3d.systems.RenderSystem.setShaderTexture(RenderSystem.java:718) ~[neoforge-21.1.235.jar%23189!/:?]
	at TRANSFORMER/elementals@5.0.0/dev.saperate.elementals.client.gui.UpgradeTreeScreen.drawTexture(UpgradeTreeScreen.java:473) ~[elementals-neoforge-1.21.1-5.0.0.jar%23193!/:5.0.0]
	at TRANSFORMER/elementals@5.0.0/dev.saperate.elementals.client.gui.UpgradeTreeScreen.drawUpgradeButton(UpgradeTreeScreen.java:279) ~[elementals-neoforge-1.21.1-5.0.0.jar%23193!/:5.0.0]
	at TRANSFORMER/elementals@5.0.0/dev.saperate.elementals.client.gui.UpgradeTreeScreen.drawTree(UpgradeTreeScreen.java:382) ~[elementals-neoforge-1.21.1-5.0.0.jar%23193!/:5.0.0]
	at TRANSFORMER/elementals@5.0.0/dev.saperate.elementals.client.gui.UpgradeTreeScreen.render(UpgradeTreeScreen.java:110) ~[elementals-neoforge-1.21.1-5.0.0.jar%23193!/:5.0.0]
	at TRANSFORMER/minecraft@1.21.1/net.minecraft.client.gui.screens.Screen.renderWithTooltip(Screen.java:112) ~[neoforge-21.1.235.jar%23189!/:?]
	at TRANSFORMER/neoforge@21.1.235/net.neoforged.neoforge.client.ClientHooks.drawScreenInternal(ClientHooks.java:429) ~[neoforge-21.1.235.jar%23190!/:?]
	at TRANSFORMER/neoforge@21.1.235/net.neoforged.neoforge.client.ClientHooks.drawScreen(ClientHooks.java:423) ~[neoforge-21.1.235.jar%23190!/:?]
	at TRANSFORMER/minecraft@1.21.1/net.minecraft.client.renderer.GameRenderer.render(GameRenderer.java:1098) ~[neoforge-21.1.235.jar%23189!/:?]
	at TRANSFORMER/minecraft@1.21.1/net.minecraft.client.Minecraft.runTick(Minecraft.java:1201) ~[neoforge-21.1.235.jar%23189!/:?]
	at TRANSFORMER/minecraft@1.21.1/net.minecraft.client.Minecraft.run(Minecraft.java:813) ~[neoforge-21.1.235.jar%23189!/:?]
	at TRANSFORMER/minecraft@1.21.1/net.minecraft.client.main.Main.main(Main.java:230) ~[neoforge-21.1.235.jar%23189!/:?]
	at java.base/jdk.internal.reflect.DirectMethodHandleAccessor.invoke(DirectMethodHandleAccessor.java:103) ~[?:?]
	at java.base/java.lang.reflect.Method.invoke(Method.java:580) ~[?:?]
	at MC-BOOTSTRAP/fml_loader@4.0.42/net.neoforged.fml.loading.targets.CommonLaunchHandler.runTarget(CommonLaunchHandler.java:136) ~[loader-4.0.42.jar%23146!/:4.0]
	at MC-BOOTSTRAP/fml_loader@4.0.42/net.neoforged.fml.loading.targets.CommonLaunchHandler.clientService(CommonLaunchHandler.java:124) ~[loader-4.0.42.jar%23146!/:4.0]
	at MC-BOOTSTRAP/fml_loader@4.0.42/net.neoforged.fml.loading.targets.NeoForgeClientDevLaunchHandler.runService(NeoForgeClientDevLaunchHandler.java:23) ~[loader-4.0.42.jar%23146!/:4.0]
	at MC-BOOTSTRAP/fml_loader@4.0.42/net.neoforged.fml.loading.targets.CommonLaunchHandler.lambda$launchService$4(CommonLaunchHandler.java:118) ~[loader-4.0.42.jar%23146!/:4.0]
	at MC-BOOTSTRAP/cpw.mods.modlauncher@11.0.5/cpw.mods.modlauncher.LaunchServiceHandlerDecorator.launch(LaunchServiceHandlerDecorator.java:30) [modlauncher-11.0.5.jar%23128!/:?]
	at MC-BOOTSTRAP/cpw.mods.modlauncher@11.0.5/cpw.mods.modlauncher.LaunchServiceHandler.launch(LaunchServiceHandler.java:53) [modlauncher-11.0.5.jar%23128!/:?]
	at MC-BOOTSTRAP/cpw.mods.modlauncher@11.0.5/cpw.mods.modlauncher.LaunchServiceHandler.launch(LaunchServiceHandler.java:71) [modlauncher-11.0.5.jar%23128!/:?]
	at MC-BOOTSTRAP/cpw.mods.modlauncher@11.0.5/cpw.mods.modlauncher.Launcher.run(Launcher.java:103) [modlauncher-11.0.5.jar%23128!/:?]
	at MC-BOOTSTRAP/cpw.mods.modlauncher@11.0.5/cpw.mods.modlauncher.Launcher.main(Launcher.java:74) [modlauncher-11.0.5.jar%23128!/:?]
	at MC-BOOTSTRAP/cpw.mods.modlauncher@11.0.5/cpw.mods.modlauncher.BootstrapLaunchConsumer.accept(BootstrapLaunchConsumer.java:26) [modlauncher-11.0.5.jar%23128!/:?]
	at MC-BOOTSTRAP/cpw.mods.modlauncher@11.0.5/cpw.mods.modlauncher.BootstrapLaunchConsumer.accept(BootstrapLaunchConsumer.java:23) [modlauncher-11.0.5.jar%23128!/:?]
	at cpw.mods.bootstraplauncher@2.0.2/cpw.mods.bootstraplauncher.BootstrapLauncher.run(BootstrapLauncher.java:210) [bootstraplauncher-2.0.2.jar:?]
	at cpw.mods.bootstraplauncher@2.0.2/cpw.mods.bootstraplauncher.BootstrapLauncher.main(BootstrapLauncher.java:69) [bootstraplauncher-2.0.2.jar:?]
	at java.base/jdk.internal.reflect.DirectMethodHandleAccessor.invoke(DirectMethodHandleAccessor.java:103) ~[?:?]
	at java.base/java.lang.reflect.Method.invoke(Method.java:580) ~[?:?]
	at net.neoforged.devlaunch.Main.main(Main.java:57) [DevLaunch-1.0.2.jar:?]
[08set.2026 23:20:54.230] [Render thread/WARN] [net.minecraft.client.renderer.texture.TextureManager/]: Failed to load texture: elementals:textures/gui/ice_form_icon.png
java.io.FileNotFoundException: elementals:textures/gui/ice_form_icon.png
	at TRANSFORMER/minecraft@1.21.1/net.minecraft.server.packs.resources.ResourceProvider.lambda$getResourceOrThrow$1(ResourceProvider.java:18) ~[neoforge-21.1.235.jar%23189!/:?]
	at java.base/java.util.Optional.orElseThrow(Optional.java:403) ~[?:?]
	at TRANSFORMER/minecraft@1.21.1/net.minecraft.server.packs.resources.ResourceProvider.getResourceOrThrow(ResourceProvider.java:18) ~[neoforge-21.1.235.jar%23189!/:?]
	at TRANSFORMER/geckolib@4.8.4/software.bernie.geckolib.cache.texture.AnimatableTexture.load(AnimatableTexture.java:40) ~[geckolib-neoforge-1.21.1-4.8.4.jar%23195!/:4.8.4]
	at TRANSFORMER/minecraft@1.21.1/net.minecraft.client.renderer.texture.TextureManager.loadTexture(TextureManager.java:92) ~[neoforge-21.1.235.jar%23189!/:?]
	at TRANSFORMER/minecraft@1.21.1/net.minecraft.client.renderer.texture.TextureManager.register(TextureManager.java:63) ~[neoforge-21.1.235.jar%23189!/:?]
	at TRANSFORMER/minecraft@1.21.1/net.minecraft.client.renderer.texture.TextureManager.wrapOperation$zba000$geckolib$replaceAnimatableTexture(TextureManager.java:1031) ~[neoforge-21.1.235.jar%23189!/:?]
	at TRANSFORMER/minecraft@1.21.1/net.minecraft.client.renderer.texture.TextureManager.getTexture(TextureManager.java:112) ~[neoforge-21.1.235.jar%23189!/:?]
	at TRANSFORMER/minecraft@1.21.1/com.mojang.blaze3d.systems.RenderSystem._setShaderTexture(RenderSystem.java:725) ~[neoforge-21.1.235.jar%23189!/:?]
	at TRANSFORMER/minecraft@1.21.1/com.mojang.blaze3d.systems.RenderSystem.setShaderTexture(RenderSystem.java:718) ~[neoforge-21.1.235.jar%23189!/:?]
	at TRANSFORMER/elementals@5.0.0/dev.saperate.elementals.client.gui.UpgradeTreeScreen.drawTexture(UpgradeTreeScreen.java:473) ~[elementals-neoforge-1.21.1-5.0.0.jar%23193!/:5.0.0]
	at TRANSFORMER/elementals@5.0.0/dev.saperate.elementals.client.gui.UpgradeTreeScreen.drawUpgradeButton(UpgradeTreeScreen.java:279) ~[elementals-neoforge-1.21.1-5.0.0.jar%23193!/:5.0.0]
	at TRANSFORMER/elementals@5.0.0/dev.saperate.elementals.client.gui.UpgradeTreeScreen.drawMirroredTree(UpgradeTreeScreen.java:389) ~[elementals-neoforge-1.21.1-5.0.0.jar%23193!/:5.0.0]
	at TRANSFORMER/elementals@5.0.0/dev.saperate.elementals.client.gui.UpgradeTreeScreen.drawMirroredTree(UpgradeTreeScreen.java:446) ~[elementals-neoforge-1.21.1-5.0.0.jar%23193!/:5.0.0]
	at TRANSFORMER/elementals@5.0.0/dev.saperate.elementals.client.gui.UpgradeTreeScreen.render(UpgradeTreeScreen.java:125) ~[elementals-neoforge-1.21.1-5.0.0.jar%23193!/:5.0.0]
	at TRANSFORMER/minecraft@1.21.1/net.minecraft.client.gui.screens.Screen.renderWithTooltip(Screen.java:112) ~[neoforge-21.1.235.jar%23189!/:?]
	at TRANSFORMER/neoforge@21.1.235/net.neoforged.neoforge.client.ClientHooks.drawScreenInternal(ClientHooks.java:429) ~[neoforge-21.1.235.jar%23190!/:?]
	at TRANSFORMER/neoforge@21.1.235/net.neoforged.neoforge.client.ClientHooks.drawScreen(ClientHooks.java:423) ~[neoforge-21.1.235.jar%23190!/:?]
	at TRANSFORMER/minecraft@1.21.1/net.minecraft.client.renderer.GameRenderer.render(GameRenderer.java:1098) ~[neoforge-21.1.235.jar%23189!/:?]
	at TRANSFORMER/minecraft@1.21.1/net.minecraft.client.Minecraft.runTick(Minecraft.java:1201) ~[neoforge-21.1.235.jar%23189!/:?]
	at TRANSFORMER/minecraft@1.21.1/net.minecraft.client.Minecraft.run(Minecraft.java:813) ~[neoforge-21.1.235.jar%23189!/:?]
	at TRANSFORMER/minecraft@1.21.1/net.minecraft.client.main.Main.main(Main.java:230) ~[neoforge-21.1.235.jar%23189!/:?]
	at java.base/jdk.internal.reflect.DirectMethodHandleAccessor.invoke(DirectMethodHandleAccessor.java:103) ~[?:?]
	at java.base/java.lang.reflect.Method.invoke(Method.java:580) ~[?:?]
	at MC-BOOTSTRAP/fml_loader@4.0.42/net.neoforged.fml.loading.targets.CommonLaunchHandler.runTarget(CommonLaunchHandler.java:136) ~[loader-4.0.42.jar%23146!/:4.0]
	at MC-BOOTSTRAP/fml_loader@4.0.42/net.neoforged.fml.loading.targets.CommonLaunchHandler.clientService(CommonLaunchHandler.java:124) ~[loader-4.0.42.jar%23146!/:4.0]
	at MC-BOOTSTRAP/fml_loader@4.0.42/net.neoforged.fml.loading.targets.NeoForgeClientDevLaunchHandler.runService(NeoForgeClientDevLaunchHandler.java:23) ~[loader-4.0.42.jar%23146!/:4.0]
	at MC-BOOTSTRAP/fml_loader@4.0.42/net.neoforged.fml.loading.targets.CommonLaunchHandler.lambda$launchService$4(CommonLaunchHandler.java:118) ~[loader-4.0.42.jar%23146!/:4.0]
	at MC-BOOTSTRAP/cpw.mods.modlauncher@11.0.5/cpw.mods.modlauncher.LaunchServiceHandlerDecorator.launch(LaunchServiceHandlerDecorator.java:30) [modlauncher-11.0.5.jar%23128!/:?]
	at MC-BOOTSTRAP/cpw.mods.modlauncher@11.0.5/cpw.mods.modlauncher.LaunchServiceHandler.launch(LaunchServiceHandler.java:53) [modlauncher-11.0.5.jar%23128!/:?]
	at MC-BOOTSTRAP/cpw.mods.modlauncher@11.0.5/cpw.mods.modlauncher.LaunchServiceHandler.launch(LaunchServiceHandler.java:71) [modlauncher-11.0.5.jar%23128!/:?]
	at MC-BOOTSTRAP/cpw.mods.modlauncher@11.0.5/cpw.mods.modlauncher.Launcher.run(Launcher.java:103) [modlauncher-11.0.5.jar%23128!/:?]
	at MC-BOOTSTRAP/cpw.mods.modlauncher@11.0.5/cpw.mods.modlauncher.Launcher.main(Launcher.java:74) [modlauncher-11.0.5.jar%23128!/:?]
	at MC-BOOTSTRAP/cpw.mods.modlauncher@11.0.5/cpw.mods.modlauncher.BootstrapLaunchConsumer.accept(BootstrapLaunchConsumer.java:26) [modlauncher-11.0.5.jar%23128!/:?]
	at MC-BOOTSTRAP/cpw.mods.modlauncher@11.0.5/cpw.mods.modlauncher.BootstrapLaunchConsumer.accept(BootstrapLaunchConsumer.java:23) [modlauncher-11.0.5.jar%23128!/:?]
	at cpw.mods.bootstraplauncher@2.0.2/cpw.mods.bootstraplauncher.BootstrapLauncher.run(BootstrapLauncher.java:210) [bootstraplauncher-2.0.2.jar:?]
	at cpw.mods.bootstraplauncher@2.0.2/cpw.mods.bootstraplauncher.BootstrapLauncher.main(BootstrapLauncher.java:69) [bootstraplauncher-2.0.2.jar:?]
	at java.base/jdk.internal.reflect.DirectMethodHandleAccessor.invoke(DirectMethodHandleAccessor.java:103) ~[?:?]
	at java.base/java.lang.reflect.Method.invoke(Method.java:580) ~[?:?]
	at net.neoforged.devlaunch.Main.main(Main.java:57) [DevLaunch-1.0.2.jar:?]
[08set.2026 23:20:54.230] [Render thread/WARN] [net.minecraft.client.renderer.texture.TextureManager/]: Failed to load texture: elementals:textures/gui/ice_form_icon.png
java.io.FileNotFoundException: elementals:textures/gui/ice_form_icon.png
	at TRANSFORMER/minecraft@1.21.1/net.minecraft.server.packs.resources.ResourceProvider.lambda$getResourceOrThrow$1(ResourceProvider.java:18) ~[neoforge-21.1.235.jar%23189!/:?]
	at java.base/java.util.Optional.orElseThrow(Optional.java:403) ~[?:?]
	at TRANSFORMER/minecraft@1.21.1/net.minecraft.server.packs.resources.ResourceProvider.getResourceOrThrow(ResourceProvider.java:18) ~[neoforge-21.1.235.jar%23189!/:?]
	at TRANSFORMER/minecraft@1.21.1/net.minecraft.client.renderer.texture.SimpleTexture$TextureImage.load(SimpleTexture.java:83) ~[neoforge-21.1.235.jar%23189!/:?]
	at TRANSFORMER/minecraft@1.21.1/net.minecraft.client.renderer.texture.SimpleTexture.getTextureImage(SimpleTexture.java:57) ~[neoforge-21.1.235.jar%23189!/:?]
	at TRANSFORMER/minecraft@1.21.1/net.minecraft.client.renderer.texture.SimpleTexture.load(SimpleTexture.java:30) ~[neoforge-21.1.235.jar%23189!/:?]
	at TRANSFORMER/minecraft@1.21.1/net.minecraft.client.renderer.texture.TextureManager.loadTexture(TextureManager.java:92) ~[neoforge-21.1.235.jar%23189!/:?]
	at TRANSFORMER/minecraft@1.21.1/net.minecraft.client.renderer.texture.TextureManager.register(TextureManager.java:63) ~[neoforge-21.1.235.jar%23189!/:?]
	at TRANSFORMER/minecraft@1.21.1/net.minecraft.client.renderer.texture.TextureManager.getTexture(TextureManager.java:113) ~[neoforge-21.1.235.jar%23189!/:?]
	at TRANSFORMER/minecraft@1.21.1/com.mojang.blaze3d.systems.RenderSystem._setShaderTexture(RenderSystem.java:725) ~[neoforge-21.1.235.jar%23189!/:?]
	at TRANSFORMER/minecraft@1.21.1/com.mojang.blaze3d.systems.RenderSystem.setShaderTexture(RenderSystem.java:718) ~[neoforge-21.1.235.jar%23189!/:?]
	at TRANSFORMER/elementals@5.0.0/dev.saperate.elementals.client.gui.UpgradeTreeScreen.drawTexture(UpgradeTreeScreen.java:473) ~[elementals-neoforge-1.21.1-5.0.0.jar%23193!/:5.0.0]
	at TRANSFORMER/elementals@5.0.0/dev.saperate.elementals.client.gui.UpgradeTreeScreen.drawUpgradeButton(UpgradeTreeScreen.java:279) ~[elementals-neoforge-1.21.1-5.0.0.jar%23193!/:5.0.0]
	at TRANSFORMER/elementals@5.0.0/dev.saperate.elementals.client.gui.UpgradeTreeScreen.drawMirroredTree(UpgradeTreeScreen.java:389) ~[elementals-neoforge-1.21.1-5.0.0.jar%23193!/:5.0.0]
	at TRANSFORMER/elementals@5.0.0/dev.saperate.elementals.client.gui.UpgradeTreeScreen.drawMirroredTree(UpgradeTreeScreen.java:446) ~[elementals-neoforge-1.21.1-5.0.0.jar%23193!/:5.0.0]
	at TRANSFORMER/elementals@5.0.0/dev.saperate.elementals.client.gui.UpgradeTreeScreen.render(UpgradeTreeScreen.java:125) ~[elementals-neoforge-1.21.1-5.0.0.jar%23193!/:5.0.0]
	at TRANSFORMER/minecraft@1.21.1/net.minecraft.client.gui.screens.Screen.renderWithTooltip(Screen.java:112) ~[neoforge-21.1.235.jar%23189!/:?]
	at TRANSFORMER/neoforge@21.1.235/net.neoforged.neoforge.client.ClientHooks.drawScreenInternal(ClientHooks.java:429) ~[neoforge-21.1.235.jar%23190!/:?]
	at TRANSFORMER/neoforge@21.1.235/net.neoforged.neoforge.client.ClientHooks.drawScreen(ClientHooks.java:423) ~[neoforge-21.1.235.jar%23190!/:?]
	at TRANSFORMER/minecraft@1.21.1/net.minecraft.client.renderer.GameRenderer.render(GameRenderer.java:1098) ~[neoforge-21.1.235.jar%23189!/:?]
	at TRANSFORMER/minecraft@1.21.1/net.minecraft.client.Minecraft.runTick(Minecraft.java:1201) ~[neoforge-21.1.235.jar%23189!/:?]
	at TRANSFORMER/minecraft@1.21.1/net.minecraft.client.Minecraft.run(Minecraft.java:813) ~[neoforge-21.1.235.jar%23189!/:?]
	at TRANSFORMER/minecraft@1.21.1/net.minecraft.client.main.Main.main(Main.java:230) ~[neoforge-21.1.235.jar%23189!/:?]
	at java.base/jdk.internal.reflect.DirectMethodHandleAccessor.invoke(DirectMethodHandleAccessor.java:103) ~[?:?]
	at java.base/java.lang.reflect.Method.invoke(Method.java:580) ~[?:?]
	at MC-BOOTSTRAP/fml_loader@4.0.42/net.neoforged.fml.loading.targets.CommonLaunchHandler.runTarget(CommonLaunchHandler.java:136) ~[loader-4.0.42.jar%23146!/:4.0]
	at MC-BOOTSTRAP/fml_loader@4.0.42/net.neoforged.fml.loading.targets.CommonLaunchHandler.clientService(CommonLaunchHandler.java:124) ~[loader-4.0.42.jar%23146!/:4.0]
	at MC-BOOTSTRAP/fml_loader@4.0.42/net.neoforged.fml.loading.targets.NeoForgeClientDevLaunchHandler.runService(NeoForgeClientDevLaunchHandler.java:23) ~[loader-4.0.42.jar%23146!/:4.0]
	at MC-BOOTSTRAP/fml_loader@4.0.42/net.neoforged.fml.loading.targets.CommonLaunchHandler.lambda$launchService$4(CommonLaunchHandler.java:118) ~[loader-4.0.42.jar%23146!/:4.0]
	at MC-BOOTSTRAP/cpw.mods.modlauncher@11.0.5/cpw.mods.modlauncher.LaunchServiceHandlerDecorator.launch(LaunchServiceHandlerDecorator.java:30) [modlauncher-11.0.5.jar%23128!/:?]
	at MC-BOOTSTRAP/cpw.mods.modlauncher@11.0.5/cpw.mods.modlauncher.LaunchServiceHandler.launch(LaunchServiceHandler.java:53) [modlauncher-11.0.5.jar%23128!/:?]
	at MC-BOOTSTRAP/cpw.mods.modlauncher@11.0.5/cpw.mods.modlauncher.LaunchServiceHandler.launch(LaunchServiceHandler.java:71) [modlauncher-11.0.5.jar%23128!/:?]
	at MC-BOOTSTRAP/cpw.mods.modlauncher@11.0.5/cpw.mods.modlauncher.Launcher.run(Launcher.java:103) [modlauncher-11.0.5.jar%23128!/:?]
	at MC-BOOTSTRAP/cpw.mods.modlauncher@11.0.5/cpw.mods.modlauncher.Launcher.main(Launcher.java:74) [modlauncher-11.0.5.jar%23128!/:?]
	at MC-BOOTSTRAP/cpw.mods.modlauncher@11.0.5/cpw.mods.modlauncher.BootstrapLaunchConsumer.accept(BootstrapLaunchConsumer.java:26) [modlauncher-11.0.5.jar%23128!/:?]
	at MC-BOOTSTRAP/cpw.mods.modlauncher@11.0.5/cpw.mods.modlauncher.BootstrapLaunchConsumer.accept(BootstrapLaunchConsumer.java:23) [modlauncher-11.0.5.jar%23128!/:?]
	at cpw.mods.bootstraplauncher@2.0.2/cpw.mods.bootstraplauncher.BootstrapLauncher.run(BootstrapLauncher.java:210) [bootstraplauncher-2.0.2.jar:?]
	at cpw.mods.bootstraplauncher@2.0.2/cpw.mods.bootstraplauncher.BootstrapLauncher.main(BootstrapLauncher.java:69) [bootstraplauncher-2.0.2.jar:?]
	at java.base/jdk.internal.reflect.DirectMethodHandleAccessor.invoke(DirectMethodHandleAccessor.java:103) ~[?:?]
	at java.base/java.lang.reflect.Method.invoke(Method.java:580) ~[?:?]
	at net.neoforged.devlaunch.Main.main(Main.java:57) [DevLaunch-1.0.2.jar:?]
[08set.2026 23:20:54.231] [Render thread/WARN] [net.minecraft.client.renderer.texture.TextureManager/]: Failed to load texture: elementals:textures/gui/ice_shard_icon.png
java.io.FileNotFoundException: elementals:textures/gui/ice_shard_icon.png
	at TRANSFORMER/minecraft@1.21.1/net.minecraft.server.packs.resources.ResourceProvider.lambda$getResourceOrThrow$1(ResourceProvider.java:18) ~[neoforge-21.1.235.jar%23189!/:?]
	at java.base/java.util.Optional.orElseThrow(Optional.java:403) ~[?:?]
	at TRANSFORMER/minecraft@1.21.1/net.minecraft.server.packs.resources.ResourceProvider.getResourceOrThrow(ResourceProvider.java:18) ~[neoforge-21.1.235.jar%23189!/:?]
	at TRANSFORMER/geckolib@4.8.4/software.bernie.geckolib.cache.texture.AnimatableTexture.load(AnimatableTexture.java:40) ~[geckolib-neoforge-1.21.1-4.8.4.jar%23195!/:4.8.4]
	at TRANSFORMER/minecraft@1.21.1/net.minecraft.client.renderer.texture.TextureManager.loadTexture(TextureManager.java:92) ~[neoforge-21.1.235.jar%23189!/:?]
	at TRANSFORMER/minecraft@1.21.1/net.minecraft.client.renderer.texture.TextureManager.register(TextureManager.java:63) ~[neoforge-21.1.235.jar%23189!/:?]
	at TRANSFORMER/minecraft@1.21.1/net.minecraft.client.renderer.texture.TextureManager.wrapOperation$zba000$geckolib$replaceAnimatableTexture(TextureManager.java:1031) ~[neoforge-21.1.235.jar%23189!/:?]
	at TRANSFORMER/minecraft@1.21.1/net.minecraft.client.renderer.texture.TextureManager.getTexture(TextureManager.java:112) ~[neoforge-21.1.235.jar%23189!/:?]
	at TRANSFORMER/minecraft@1.21.1/com.mojang.blaze3d.systems.RenderSystem._setShaderTexture(RenderSystem.java:725) ~[neoforge-21.1.235.jar%23189!/:?]
	at TRANSFORMER/minecraft@1.21.1/com.mojang.blaze3d.systems.RenderSystem.setShaderTexture(RenderSystem.java:718) ~[neoforge-21.1.235.jar%23189!/:?]
	at TRANSFORMER/elementals@5.0.0/dev.saperate.elementals.client.gui.UpgradeTreeScreen.drawTexture(UpgradeTreeScreen.java:473) ~[elementals-neoforge-1.21.1-5.0.0.jar%23193!/:5.0.0]
	at TRANSFORMER/elementals@5.0.0/dev.saperate.elementals.client.gui.UpgradeTreeScreen.drawUpgradeButton(UpgradeTreeScreen.java:279) ~[elementals-neoforge-1.21.1-5.0.0.jar%23193!/:5.0.0]
	at TRANSFORMER/elementals@5.0.0/dev.saperate.elementals.client.gui.UpgradeTreeScreen.drawMirroredTree(UpgradeTreeScreen.java:466) ~[elementals-neoforge-1.21.1-5.0.0.jar%23193!/:5.0.0]
	at TRANSFORMER/elementals@5.0.0/dev.saperate.elementals.client.gui.UpgradeTreeScreen.render(UpgradeTreeScreen.java:125) ~[elementals-neoforge-1.21.1-5.0.0.jar%23193!/:5.0.0]
	at TRANSFORMER/minecraft@1.21.1/net.minecraft.client.gui.screens.Screen.renderWithTooltip(Screen.java:112) ~[neoforge-21.1.235.jar%23189!/:?]
	at TRANSFORMER/neoforge@21.1.235/net.neoforged.neoforge.client.ClientHooks.drawScreenInternal(ClientHooks.java:429) ~[neoforge-21.1.235.jar%23190!/:?]
	at TRANSFORMER/neoforge@21.1.235/net.neoforged.neoforge.client.ClientHooks.drawScreen(ClientHooks.java:423) ~[neoforge-21.1.235.jar%23190!/:?]
	at TRANSFORMER/minecraft@1.21.1/net.minecraft.client.renderer.GameRenderer.render(GameRenderer.java:1098) ~[neoforge-21.1.235.jar%23189!/:?]
	at TRANSFORMER/minecraft@1.21.1/net.minecraft.client.Minecraft.runTick(Minecraft.java:1201) ~[neoforge-21.1.235.jar%23189!/:?]
	at TRANSFORMER/minecraft@1.21.1/net.minecraft.client.Minecraft.run(Minecraft.java:813) ~[neoforge-21.1.235.jar%23189!/:?]
	at TRANSFORMER/minecraft@1.21.1/net.minecraft.client.main.Main.main(Main.java:230) ~[neoforge-21.1.235.jar%23189!/:?]
	at java.base/jdk.internal.reflect.DirectMethodHandleAccessor.invoke(DirectMethodHandleAccessor.java:103) ~[?:?]
	at java.base/java.lang.reflect.Method.invoke(Method.java:580) ~[?:?]
	at MC-BOOTSTRAP/fml_loader@4.0.42/net.neoforged.fml.loading.targets.CommonLaunchHandler.runTarget(CommonLaunchHandler.java:136) ~[loader-4.0.42.jar%23146!/:4.0]
	at MC-BOOTSTRAP/fml_loader@4.0.42/net.neoforged.fml.loading.targets.CommonLaunchHandler.clientService(CommonLaunchHandler.java:124) ~[loader-4.0.42.jar%23146!/:4.0]
	at MC-BOOTSTRAP/fml_loader@4.0.42/net.neoforged.fml.loading.targets.NeoForgeClientDevLaunchHandler.runService(NeoForgeClientDevLaunchHandler.java:23) ~[loader-4.0.42.jar%23146!/:4.0]
	at MC-BOOTSTRAP/fml_loader@4.0.42/net.neoforged.fml.loading.targets.CommonLaunchHandler.lambda$launchService$4(CommonLaunchHandler.java:118) ~[loader-4.0.42.jar%23146!/:4.0]
	at MC-BOOTSTRAP/cpw.mods.modlauncher@11.0.5/cpw.mods.modlauncher.LaunchServiceHandlerDecorator.launch(LaunchServiceHandlerDecorator.java:30) [modlauncher-11.0.5.jar%23128!/:?]
	at MC-BOOTSTRAP/cpw.mods.modlauncher@11.0.5/cpw.mods.modlauncher.LaunchServiceHandler.launch(LaunchServiceHandler.java:53) [modlauncher-11.0.5.jar%23128!/:?]
	at MC-BOOTSTRAP/cpw.mods.modlauncher@11.0.5/cpw.mods.modlauncher.LaunchServiceHandler.launch(LaunchServiceHandler.java:71) [modlauncher-11.0.5.jar%23128!/:?]
	at MC-BOOTSTRAP/cpw.mods.modlauncher@11.0.5/cpw.mods.modlauncher.Launcher.run(Launcher.java:103) [modlauncher-11.0.5.jar%23128!/:?]
	at MC-BOOTSTRAP/cpw.mods.modlauncher@11.0.5/cpw.mods.modlauncher.Launcher.main(Launcher.java:74) [modlauncher-11.0.5.jar%23128!/:?]
	at MC-BOOTSTRAP/cpw.mods.modlauncher@11.0.5/cpw.mods.modlauncher.BootstrapLaunchConsumer.accept(BootstrapLaunchConsumer.java:26) [modlauncher-11.0.5.jar%23128!/:?]
	at MC-BOOTSTRAP/cpw.mods.modlauncher@11.0.5/cpw.mods.modlauncher.BootstrapLaunchConsumer.accept(BootstrapLaunchConsumer.java:23) [modlauncher-11.0.5.jar%23128!/:?]
	at cpw.mods.bootstraplauncher@2.0.2/cpw.mods.bootstraplauncher.BootstrapLauncher.run(BootstrapLauncher.java:210) [bootstraplauncher-2.0.2.jar:?]
	at cpw.mods.bootstraplauncher@2.0.2/cpw.mods.bootstraplauncher.BootstrapLauncher.main(BootstrapLauncher.java:69) [bootstraplauncher-2.0.2.jar:?]
	at java.base/jdk.internal.reflect.DirectMethodHandleAccessor.invoke(DirectMethodHandleAccessor.java:103) ~[?:?]
	at java.base/java.lang.reflect.Method.invoke(Method.java:580) ~[?:?]
	at net.neoforged.devlaunch.Main.main(Main.java:57) [DevLaunch-1.0.2.jar:?]
[08set.2026 23:20:54.231] [Render thread/WARN] [net.minecraft.client.renderer.texture.TextureManager/]: Failed to load texture: elementals:textures/gui/ice_shard_icon.png
java.io.FileNotFoundException: elementals:textures/gui/ice_shard_icon.png
	at TRANSFORMER/minecraft@1.21.1/net.minecraft.server.packs.resources.ResourceProvider.lambda$getResourceOrThrow$1(ResourceProvider.java:18) ~[neoforge-21.1.235.jar%23189!/:?]
	at java.base/java.util.Optional.orElseThrow(Optional.java:403) ~[?:?]
	at TRANSFORMER/minecraft@1.21.1/net.minecraft.server.packs.resources.ResourceProvider.getResourceOrThrow(ResourceProvider.java:18) ~[neoforge-21.1.235.jar%23189!/:?]
	at TRANSFORMER/minecraft@1.21.1/net.minecraft.client.renderer.texture.SimpleTexture$TextureImage.load(SimpleTexture.java:83) ~[neoforge-21.1.235.jar%23189!/:?]
	at TRANSFORMER/minecraft@1.21.1/net.minecraft.client.renderer.texture.SimpleTexture.getTextureImage(SimpleTexture.java:57) ~[neoforge-21.1.235.jar%23189!/:?]
	at TRANSFORMER/minecraft@1.21.1/net.minecraft.client.renderer.texture.SimpleTexture.load(SimpleTexture.java:30) ~[neoforge-21.1.235.jar%23189!/:?]
	at TRANSFORMER/minecraft@1.21.1/net.minecraft.client.renderer.texture.TextureManager.loadTexture(TextureManager.java:92) ~[neoforge-21.1.235.jar%23189!/:?]
	at TRANSFORMER/minecraft@1.21.1/net.minecraft.client.renderer.texture.TextureManager.register(TextureManager.java:63) ~[neoforge-21.1.235.jar%23189!/:?]
	at TRANSFORMER/minecraft@1.21.1/net.minecraft.client.renderer.texture.TextureManager.getTexture(TextureManager.java:113) ~[neoforge-21.1.235.jar%23189!/:?]
	at TRANSFORMER/minecraft@1.21.1/com.mojang.blaze3d.systems.RenderSystem._setShaderTexture(RenderSystem.java:725) ~[neoforge-21.1.235.jar%23189!/:?]
	at TRANSFORMER/minecraft@1.21.1/com.mojang.blaze3d.systems.RenderSystem.setShaderTexture(RenderSystem.java:718) ~[neoforge-21.1.235.jar%23189!/:?]
	at TRANSFORMER/elementals@5.0.0/dev.saperate.elementals.client.gui.UpgradeTreeScreen.drawTexture(UpgradeTreeScreen.java:473) ~[elementals-neoforge-1.21.1-5.0.0.jar%23193!/:5.0.0]
	at TRANSFORMER/elementals@5.0.0/dev.saperate.elementals.client.gui.UpgradeTreeScreen.drawUpgradeButton(UpgradeTreeScreen.java:279) ~[elementals-neoforge-1.21.1-5.0.0.jar%23193!/:5.0.0]
	at TRANSFORMER/elementals@5.0.0/dev.saperate.elementals.client.gui.UpgradeTreeScreen.drawMirroredTree(UpgradeTreeScreen.java:466) ~[elementals-neoforge-1.21.1-5.0.0.jar%23193!/:5.0.0]
	at TRANSFORMER/elementals@5.0.0/dev.saperate.elementals.client.gui.UpgradeTreeScreen.render(UpgradeTreeScreen.java:125) ~[elementals-neoforge-1.21.1-5.0.0.jar%23193!/:5.0.0]
	at TRANSFORMER/minecraft@1.21.1/net.minecraft.client.gui.screens.Screen.renderWithTooltip(Screen.java:112) ~[neoforge-21.1.235.jar%23189!/:?]
	at TRANSFORMER/neoforge@21.1.235/net.neoforged.neoforge.client.ClientHooks.drawScreenInternal(ClientHooks.java:429) ~[neoforge-21.1.235.jar%23190!/:?]
	at TRANSFORMER/neoforge@21.1.235/net.neoforged.neoforge.client.ClientHooks.drawScreen(ClientHooks.java:423) ~[neoforge-21.1.235.jar%23190!/:?]
	at TRANSFORMER/minecraft@1.21.1/net.minecraft.client.renderer.GameRenderer.render(GameRenderer.java:1098) ~[neoforge-21.1.235.jar%23189!/:?]
	at TRANSFORMER/minecraft@1.21.1/net.minecraft.client.Minecraft.runTick(Minecraft.java:1201) ~[neoforge-21.1.235.jar%23189!/:?]
	at TRANSFORMER/minecraft@1.21.1/net.minecraft.client.Minecraft.run(Minecraft.java:813) ~[neoforge-21.1.235.jar%23189!/:?]
	at TRANSFORMER/minecraft@1.21.1/net.minecraft.client.main.Main.main(Main.java:230) ~[neoforge-21.1.235.jar%23189!/:?]
	at java.base/jdk.internal.reflect.DirectMethodHandleAccessor.invoke(DirectMethodHandleAccessor.java:103) ~[?:?]
	at java.base/java.lang.reflect.Method.invoke(Method.java:580) ~[?:?]
	at MC-BOOTSTRAP/fml_loader@4.0.42/net.neoforged.fml.loading.targets.CommonLaunchHandler.runTarget(CommonLaunchHandler.java:136) ~[loader-4.0.42.jar%23146!/:4.0]
	at MC-BOOTSTRAP/fml_loader@4.0.42/net.neoforged.fml.loading.targets.CommonLaunchHandler.clientService(CommonLaunchHandler.java:124) ~[loader-4.0.42.jar%23146!/:4.0]
	at MC-BOOTSTRAP/fml_loader@4.0.42/net.neoforged.fml.loading.targets.NeoForgeClientDevLaunchHandler.runService(NeoForgeClientDevLaunchHandler.java:23) ~[loader-4.0.42.jar%23146!/:4.0]
	at MC-BOOTSTRAP/fml_loader@4.0.42/net.neoforged.fml.loading.targets.CommonLaunchHandler.lambda$launchService$4(CommonLaunchHandler.java:118) ~[loader-4.0.42.jar%23146!/:4.0]
	at MC-BOOTSTRAP/cpw.mods.modlauncher@11.0.5/cpw.mods.modlauncher.LaunchServiceHandlerDecorator.launch(LaunchServiceHandlerDecorator.java:30) [modlauncher-11.0.5.jar%23128!/:?]
	at MC-BOOTSTRAP/cpw.mods.modlauncher@11.0.5/cpw.mods.modlauncher.LaunchServiceHandler.launch(LaunchServiceHandler.java:53) [modlauncher-11.0.5.jar%23128!/:?]
	at MC-BOOTSTRAP/cpw.mods.modlauncher@11.0.5/cpw.mods.modlauncher.LaunchServiceHandler.launch(LaunchServiceHandler.java:71) [modlauncher-11.0.5.jar%23128!/:?]
	at MC-BOOTSTRAP/cpw.mods.modlauncher@11.0.5/cpw.mods.modlauncher.Launcher.run(Launcher.java:103) [modlauncher-11.0.5.jar%23128!/:?]
	at MC-BOOTSTRAP/cpw.mods.modlauncher@11.0.5/cpw.mods.modlauncher.Launcher.main(Launcher.java:74) [modlauncher-11.0.5.jar%23128!/:?]
	at MC-BOOTSTRAP/cpw.mods.modlauncher@11.0.5/cpw.mods.modlauncher.BootstrapLaunchConsumer.accept(BootstrapLaunchConsumer.java:26) [modlauncher-11.0.5.jar%23128!/:?]
	at MC-BOOTSTRAP/cpw.mods.modlauncher@11.0.5/cpw.mods.modlauncher.BootstrapLaunchConsumer.accept(BootstrapLaunchConsumer.java:23) [modlauncher-11.0.5.jar%23128!/:?]
	at cpw.mods.bootstraplauncher@2.0.2/cpw.mods.bootstraplauncher.BootstrapLauncher.run(BootstrapLauncher.java:210) [bootstraplauncher-2.0.2.jar:?]
	at cpw.mods.bootstraplauncher@2.0.2/cpw.mods.bootstraplauncher.BootstrapLauncher.main(BootstrapLauncher.java:69) [bootstraplauncher-2.0.2.jar:?]
	at java.base/jdk.internal.reflect.DirectMethodHandleAccessor.invoke(DirectMethodHandleAccessor.java:103) ~[?:?]
	at java.base/java.lang.reflect.Method.invoke(Method.java:580) ~[?:?]
	at net.neoforged.devlaunch.Main.main(Main.java:57) [DevLaunch-1.0.2.jar:?]
[08set.2026 23:20:54.233] [Render thread/WARN] [net.minecraft.client.renderer.texture.TextureManager/]: Failed to load texture: elementals:textures/gui/ice_prison_icon.png
java.io.FileNotFoundException: elementals:textures/gui/ice_prison_icon.png
	at TRANSFORMER/minecraft@1.21.1/net.minecraft.server.packs.resources.ResourceProvider.lambda$getResourceOrThrow$1(ResourceProvider.java:18) ~[neoforge-21.1.235.jar%23189!/:?]
	at java.base/java.util.Optional.orElseThrow(Optional.java:403) ~[?:?]
	at TRANSFORMER/minecraft@1.21.1/net.minecraft.server.packs.resources.ResourceProvider.getResourceOrThrow(ResourceProvider.java:18) ~[neoforge-21.1.235.jar%23189!/:?]
	at TRANSFORMER/geckolib@4.8.4/software.bernie.geckolib.cache.texture.AnimatableTexture.load(AnimatableTexture.java:40) ~[geckolib-neoforge-1.21.1-4.8.4.jar%23195!/:4.8.4]
	at TRANSFORMER/minecraft@1.21.1/net.minecraft.client.renderer.texture.TextureManager.loadTexture(TextureManager.java:92) ~[neoforge-21.1.235.jar%23189!/:?]
	at TRANSFORMER/minecraft@1.21.1/net.minecraft.client.renderer.texture.TextureManager.register(TextureManager.java:63) ~[neoforge-21.1.235.jar%23189!/:?]
	at TRANSFORMER/minecraft@1.21.1/net.minecraft.client.renderer.texture.TextureManager.wrapOperation$zba000$geckolib$replaceAnimatableTexture(TextureManager.java:1031) ~[neoforge-21.1.235.jar%23189!/:?]
	at TRANSFORMER/minecraft@1.21.1/net.minecraft.client.renderer.texture.TextureManager.getTexture(TextureManager.java:112) ~[neoforge-21.1.235.jar%23189!/:?]
	at TRANSFORMER/minecraft@1.21.1/com.mojang.blaze3d.systems.RenderSystem._setShaderTexture(RenderSystem.java:725) ~[neoforge-21.1.235.jar%23189!/:?]
	at TRANSFORMER/minecraft@1.21.1/com.mojang.blaze3d.systems.RenderSystem.setShaderTexture(RenderSystem.java:718) ~[neoforge-21.1.235.jar%23189!/:?]
	at TRANSFORMER/elementals@5.0.0/dev.saperate.elementals.client.gui.UpgradeTreeScreen.drawTexture(UpgradeTreeScreen.java:473) ~[elementals-neoforge-1.21.1-5.0.0.jar%23193!/:5.0.0]
	at TRANSFORMER/elementals@5.0.0/dev.saperate.elementals.client.gui.UpgradeTreeScreen.drawUpgradeButton(UpgradeTreeScreen.java:279) ~[elementals-neoforge-1.21.1-5.0.0.jar%23193!/:5.0.0]
	at TRANSFORMER/elementals@5.0.0/dev.saperate.elementals.client.gui.UpgradeTreeScreen.drawMirroredTree(UpgradeTreeScreen.java:389) ~[elementals-neoforge-1.21.1-5.0.0.jar%23193!/:5.0.0]
	at TRANSFORMER/elementals@5.0.0/dev.saperate.elementals.client.gui.UpgradeTreeScreen.drawMirroredTree(UpgradeTreeScreen.java:446) ~[elementals-neoforge-1.21.1-5.0.0.jar%23193!/:5.0.0]
	at TRANSFORMER/elementals@5.0.0/dev.saperate.elementals.client.gui.UpgradeTreeScreen.render(UpgradeTreeScreen.java:140) ~[elementals-neoforge-1.21.1-5.0.0.jar%23193!/:5.0.0]
	at TRANSFORMER/minecraft@1.21.1/net.minecraft.client.gui.screens.Screen.renderWithTooltip(Screen.java:112) ~[neoforge-21.1.235.jar%23189!/:?]
	at TRANSFORMER/neoforge@21.1.235/net.neoforged.neoforge.client.ClientHooks.drawScreenInternal(ClientHooks.java:429) ~[neoforge-21.1.235.jar%23190!/:?]
	at TRANSFORMER/neoforge@21.1.235/net.neoforged.neoforge.client.ClientHooks.drawScreen(ClientHooks.java:423) ~[neoforge-21.1.235.jar%23190!/:?]
	at TRANSFORMER/minecraft@1.21.1/net.minecraft.client.renderer.GameRenderer.render(GameRenderer.java:1098) ~[neoforge-21.1.235.jar%23189!/:?]
	at TRANSFORMER/minecraft@1.21.1/net.minecraft.client.Minecraft.runTick(Minecraft.java:1201) ~[neoforge-21.1.235.jar%23189!/:?]
	at TRANSFORMER/minecraft@1.21.1/net.minecraft.client.Minecraft.run(Minecraft.java:813) ~[neoforge-21.1.235.jar%23189!/:?]
	at TRANSFORMER/minecraft@1.21.1/net.minecraft.client.main.Main.main(Main.java:230) ~[neoforge-21.1.235.jar%23189!/:?]
	at java.base/jdk.internal.reflect.DirectMethodHandleAccessor.invoke(DirectMethodHandleAccessor.java:103) ~[?:?]
	at java.base/java.lang.reflect.Method.invoke(Method.java:580) ~[?:?]
	at MC-BOOTSTRAP/fml_loader@4.0.42/net.neoforged.fml.loading.targets.CommonLaunchHandler.runTarget(CommonLaunchHandler.java:136) ~[loader-4.0.42.jar%23146!/:4.0]
	at MC-BOOTSTRAP/fml_loader@4.0.42/net.neoforged.fml.loading.targets.CommonLaunchHandler.clientService(CommonLaunchHandler.java:124) ~[loader-4.0.42.jar%23146!/:4.0]
	at MC-BOOTSTRAP/fml_loader@4.0.42/net.neoforged.fml.loading.targets.NeoForgeClientDevLaunchHandler.runService(NeoForgeClientDevLaunchHandler.java:23) ~[loader-4.0.42.jar%23146!/:4.0]
	at MC-BOOTSTRAP/fml_loader@4.0.42/net.neoforged.fml.loading.targets.CommonLaunchHandler.lambda$launchService$4(CommonLaunchHandler.java:118) ~[loader-4.0.42.jar%23146!/:4.0]
	at MC-BOOTSTRAP/cpw.mods.modlauncher@11.0.5/cpw.mods.modlauncher.LaunchServiceHandlerDecorator.launch(LaunchServiceHandlerDecorator.java:30) [modlauncher-11.0.5.jar%23128!/:?]
	at MC-BOOTSTRAP/cpw.mods.modlauncher@11.0.5/cpw.mods.modlauncher.LaunchServiceHandler.launch(LaunchServiceHandler.java:53) [modlauncher-11.0.5.jar%23128!/:?]
	at MC-BOOTSTRAP/cpw.mods.modlauncher@11.0.5/cpw.mods.modlauncher.LaunchServiceHandler.launch(LaunchServiceHandler.java:71) [modlauncher-11.0.5.jar%23128!/:?]
	at MC-BOOTSTRAP/cpw.mods.modlauncher@11.0.5/cpw.mods.modlauncher.Launcher.run(Launcher.java:103) [modlauncher-11.0.5.jar%23128!/:?]
	at MC-BOOTSTRAP/cpw.mods.modlauncher@11.0.5/cpw.mods.modlauncher.Launcher.main(Launcher.java:74) [modlauncher-11.0.5.jar%23128!/:?]
	at MC-BOOTSTRAP/cpw.mods.modlauncher@11.0.5/cpw.mods.modlauncher.BootstrapLaunchConsumer.accept(BootstrapLaunchConsumer.java:26) [modlauncher-11.0.5.jar%23128!/:?]
	at MC-BOOTSTRAP/cpw.mods.modlauncher@11.0.5/cpw.mods.modlauncher.BootstrapLaunchConsumer.accept(BootstrapLaunchConsumer.java:23) [modlauncher-11.0.5.jar%23128!/:?]
	at cpw.mods.bootstraplauncher@2.0.2/cpw.mods.bootstraplauncher.BootstrapLauncher.run(BootstrapLauncher.java:210) [bootstraplauncher-2.0.2.jar:?]
	at cpw.mods.bootstraplauncher@2.0.2/cpw.mods.bootstraplauncher.BootstrapLauncher.main(BootstrapLauncher.java:69) [bootstraplauncher-2.0.2.jar:?]
	at java.base/jdk.internal.reflect.DirectMethodHandleAccessor.invoke(DirectMethodHandleAccessor.java:103) ~[?:?]
	at java.base/java.lang.reflect.Method.invoke(Method.java:580) ~[?:?]
	at net.neoforged.devlaunch.Main.main(Main.java:57) [DevLaunch-1.0.2.jar:?]
[08set.2026 23:20:54.233] [Render thread/WARN] [net.minecraft.client.renderer.texture.TextureManager/]: Failed to load texture: elementals:textures/gui/ice_prison_icon.png
java.io.FileNotFoundException: elementals:textures/gui/ice_prison_icon.png
	at TRANSFORMER/minecraft@1.21.1/net.minecraft.server.packs.resources.ResourceProvider.lambda$getResourceOrThrow$1(ResourceProvider.java:18) ~[neoforge-21.1.235.jar%23189!/:?]
	at java.base/java.util.Optional.orElseThrow(Optional.java:403) ~[?:?]
	at TRANSFORMER/minecraft@1.21.1/net.minecraft.server.packs.resources.ResourceProvider.getResourceOrThrow(ResourceProvider.java:18) ~[neoforge-21.1.235.jar%23189!/:?]
	at TRANSFORMER/minecraft@1.21.1/net.minecraft.client.renderer.texture.SimpleTexture$TextureImage.load(SimpleTexture.java:83) ~[neoforge-21.1.235.jar%23189!/:?]
	at TRANSFORMER/minecraft@1.21.1/net.minecraft.client.renderer.texture.SimpleTexture.getTextureImage(SimpleTexture.java:57) ~[neoforge-21.1.235.jar%23189!/:?]
	at TRANSFORMER/minecraft@1.21.1/net.minecraft.client.renderer.texture.SimpleTexture.load(SimpleTexture.java:30) ~[neoforge-21.1.235.jar%23189!/:?]
	at TRANSFORMER/minecraft@1.21.1/net.minecraft.client.renderer.texture.TextureManager.loadTexture(TextureManager.java:92) ~[neoforge-21.1.235.jar%23189!/:?]
	at TRANSFORMER/minecraft@1.21.1/net.minecraft.client.renderer.texture.TextureManager.register(TextureManager.java:63) ~[neoforge-21.1.235.jar%23189!/:?]
	at TRANSFORMER/minecraft@1.21.1/net.minecraft.client.renderer.texture.TextureManager.getTexture(TextureManager.java:113) ~[neoforge-21.1.235.jar%23189!/:?]
	at TRANSFORMER/minecraft@1.21.1/com.mojang.blaze3d.systems.RenderSystem._setShaderTexture(RenderSystem.java:725) ~[neoforge-21.1.235.jar%23189!/:?]
	at TRANSFORMER/minecraft@1.21.1/com.mojang.blaze3d.systems.RenderSystem.setShaderTexture(RenderSystem.java:718) ~[neoforge-21.1.235.jar%23189!/:?]
	at TRANSFORMER/elementals@5.0.0/dev.saperate.elementals.client.gui.UpgradeTreeScreen.drawTexture(UpgradeTreeScreen.java:473) ~[elementals-neoforge-1.21.1-5.0.0.jar%23193!/:5.0.0]
	at TRANSFORMER/elementals@5.0.0/dev.saperate.elementals.client.gui.UpgradeTreeScreen.drawUpgradeButton(UpgradeTreeScreen.java:279) ~[elementals-neoforge-1.21.1-5.0.0.jar%23193!/:5.0.0]
	at TRANSFORMER/elementals@5.0.0/dev.saperate.elementals.client.gui.UpgradeTreeScreen.drawMirroredTree(UpgradeTreeScreen.java:389) ~[elementals-neoforge-1.21.1-5.0.0.jar%23193!/:5.0.0]
	at TRANSFORMER/elementals@5.0.0/dev.saperate.elementals.client.gui.UpgradeTreeScreen.drawMirroredTree(UpgradeTreeScreen.java:446) ~[elementals-neoforge-1.21.1-5.0.0.jar%23193!/:5.0.0]
	at TRANSFORMER/elementals@5.0.0/dev.saperate.elementals.client.gui.UpgradeTreeScreen.render(UpgradeTreeScreen.java:140) ~[elementals-neoforge-1.21.1-5.0.0.jar%23193!/:5.0.0]
	at TRANSFORMER/minecraft@1.21.1/net.minecraft.client.gui.screens.Screen.renderWithTooltip(Screen.java:112) ~[neoforge-21.1.235.jar%23189!/:?]
	at TRANSFORMER/neoforge@21.1.235/net.neoforged.neoforge.client.ClientHooks.drawScreenInternal(ClientHooks.java:429) ~[neoforge-21.1.235.jar%23190!/:?]
	at TRANSFORMER/neoforge@21.1.235/net.neoforged.neoforge.client.ClientHooks.drawScreen(ClientHooks.java:423) ~[neoforge-21.1.235.jar%23190!/:?]
	at TRANSFORMER/minecraft@1.21.1/net.minecraft.client.renderer.GameRenderer.render(GameRenderer.java:1098) ~[neoforge-21.1.235.jar%23189!/:?]
	at TRANSFORMER/minecraft@1.21.1/net.minecraft.client.Minecraft.runTick(Minecraft.java:1201) ~[neoforge-21.1.235.jar%23189!/:?]
	at TRANSFORMER/minecraft@1.21.1/net.minecraft.client.Minecraft.run(Minecraft.java:813) ~[neoforge-21.1.235.jar%23189!/:?]
	at TRANSFORMER/minecraft@1.21.1/net.minecraft.client.main.Main.main(Main.java:230) ~[neoforge-21.1.235.jar%23189!/:?]
	at java.base/jdk.internal.reflect.DirectMethodHandleAccessor.invoke(DirectMethodHandleAccessor.java:103) ~[?:?]
	at java.base/java.lang.reflect.Method.invoke(Method.java:580) ~[?:?]
	at MC-BOOTSTRAP/fml_loader@4.0.42/net.neoforged.fml.loading.targets.CommonLaunchHandler.runTarget(CommonLaunchHandler.java:136) ~[loader-4.0.42.jar%23146!/:4.0]
	at MC-BOOTSTRAP/fml_loader@4.0.42/net.neoforged.fml.loading.targets.CommonLaunchHandler.clientService(CommonLaunchHandler.java:124) ~[loader-4.0.42.jar%23146!/:4.0]
	at MC-BOOTSTRAP/fml_loader@4.0.42/net.neoforged.fml.loading.targets.NeoForgeClientDevLaunchHandler.runService(NeoForgeClientDevLaunchHandler.java:23) ~[loader-4.0.42.jar%23146!/:4.0]
	at MC-BOOTSTRAP/fml_loader@4.0.42/net.neoforged.fml.loading.targets.CommonLaunchHandler.lambda$launchService$4(CommonLaunchHandler.java:118) ~[loader-4.0.42.jar%23146!/:4.0]
	at MC-BOOTSTRAP/cpw.mods.modlauncher@11.0.5/cpw.mods.modlauncher.LaunchServiceHandlerDecorator.launch(LaunchServiceHandlerDecorator.java:30) [modlauncher-11.0.5.jar%23128!/:?]
	at MC-BOOTSTRAP/cpw.mods.modlauncher@11.0.5/cpw.mods.modlauncher.LaunchServiceHandler.launch(LaunchServiceHandler.java:53) [modlauncher-11.0.5.jar%23128!/:?]
	at MC-BOOTSTRAP/cpw.mods.modlauncher@11.0.5/cpw.mods.modlauncher.LaunchServiceHandler.launch(LaunchServiceHandler.java:71) [modlauncher-11.0.5.jar%23128!/:?]
	at MC-BOOTSTRAP/cpw.mods.modlauncher@11.0.5/cpw.mods.modlauncher.Launcher.run(Launcher.java:103) [modlauncher-11.0.5.jar%23128!/:?]
	at MC-BOOTSTRAP/cpw.mods.modlauncher@11.0.5/cpw.mods.modlauncher.Launcher.main(Launcher.java:74) [modlauncher-11.0.5.jar%23128!/:?]
	at MC-BOOTSTRAP/cpw.mods.modlauncher@11.0.5/cpw.mods.modlauncher.BootstrapLaunchConsumer.accept(BootstrapLaunchConsumer.java:26) [modlauncher-11.0.5.jar%23128!/:?]
	at MC-BOOTSTRAP/cpw.mods.modlauncher@11.0.5/cpw.mods.modlauncher.BootstrapLaunchConsumer.accept(BootstrapLaunchConsumer.java:23) [modlauncher-11.0.5.jar%23128!/:?]
	at cpw.mods.bootstraplauncher@2.0.2/cpw.mods.bootstraplauncher.BootstrapLauncher.run(BootstrapLauncher.java:210) [bootstraplauncher-2.0.2.jar:?]
	at cpw.mods.bootstraplauncher@2.0.2/cpw.mods.bootstraplauncher.BootstrapLauncher.main(BootstrapLauncher.java:69) [bootstraplauncher-2.0.2.jar:?]
	at java.base/jdk.internal.reflect.DirectMethodHandleAccessor.invoke(DirectMethodHandleAccessor.java:103) ~[?:?]
	at java.base/java.lang.reflect.Method.invoke(Method.java:580) ~[?:?]
	at net.neoforged.devlaunch.Main.main(Main.java:57) [DevLaunch-1.0.2.jar:?]
[08set.2026 23:20:54.234] [Render thread/WARN] [net.minecraft.client.renderer.texture.TextureManager/]: Failed to load texture: elementals:textures/gui/frost_nova_icon.png
java.io.FileNotFoundException: elementals:textures/gui/frost_nova_icon.png
	at TRANSFORMER/minecraft@1.21.1/net.minecraft.server.packs.resources.ResourceProvider.lambda$getResourceOrThrow$1(ResourceProvider.java:18) ~[neoforge-21.1.235.jar%23189!/:?]
	at java.base/java.util.Optional.orElseThrow(Optional.java:403) ~[?:?]
	at TRANSFORMER/minecraft@1.21.1/net.minecraft.server.packs.resources.ResourceProvider.getResourceOrThrow(ResourceProvider.java:18) ~[neoforge-21.1.235.jar%23189!/:?]
	at TRANSFORMER/geckolib@4.8.4/software.bernie.geckolib.cache.texture.AnimatableTexture.load(AnimatableTexture.java:40) ~[geckolib-neoforge-1.21.1-4.8.4.jar%23195!/:4.8.4]
	at TRANSFORMER/minecraft@1.21.1/net.minecraft.client.renderer.texture.TextureManager.loadTexture(TextureManager.java:92) ~[neoforge-21.1.235.jar%23189!/:?]
	at TRANSFORMER/minecraft@1.21.1/net.minecraft.client.renderer.texture.TextureManager.register(TextureManager.java:63) ~[neoforge-21.1.235.jar%23189!/:?]
	at TRANSFORMER/minecraft@1.21.1/net.minecraft.client.renderer.texture.TextureManager.wrapOperation$zba000$geckolib$replaceAnimatableTexture(TextureManager.java:1031) ~[neoforge-21.1.235.jar%23189!/:?]
	at TRANSFORMER/minecraft@1.21.1/net.minecraft.client.renderer.texture.TextureManager.getTexture(TextureManager.java:112) ~[neoforge-21.1.235.jar%23189!/:?]
	at TRANSFORMER/minecraft@1.21.1/com.mojang.blaze3d.systems.RenderSystem._setShaderTexture(RenderSystem.java:725) ~[neoforge-21.1.235.jar%23189!/:?]
	at TRANSFORMER/minecraft@1.21.1/com.mojang.blaze3d.systems.RenderSystem.setShaderTexture(RenderSystem.java:718) ~[neoforge-21.1.235.jar%23189!/:?]
	at TRANSFORMER/elementals@5.0.0/dev.saperate.elementals.client.gui.UpgradeTreeScreen.drawTexture(UpgradeTreeScreen.java:473) ~[elementals-neoforge-1.21.1-5.0.0.jar%23193!/:5.0.0]
	at TRANSFORMER/elementals@5.0.0/dev.saperate.elementals.client.gui.UpgradeTreeScreen.drawUpgradeButton(UpgradeTreeScreen.java:279) ~[elementals-neoforge-1.21.1-5.0.0.jar%23193!/:5.0.0]
	at TRANSFORMER/elementals@5.0.0/dev.saperate.elementals.client.gui.UpgradeTreeScreen.drawMirroredTree(UpgradeTreeScreen.java:466) ~[elementals-neoforge-1.21.1-5.0.0.jar%23193!/:5.0.0]
	at TRANSFORMER/elementals@5.0.0/dev.saperate.elementals.client.gui.UpgradeTreeScreen.render(UpgradeTreeScreen.java:140) ~[elementals-neoforge-1.21.1-5.0.0.jar%23193!/:5.0.0]
	at TRANSFORMER/minecraft@1.21.1/net.minecraft.client.gui.screens.Screen.renderWithTooltip(Screen.java:112) ~[neoforge-21.1.235.jar%23189!/:?]
	at TRANSFORMER/neoforge@21.1.235/net.neoforged.neoforge.client.ClientHooks.drawScreenInternal(ClientHooks.java:429) ~[neoforge-21.1.235.jar%23190!/:?]
	at TRANSFORMER/neoforge@21.1.235/net.neoforged.neoforge.client.ClientHooks.drawScreen(ClientHooks.java:423) ~[neoforge-21.1.235.jar%23190!/:?]
	at TRANSFORMER/minecraft@1.21.1/net.minecraft.client.renderer.GameRenderer.render(GameRenderer.java:1098) ~[neoforge-21.1.235.jar%23189!/:?]
	at TRANSFORMER/minecraft@1.21.1/net.minecraft.client.Minecraft.runTick(Minecraft.java:1201) ~[neoforge-21.1.235.jar%23189!/:?]
	at TRANSFORMER/minecraft@1.21.1/net.minecraft.client.Minecraft.run(Minecraft.java:813) ~[neoforge-21.1.235.jar%23189!/:?]
	at TRANSFORMER/minecraft@1.21.1/net.minecraft.client.main.Main.main(Main.java:230) ~[neoforge-21.1.235.jar%23189!/:?]
	at java.base/jdk.internal.reflect.DirectMethodHandleAccessor.invoke(DirectMethodHandleAccessor.java:103) ~[?:?]
	at java.base/java.lang.reflect.Method.invoke(Method.java:580) ~[?:?]
	at MC-BOOTSTRAP/fml_loader@4.0.42/net.neoforged.fml.loading.targets.CommonLaunchHandler.runTarget(CommonLaunchHandler.java:136) ~[loader-4.0.42.jar%23146!/:4.0]
	at MC-BOOTSTRAP/fml_loader@4.0.42/net.neoforged.fml.loading.targets.CommonLaunchHandler.clientService(CommonLaunchHandler.java:124) ~[loader-4.0.42.jar%23146!/:4.0]
	at MC-BOOTSTRAP/fml_loader@4.0.42/net.neoforged.fml.loading.targets.NeoForgeClientDevLaunchHandler.runService(NeoForgeClientDevLaunchHandler.java:23) ~[loader-4.0.42.jar%23146!/:4.0]
	at MC-BOOTSTRAP/fml_loader@4.0.42/net.neoforged.fml.loading.targets.CommonLaunchHandler.lambda$launchService$4(CommonLaunchHandler.java:118) ~[loader-4.0.42.jar%23146!/:4.0]
	at MC-BOOTSTRAP/cpw.mods.modlauncher@11.0.5/cpw.mods.modlauncher.LaunchServiceHandlerDecorator.launch(LaunchServiceHandlerDecorator.java:30) [modlauncher-11.0.5.jar%23128!/:?]
	at MC-BOOTSTRAP/cpw.mods.modlauncher@11.0.5/cpw.mods.modlauncher.LaunchServiceHandler.launch(LaunchServiceHandler.java:53) [modlauncher-11.0.5.jar%23128!/:?]
	at MC-BOOTSTRAP/cpw.mods.modlauncher@11.0.5/cpw.mods.modlauncher.LaunchServiceHandler.launch(LaunchServiceHandler.java:71) [modlauncher-11.0.5.jar%23128!/:?]
	at MC-BOOTSTRAP/cpw.mods.modlauncher@11.0.5/cpw.mods.modlauncher.Launcher.run(Launcher.java:103) [modlauncher-11.0.5.jar%23128!/:?]
	at MC-BOOTSTRAP/cpw.mods.modlauncher@11.0.5/cpw.mods.modlauncher.Launcher.main(Launcher.java:74) [modlauncher-11.0.5.jar%23128!/:?]
	at MC-BOOTSTRAP/cpw.mods.modlauncher@11.0.5/cpw.mods.modlauncher.BootstrapLaunchConsumer.accept(BootstrapLaunchConsumer.java:26) [modlauncher-11.0.5.jar%23128!/:?]
	at MC-BOOTSTRAP/cpw.mods.modlauncher@11.0.5/cpw.mods.modlauncher.BootstrapLaunchConsumer.accept(BootstrapLaunchConsumer.java:23) [modlauncher-11.0.5.jar%23128!/:?]
	at cpw.mods.bootstraplauncher@2.0.2/cpw.mods.bootstraplauncher.BootstrapLauncher.run(BootstrapLauncher.java:210) [bootstraplauncher-2.0.2.jar:?]
	at cpw.mods.bootstraplauncher@2.0.2/cpw.mods.bootstraplauncher.BootstrapLauncher.main(BootstrapLauncher.java:69) [bootstraplauncher-2.0.2.jar:?]
	at java.base/jdk.internal.reflect.DirectMethodHandleAccessor.invoke(DirectMethodHandleAccessor.java:103) ~[?:?]
	at java.base/java.lang.reflect.Method.invoke(Method.java:580) ~[?:?]
	at net.neoforged.devlaunch.Main.main(Main.java:57) [DevLaunch-1.0.2.jar:?]
[08set.2026 23:20:54.235] [Render thread/WARN] [net.minecraft.client.renderer.texture.TextureManager/]: Failed to load texture: elementals:textures/gui/frost_nova_icon.png
java.io.FileNotFoundException: elementals:textures/gui/frost_nova_icon.png
	at TRANSFORMER/minecraft@1.21.1/net.minecraft.server.packs.resources.ResourceProvider.lambda$getResourceOrThrow$1(ResourceProvider.java:18) ~[neoforge-21.1.235.jar%23189!/:?]
	at java.base/java.util.Optional.orElseThrow(Optional.java:403) ~[?:?]
	at TRANSFORMER/minecraft@1.21.1/net.minecraft.server.packs.resources.ResourceProvider.getResourceOrThrow(ResourceProvider.java:18) ~[neoforge-21.1.235.jar%23189!/:?]
	at TRANSFORMER/minecraft@1.21.1/net.minecraft.client.renderer.texture.SimpleTexture$TextureImage.load(SimpleTexture.java:83) ~[neoforge-21.1.235.jar%23189!/:?]
	at TRANSFORMER/minecraft@1.21.1/net.minecraft.client.renderer.texture.SimpleTexture.getTextureImage(SimpleTexture.java:57) ~[neoforge-21.1.235.jar%23189!/:?]
	at TRANSFORMER/minecraft@1.21.1/net.minecraft.client.renderer.texture.SimpleTexture.load(SimpleTexture.java:30) ~[neoforge-21.1.235.jar%23189!/:?]
	at TRANSFORMER/minecraft@1.21.1/net.minecraft.client.renderer.texture.TextureManager.loadTexture(TextureManager.java:92) ~[neoforge-21.1.235.jar%23189!/:?]
	at TRANSFORMER/minecraft@1.21.1/net.minecraft.client.renderer.texture.TextureManager.register(TextureManager.java:63) ~[neoforge-21.1.235.jar%23189!/:?]
	at TRANSFORMER/minecraft@1.21.1/net.minecraft.client.renderer.texture.TextureManager.getTexture(TextureManager.java:113) ~[neoforge-21.1.235.jar%23189!/:?]
	at TRANSFORMER/minecraft@1.21.1/com.mojang.blaze3d.systems.RenderSystem._setShaderTexture(RenderSystem.java:725) ~[neoforge-21.1.235.jar%23189!/:?]
	at TRANSFORMER/minecraft@1.21.1/com.mojang.blaze3d.systems.RenderSystem.setShaderTexture(RenderSystem.java:718) ~[neoforge-21.1.235.jar%23189!/:?]
	at TRANSFORMER/elementals@5.0.0/dev.saperate.elementals.client.gui.UpgradeTreeScreen.drawTexture(UpgradeTreeScreen.java:473) ~[elementals-neoforge-1.21.1-5.0.0.jar%23193!/:5.0.0]
	at TRANSFORMER/elementals@5.0.0/dev.saperate.elementals.client.gui.UpgradeTreeScreen.drawUpgradeButton(UpgradeTreeScreen.java:279) ~[elementals-neoforge-1.21.1-5.0.0.jar%23193!/:5.0.0]
	at TRANSFORMER/elementals@5.0.0/dev.saperate.elementals.client.gui.UpgradeTreeScreen.drawMirroredTree(UpgradeTreeScreen.java:466) ~[elementals-neoforge-1.21.1-5.0.0.jar%23193!/:5.0.0]
	at TRANSFORMER/elementals@5.0.0/dev.saperate.elementals.client.gui.UpgradeTreeScreen.render(UpgradeTreeScreen.java:140) ~[elementals-neoforge-1.21.1-5.0.0.jar%23193!/:5.0.0]
	at TRANSFORMER/minecraft@1.21.1/net.minecraft.client.gui.screens.Screen.renderWithTooltip(Screen.java:112) ~[neoforge-21.1.235.jar%23189!/:?]
	at TRANSFORMER/neoforge@21.1.235/net.neoforged.neoforge.client.ClientHooks.drawScreenInternal(ClientHooks.java:429) ~[neoforge-21.1.235.jar%23190!/:?]
	at TRANSFORMER/neoforge@21.1.235/net.neoforged.neoforge.client.ClientHooks.drawScreen(ClientHooks.java:423) ~[neoforge-21.1.235.jar%23190!/:?]
	at TRANSFORMER/minecraft@1.21.1/net.minecraft.client.renderer.GameRenderer.render(GameRenderer.java:1098) ~[neoforge-21.1.235.jar%23189!/:?]
	at TRANSFORMER/minecraft@1.21.1/net.minecraft.client.Minecraft.runTick(Minecraft.java:1201) ~[neoforge-21.1.235.jar%23189!/:?]
	at TRANSFORMER/minecraft@1.21.1/net.minecraft.client.Minecraft.run(Minecraft.java:813) ~[neoforge-21.1.235.jar%23189!/:?]
	at TRANSFORMER/minecraft@1.21.1/net.minecraft.client.main.Main.main(Main.java:230) ~[neoforge-21.1.235.jar%23189!/:?]
	at java.base/jdk.internal.reflect.DirectMethodHandleAccessor.invoke(DirectMethodHandleAccessor.java:103) ~[?:?]
	at java.base/java.lang.reflect.Method.invoke(Method.java:580) ~[?:?]
	at MC-BOOTSTRAP/fml_loader@4.0.42/net.neoforged.fml.loading.targets.CommonLaunchHandler.runTarget(CommonLaunchHandler.java:136) ~[loader-4.0.42.jar%23146!/:4.0]
	at MC-BOOTSTRAP/fml_loader@4.0.42/net.neoforged.fml.loading.targets.CommonLaunchHandler.clientService(CommonLaunchHandler.java:124) ~[loader-4.0.42.jar%23146!/:4.0]
	at MC-BOOTSTRAP/fml_loader@4.0.42/net.neoforged.fml.loading.targets.NeoForgeClientDevLaunchHandler.runService(NeoForgeClientDevLaunchHandler.java:23) ~[loader-4.0.42.jar%23146!/:4.0]
	at MC-BOOTSTRAP/fml_loader@4.0.42/net.neoforged.fml.loading.targets.CommonLaunchHandler.lambda$launchService$4(CommonLaunchHandler.java:118) ~[loader-4.0.42.jar%23146!/:4.0]
	at MC-BOOTSTRAP/cpw.mods.modlauncher@11.0.5/cpw.mods.modlauncher.LaunchServiceHandlerDecorator.launch(LaunchServiceHandlerDecorator.java:30) [modlauncher-11.0.5.jar%23128!/:?]
	at MC-BOOTSTRAP/cpw.mods.modlauncher@11.0.5/cpw.mods.modlauncher.LaunchServiceHandler.launch(LaunchServiceHandler.java:53) [modlauncher-11.0.5.jar%23128!/:?]
	at MC-BOOTSTRAP/cpw.mods.modlauncher@11.0.5/cpw.mods.modlauncher.LaunchServiceHandler.launch(LaunchServiceHandler.java:71) [modlauncher-11.0.5.jar%23128!/:?]
	at MC-BOOTSTRAP/cpw.mods.modlauncher@11.0.5/cpw.mods.modlauncher.Launcher.run(Launcher.java:103) [modlauncher-11.0.5.jar%23128!/:?]
	at MC-BOOTSTRAP/cpw.mods.modlauncher@11.0.5/cpw.mods.modlauncher.Launcher.main(Launcher.java:74) [modlauncher-11.0.5.jar%23128!/:?]
	at MC-BOOTSTRAP/cpw.mods.modlauncher@11.0.5/cpw.mods.modlauncher.BootstrapLaunchConsumer.accept(BootstrapLaunchConsumer.java:26) [modlauncher-11.0.5.jar%23128!/:?]
	at MC-BOOTSTRAP/cpw.mods.modlauncher@11.0.5/cpw.mods.modlauncher.BootstrapLaunchConsumer.accept(BootstrapLaunchConsumer.java:23) [modlauncher-11.0.5.jar%23128!/:?]
	at cpw.mods.bootstraplauncher@2.0.2/cpw.mods.bootstraplauncher.BootstrapLauncher.run(BootstrapLauncher.java:210) [bootstraplauncher-2.0.2.jar:?]
	at cpw.mods.bootstraplauncher@2.0.2/cpw.mods.bootstraplauncher.BootstrapLauncher.main(BootstrapLauncher.java:69) [bootstraplauncher-2.0.2.jar:?]
	at java.base/jdk.internal.reflect.DirectMethodHandleAccessor.invoke(DirectMethodHandleAccessor.java:103) ~[?:?]
	at java.base/java.lang.reflect.Method.invoke(Method.java:580) ~[?:?]
	at net.neoforged.devlaunch.Main.main(Main.java:57) [DevLaunch-1.0.2.jar:?]
[08set.2026 23:20:54.287] [Server thread/INFO] [net.minecraft.client.server.IntegratedServer/]: Saving and pausing game...
[08set.2026 23:20:54.293] [Server thread/INFO] [net.minecraft.server.MinecraftServer/]: Saving chunks for level 'ServerLevel[New World]'/minecraft:overworld
[08set.2026 23:20:54.304] [Server thread/INFO] [net.minecraft.server.MinecraftServer/]: Saving chunks for level 'ServerLevel[New World]'/minecraft:the_end
[08set.2026 23:20:54.305] [Server thread/INFO] [net.minecraft.server.MinecraftServer/]: Saving chunks for level 'ServerLevel[New World]'/minecraft:the_nether
[08set.2026 23:21:04.486] [Server thread/INFO] [net.minecraft.client.server.IntegratedServer/]: Saving and pausing game...
[08set.2026 23:21:04.493] [Server thread/INFO] [net.minecraft.server.MinecraftServer/]: Saving chunks for level 'ServerLevel[New World]'/minecraft:overworld
[08set.2026 23:21:04.500] [Server thread/INFO] [net.minecraft.server.MinecraftServer/]: Saving chunks for level 'ServerLevel[New World]'/minecraft:the_end
[08set.2026 23:21:04.500] [Server thread/INFO] [net.minecraft.server.MinecraftServer/]: Saving chunks for level 'ServerLevel[New World]'/minecraft:the_nether
[08set.2026 23:21:08.386] [Server thread/INFO] [net.minecraft.client.server.IntegratedServer/]: Saving and pausing game...
[08set.2026 23:21:08.394] [Server thread/INFO] [net.minecraft.server.MinecraftServer/]: Saving chunks for level 'ServerLevel[New World]'/minecraft:overworld
[08set.2026 23:21:08.401] [Server thread/INFO] [net.minecraft.server.MinecraftServer/]: Saving chunks for level 'ServerLevel[New World]'/minecraft:the_end
[08set.2026 23:21:08.401] [Server thread/INFO] [net.minecraft.server.MinecraftServer/]: Saving chunks for level 'ServerLevel[New World]'/minecraft:the_nether
[08set.2026 23:21:12.536] [Server thread/INFO] [net.minecraft.client.server.IntegratedServer/]: Saving and pausing game...
[08set.2026 23:21:12.546] [Server thread/INFO] [net.minecraft.server.MinecraftServer/]: Saving chunks for level 'ServerLevel[New World]'/minecraft:overworld
[08set.2026 23:21:12.551] [Server thread/INFO] [net.minecraft.server.MinecraftServer/]: Saving chunks for level 'ServerLevel[New World]'/minecraft:the_end
[08set.2026 23:21:12.551] [Server thread/INFO] [net.minecraft.server.MinecraftServer/]: Saving chunks for level 'ServerLevel[New World]'/minecraft:the_nether
[08set.2026 23:22:08.639] [Server thread/INFO] [net.minecraft.client.server.IntegratedServer/]: Saving and pausing game...
[08set.2026 23:22:08.650] [Server thread/INFO] [net.minecraft.server.MinecraftServer/]: Saving chunks for level 'ServerLevel[New World]'/minecraft:overworld
[08set.2026 23:22:08.657] [Server thread/INFO] [net.minecraft.server.MinecraftServer/]: Saving chunks for level 'ServerLevel[New World]'/minecraft:the_end
[08set.2026 23:22:08.657] [Server thread/INFO] [net.minecraft.server.MinecraftServer/]: Saving chunks for level 'ServerLevel[New World]'/minecraft:the_nether
[08set.2026 23:22:09.349] [Server thread/INFO] [net.minecraft.server.network.ServerGamePacketListenerImpl/]: Dev lost connection: Disconnected
[08set.2026 23:22:09.349] [Server thread/INFO] [net.minecraft.server.MinecraftServer/]: Dev left the game
[08set.2026 23:22:09.363] [Server thread/INFO] [net.minecraft.server.network.ServerCommonPacketListenerImpl/]: Stopping singleplayer server as player logged out
[08set.2026 23:22:09.400] [Server thread/INFO] [net.minecraft.server.MinecraftServer/]: Stopping server
[08set.2026 23:22:09.400] [Server thread/INFO] [net.minecraft.server.MinecraftServer/]: Saving players
[08set.2026 23:22:09.400] [Server thread/INFO] [net.minecraft.server.MinecraftServer/]: Saving worlds
[08set.2026 23:22:09.906] [Server thread/INFO] [net.minecraft.server.MinecraftServer/]: Saving chunks for level 'ServerLevel[New World]'/minecraft:overworld
[08set.2026 23:22:10.905] [Server thread/INFO] [net.minecraft.server.MinecraftServer/]: Saving chunks for level 'ServerLevel[New World]'/minecraft:the_end
[08set.2026 23:22:10.917] [Server thread/INFO] [net.minecraft.server.MinecraftServer/]: Saving chunks for level 'ServerLevel[New World]'/minecraft:the_nether
[08set.2026 23:22:10.933] [Server thread/INFO] [net.minecraft.server.MinecraftServer/]: ThreadedAnvilChunkStorage (New World (9)): All chunks are saved
[08set.2026 23:22:10.933] [Server thread/INFO] [net.minecraft.server.MinecraftServer/]: ThreadedAnvilChunkStorage (DIM1): All chunks are saved
[08set.2026 23:22:10.933] [Server thread/INFO] [net.minecraft.server.MinecraftServer/]: ThreadedAnvilChunkStorage (DIM-1): All chunks are saved
[08set.2026 23:22:10.933] [Server thread/INFO] [net.minecraft.server.MinecraftServer/]: ThreadedAnvilChunkStorage: All dimensions are saved
[08set.2026 23:22:12.250] [Render thread/INFO] [team.lodestar.lodestone.LodestoneLib/]: Shutting down Lodestone
[08set.2026 23:22:12.256] [Render thread/INFO] [net.minecraft.client.Minecraft/]: Stopping!
[08set.2026 23:22:12.276] [Render thread/INFO] [team.lodestar.lodestone.LodestoneLib/]: Closed geometry program: lodestone:nineslice/nine_slice
[08set.2026 23:22:12.276] [Render thread/INFO] [team.lodestar.lodestone.LodestoneLib/]: Closed geometry program: lodestone:nineslice/distorted/distorted_nine_slice_texture
